-- phpMyAdmin SQL Dump
-- version 4.1.4
-- http://www.phpmyadmin.net
--
-- Host: localhost
-- Generation Time: 2016-04-19 18:58:27
-- 服务器版本： 5.5.44-0ubuntu0.12.04.1
-- PHP Version: 5.3.10-1ubuntu3.19

SET SQL_MODE = "NO_AUTO_VALUE_ON_ZERO";
SET time_zone = "+00:00";


/*!40101 SET @OLD_CHARACTER_SET_CLIENT=@@CHARACTER_SET_CLIENT */;
/*!40101 SET @OLD_CHARACTER_SET_RESULTS=@@CHARACTER_SET_RESULTS */;
/*!40101 SET @OLD_COLLATION_CONNECTION=@@COLLATION_CONNECTION */;
/*!40101 SET NAMES utf8 */;

--
-- Database: `xingshui`
--

-- --------------------------------------------------------

--
-- 表的结构 `activity`
--

CREATE TABLE IF NOT EXISTS `activity` (
  `id` int(10) unsigned NOT NULL AUTO_INCREMENT COMMENT '活动ID',
  `cid` int(7) NOT NULL COMMENT '公司ID',
  `name` varchar(255) NOT NULL COMMENT '活动名',
  `start_time` int(11) NOT NULL COMMENT '活动开始时间',
  `end_time` int(11) NOT NULL COMMENT '活动结束时间',
  `type` tinyint(1) NOT NULL COMMENT '参加活动的优惠方式 1买就送 2限时抢购 3品牌活动',
  `activity_brand_id` int(10) NOT NULL DEFAULT '0' COMMENT '品牌活动关联ID',
  `receiving_num` int(2) NOT NULL COMMENT '用户限领次数/买',
  `free_num` int(3) NOT NULL COMMENT '用户限领数量/送',
  `description` varchar(255) NOT NULL COMMENT '活动描述',
  `order` tinyint(3) NOT NULL DEFAULT '0' COMMENT '排序',
  `create_time` int(10) NOT NULL COMMENT '创建时间',
  `is_del` tinyint(1) NOT NULL DEFAULT '0' COMMENT '删除   0否  1是',
  `update_time` timestamp NOT NULL DEFAULT CURRENT_TIMESTAMP ON UPDATE CURRENT_TIMESTAMP COMMENT '更新时间',
  PRIMARY KEY (`id`)
) ENGINE=MyISAM  DEFAULT CHARSET=utf8 AUTO_INCREMENT=80 ;

--
-- 转存表中的数据 `activity`
--

INSERT INTO `activity` (`id`, `cid`, `name`, `start_time`, `end_time`, `type`, `activity_brand_id`, `receiving_num`, `free_num`, `description`, `order`, `create_time`, `is_del`, `update_time`) VALUES
(1, 0, '测试限时抢购', 1459699200, 1459872000, 2, 0, 0, 0, '测试限时抢购', 1, 1459774296, 1, '2016-04-11 10:00:03'),
(2, 0, '买A赠A', 1459699200, 1459872000, 1, 0, 3, 1, '买3A赠1A', 1, 1459775331, 1, '2016-04-11 09:57:31'),
(3, 65, '买A赠A', 1460304000, 1460390400, 1, 0, 3, 1, '买3A赠1A', 1, 1459775406, 1, '2016-04-11 10:07:46'),
(4, 0, '限时抢购0405', 1459785600, 1459872000, 2, 0, 0, 0, '1', 1, 1459843293, 1, '2016-04-11 10:00:01'),
(5, 0, '合格机构', 1459872000, 1461945600, 1, 0, 1, 1, '发个发货快', 1, 1459916142, 1, '2016-04-11 09:57:37'),
(6, 0, '的大幅度', 1459872000, 1460476800, 1, 0, 1, 1, '的点点滴滴', 1, 1459917139, 1, '2016-04-11 09:57:43'),
(7, 0, '发打发斯蒂芬', 1459872000, 1461945600, 1, 0, 1, 1, '防守打法', 1, 1459925667, 1, '2016-04-11 09:57:46'),
(8, 0, 'test', 1459958400, 1460044800, 2, 0, 0, 0, '1', 1, 1460013551, 1, '2016-04-11 09:59:59'),
(9, 0, '测试买就送', 1460131200, 1460217600, 1, 0, 2, 1, '买2A送1A', 1, 1460170855, 1, '2016-04-11 09:57:29'),
(10, 0, '品牌活动', 1460131200, 1460217600, 3, 19, 0, 0, '品牌活动测试', 1, 1460170941, 1, '2016-04-11 09:57:24'),
(11, 0, '1', 1460131200, 1461945600, 2, 0, 0, 0, '1', 1, 1460171610, 1, '2016-04-11 09:59:57'),
(12, 65, '测试抢购', 1460304000, 1460390400, 2, 0, 0, 0, '测试', 1, 1460365213, 1, '2016-04-11 10:06:38'),
(13, 65, '测试品牌', 1460304000, 1460390400, 3, 3, 0, 0, '1', 1, 1460368903, 1, '2016-04-12 09:24:38'),
(14, 65, '小八', 1460390400, 1460476800, 2, 0, 0, 0, '1', 1, 1460449803, 1, '2016-04-12 08:39:53'),
(15, 65, '2', 1460390400, 1460476800, 2, 0, 0, 0, '1', 1, 1460450477, 1, '2016-04-13 01:23:07'),
(16, 1, '测试抢购', 1460390400, 1460649600, 2, 0, 0, 0, '测试', 1, 1460458695, 1, '2016-04-14 11:00:48'),
(17, 65, '立减5元', 1460476800, 1460563200, 2, 0, 0, 0, '1', 1, 1460518074, 1, '2016-04-13 13:51:01'),
(18, 65, '买就送水饺', 1460476800, 1460563200, 1, 0, 3, 1, '买3送1', 1, 1460518088, 1, '2016-04-14 12:08:14'),
(19, 65, '测试一个活动11个商品', 1460476800, 1460649600, 2, 0, 0, 0, '删除有效期活动后商品列表里活动字段内容不消失', 1, 1460555339, 1, '2016-04-14 11:00:45'),
(20, 65, '买就送2', 1460476800, 1460563200, 1, 0, 4, 1, '2', 2, 1460556163, 1, '2016-04-14 12:08:11'),
(21, 65, '测试3', 1460476800, 1460563200, 1, 0, 5, 1, '1', 3, 1460556730, 1, '2016-04-14 12:08:08'),
(22, 65, '第4个', 1460476800, 1460563200, 1, 0, 1, 1, '1', 4, 1460556785, 1, '2016-04-14 11:51:33'),
(23, 65, '第五', 1460476800, 1460563200, 1, 0, 2, 1, '1', 5, 1460556812, 1, '2016-04-14 11:51:30'),
(24, 65, '第6', 1460476800, 1460563200, 1, 0, 3, 1, '1', 6, 1460556841, 1, '2016-04-14 11:51:28'),
(25, 65, 'no7', 1460476800, 1460563200, 1, 0, 6, 1, '2', 7, 1460556875, 1, '2016-04-14 11:51:25'),
(26, 65, 'di8', 1460476800, 1460563200, 1, 0, 7, 1, '1', 8, 1460556899, 1, '2016-04-14 11:51:23'),
(27, 65, '9个了', 1460476800, 1460563200, 1, 0, 8, 12, '1', 9, 1460556927, 1, '2016-04-14 11:51:20'),
(28, 65, '十全十美', 1460476800, 1460563200, 1, 0, 15, 1, '1', 10, 1460556958, 1, '2016-04-14 11:51:17'),
(29, 65, '光棍', 1460476800, 1460649600, 1, 0, 1, 2, '1', 1, 1460556981, 1, '2016-04-14 11:51:36'),
(30, 65, '伊利', 1460476800, 1460649600, 3, 4, 0, 0, '23', 2, 1460557598, 1, '2016-04-14 11:05:48'),
(31, 65, '和路雪', 1460476800, 1460649600, 3, 5, 0, 0, '1', 3, 1460557795, 1, '2016-04-14 11:05:45'),
(32, 65, '测试买就送活动搜索', 1460563200, 1461945600, 1, 0, 3, 1, '测试', 0, 1460612707, 1, '2016-04-14 11:51:38'),
(33, 65, '测试买就送3', 1460563200, 1461945600, 1, 0, 3, 1, '测试买就送', 0, 1460614908, 1, '2016-04-14 11:51:41'),
(34, 65, '测试商品数量', 1460563200, 1460649600, 2, 0, 0, 0, '1', 2, 1460631421, 1, '2016-04-14 11:00:42'),
(35, 65, '美登高', 1460563200, 1460649600, 3, 19, 0, 0, '1', 1, 1460632064, 1, '2016-04-14 11:51:48'),
(36, 65, '蓝1', 1460563200, 1460649600, 3, 12, 0, 0, '1', 1, 1460632107, 1, '2016-04-14 11:51:50'),
(37, 65, '雀巢', 1460563200, 1460649600, 3, 6, 0, 0, '1', 3, 1460632157, 1, '2016-04-14 11:51:45'),
(38, 65, '1', 1460563200, 1460736000, 2, 0, 0, 0, '1', 1, 1460633118, 1, '2016-04-14 11:51:54'),
(39, 65, '限时抢购', 1460563200, 1460736000, 2, 0, 0, 0, ' *', 0, 1460633431, 1, '2016-04-14 11:31:02'),
(40, 65, '限时抢购', 1460563200, 1460649600, 2, 0, 0, 0, '   ', 0, 1460633808, 1, '2016-04-14 11:49:29'),
(41, 65, '1', 1460563200, 1460649600, 2, 0, 0, 0, 'q', 1, 1460634860, 1, '2016-04-18 03:35:39'),
(42, 65, '2', 1460563200, 1460649600, 2, 0, 0, 0, '2', 2, 1460635035, 1, '2016-04-18 03:35:41'),
(43, 65, '3', 1460563200, 1460649600, 2, 0, 0, 0, '3', 3, 1460635084, 1, '2016-04-18 03:35:43'),
(44, 65, '4', 1460563200, 1460649600, 2, 0, 0, 0, '4', 4, 1460635220, 1, '2016-04-18 03:35:44'),
(45, 65, '5', 1460649600, 1460736000, 2, 0, 0, 0, '5', 5, 1460635305, 1, '2016-04-18 03:35:46'),
(46, 65, '测试八', 1460649600, 1460736000, 1, 0, 1, 1, '1', 1, 1460635709, 1, '2016-04-18 03:35:57'),
(47, 65, '测试七', 1460649600, 1460736000, 1, 0, 1, 1, '1', 2, 1460709169, 1, '2016-04-18 03:35:59'),
(48, 65, '测试六', 1460649600, 1460822400, 1, 0, 5, 1, '1', 3, 1460710154, 1, '2016-04-18 03:36:00'),
(49, 65, '测试五', 1460649600, 1460822400, 1, 0, 3, 1, '测试', 0, 1460710232, 1, '2016-04-18 03:36:01'),
(50, 65, '测试一', 1460649600, 1460822400, 2, 0, 0, 0, '测试一', 0, 1460711750, 1, '2016-04-18 03:35:47'),
(51, 65, '测试一', 1460649600, 1460822400, 1, 0, 1, 1, '测试一', 0, 1460711965, 1, '2016-04-18 03:36:09'),
(52, 65, '测试二', 1460649600, 1460822400, 1, 0, 1, 2, '测试二', 0, 1460712094, 1, '2016-04-18 03:36:07'),
(53, 65, '测试三', 1460649600, 1460822400, 1, 0, 1, 2, '测试三', 0, 1460712334, 1, '2016-04-18 03:36:03'),
(54, 65, '测试四', 1460649600, 1460822400, 1, 0, 2, 1, '测试四', 0, 1460712408, 1, '2016-04-18 03:35:52'),
(55, 65, '测试九', 1460649600, 1460822400, 1, 0, 6, 2, '测试八', 0, 1460712613, 1, '2016-04-18 03:35:56'),
(56, 65, '测试十', 1460649600, 1460822400, 1, 0, 3, 1, '测试十', 0, 1460712676, 1, '2016-04-18 03:35:55'),
(57, 65, '测试十一', 1460649600, 1460822400, 1, 0, 10, 3, '测试十一', 0, 1460712743, 1, '2016-04-18 03:35:54'),
(58, 65, '和路雪', 1460649600, 1460822400, 3, 5, 0, 0, '和路雪', 0, 1460712841, 1, '2016-04-18 03:36:13'),
(59, 65, '0418买赠', 1460908800, 1460995200, 1, 0, 1, 1, '1', 1, 1460944681, 0, '2016-04-18 01:58:01'),
(60, 65, '0418限时抢购1', 1460908800, 1460995200, 2, 0, 0, 0, '1', 1, 1460950120, 1, '2016-04-19 02:26:10'),
(61, 65, '0418限时抢购2', 1460908800, 1460995200, 2, 0, 0, 0, '2', 2, 1460950145, 1, '2016-04-19 02:26:14'),
(62, 65, '0418限时抢购3', 1460908800, 1460995200, 2, 0, 0, 0, '3', 3, 1460950171, 1, '2016-04-19 02:26:16'),
(63, 65, '0418买赠2', 1460908800, 1460995200, 1, 0, 1, 1, '2', 2, 1460950193, 0, '2016-04-18 03:29:53'),
(64, 65, '0418买赠3', 1460908800, 1460995200, 1, 0, 1, 1, '3', 3, 1460950222, 0, '2016-04-18 03:30:22'),
(65, 65, '0418买赠4', 1460908800, 1460995200, 1, 0, 1, 1, '1', 4, 1460950242, 0, '2016-04-18 03:30:42'),
(66, 65, '0418买赠5', 1460908800, 1460995200, 1, 0, 1, 1, '5', 5, 1460950262, 0, '2016-04-18 03:31:02'),
(67, 65, '0418买赠6', 1460908800, 1460995200, 1, 0, 1, 1, '6', 6, 1460950284, 0, '2016-04-18 03:31:24'),
(68, 65, '0418买赠7', 1460908800, 1460995200, 1, 0, 1, 1, '7', 7, 1460950305, 0, '2016-04-18 03:31:45'),
(69, 65, '0418买赠8', 1460908800, 1460995200, 1, 0, 1, 1, '8', 8, 1460950326, 0, '2016-04-18 03:32:06'),
(70, 65, '0418买赠9', 1460908800, 1460995200, 1, 0, 1, 1, '9', 9, 1460950349, 0, '2016-04-18 03:32:29'),
(71, 65, '0418买赠10', 1460908800, 1460995200, 1, 0, 1, 1, '10', 10, 1460950371, 0, '2016-04-18 03:32:51'),
(72, 65, '0418买赠11', 1460908800, 1460995200, 1, 0, 1, 1, '11', 11, 1460950390, 0, '2016-04-18 03:33:10'),
(73, 65, '伊利', 1460908800, 1460995200, 3, 4, 0, 0, '1', 1, 1460950412, 1, '2016-04-19 07:28:53'),
(74, 65, '蒙牛', 1460563200, 1460995200, 3, 3, 0, 0, '2', 2, 1460950433, 1, '2016-04-19 10:17:36'),
(75, 65, '限时抢购', 1460995200, 1461081600, 2, 0, 0, 0, '1', 1, 1461032822, 0, '2016-04-19 02:27:02'),
(76, 65, '限时抢购', 1460995200, 1461081600, 2, 0, 0, 0, '1', 1, 1461032825, 0, '2016-04-19 02:27:05'),
(77, 65, '1', 1460995200, 1461081600, 2, 0, 0, 0, '1', 1, 1461033369, 1, '2016-04-19 10:16:35'),
(78, 65, '2', 1460995200, 1461081600, 2, 0, 0, 0, '2', 2, 1461033629, 0, '2016-04-19 02:40:29'),
(79, 65, '测试详情页活动价', 1460822400, 1460908800, 2, 0, 0, 0, '1', 3, 1461033696, 0, '2016-04-19 07:53:19');

-- --------------------------------------------------------

--
-- 表的结构 `activity_gifts`
--

CREATE TABLE IF NOT EXISTS `activity_gifts` (
  `id` int(10) unsigned NOT NULL AUTO_INCREMENT,
  `activity_goods_id` int(10) NOT NULL COMMENT '活动商品ID',
  `goods_id` int(11) NOT NULL COMMENT '商品ID',
  `goods_num` tinyint(4) NOT NULL COMMENT '赠品数',
  PRIMARY KEY (`id`)
) ENGINE=InnoDB  DEFAULT CHARSET=utf8 COMMENT='活动赠品' AUTO_INCREMENT=43 ;

--
-- 转存表中的数据 `activity_gifts`
--

INSERT INTO `activity_gifts` (`id`, `activity_goods_id`, `goods_id`, `goods_num`) VALUES
(1, 3, 17, 0),
(2, 4, 27, 0),
(3, 6, 12, 0),
(4, 7, 13, 0),
(5, 8, 2, 0),
(6, 10, 29, 0),
(7, 16, 157, 0),
(8, 59, 35, 0),
(9, 72, 36, 0),
(10, 73, 36, 0),
(11, 74, 36, 0),
(12, 75, 39, 0),
(13, 76, 43, 0),
(14, 77, 43, 0),
(15, 78, 93, 0),
(16, 79, 71, 0),
(17, 80, 153, 0),
(18, 81, 39, 0),
(19, 137, 43, 0),
(20, 138, 35, 0),
(21, 357, 35, 0),
(22, 378, 305, 0),
(23, 379, 128, 0),
(24, 380, 95, 0),
(25, 399, 36, 0),
(26, 400, 270, 0),
(27, 401, 289, 0),
(28, 402, 173, 0),
(29, 403, 36, 0),
(30, 404, 96, 0),
(31, 405, 302, 0),
(32, 437, 80, 0),
(33, 453, 36, 0),
(34, 454, 43, 0),
(35, 455, 68, 0),
(36, 456, 65, 0),
(37, 457, 99, 0),
(38, 458, 99, 0),
(39, 459, 133, 0),
(40, 460, 201, 0),
(41, 461, 142, 0),
(42, 462, 36, 0);

-- --------------------------------------------------------

--
-- 表的结构 `activity_goods`
--

CREATE TABLE IF NOT EXISTS `activity_goods` (
  `id` int(10) unsigned NOT NULL AUTO_INCREMENT COMMENT '关联ID',
  `activity_id` int(8) NOT NULL COMMENT '活动ID',
  `goods_id` int(10) NOT NULL COMMENT '商品ID',
  `activity_price` decimal(10,2) NOT NULL DEFAULT '0.00' COMMENT '活动价格',
  `goods_num` int(10) NOT NULL COMMENT '活动商品库存',
  `number` tinyint(3) NOT NULL COMMENT '使用次数',
  PRIMARY KEY (`id`)
) ENGINE=InnoDB  DEFAULT CHARSET=utf8 AUTO_INCREMENT=502 ;

--
-- 转存表中的数据 `activity_goods`
--

INSERT INTO `activity_goods` (`id`, `activity_id`, `goods_id`, `activity_price`, `goods_num`, `number`) VALUES
(1, 1, 18, 0.01, 0, 0),
(2, 1, 24, 0.01, 0, 0),
(3, 2, 17, 0.00, 0, 0),
(5, 4, 16, 0.01, 0, 0),
(6, 5, 12, 0.00, 0, 0),
(7, 6, 2, 0.00, 0, 0),
(9, 8, 22, 0.02, 0, 0),
(10, 9, 29, 0.00, 0, 0),
(11, 10, 193, 0.01, 0, 0),
(12, 10, 209, 0.01, 0, 0),
(13, 10, 210, 0.01, 0, 0),
(16, 3, 77, 0.00, 0, 0),
(17, 12, 69, 100.00, 0, 0),
(18, 13, 78, 1.00, 0, 0),
(19, 13, 79, 1.00, 0, 0),
(20, 13, 80, 1.00, 0, 0),
(21, 13, 81, 1.00, 0, 0),
(22, 13, 82, 1.00, 0, 0),
(23, 13, 83, 1.00, 0, 0),
(24, 13, 84, 1.00, 0, 0),
(25, 13, 85, 1.00, 0, 0),
(26, 13, 86, 1.00, 0, 0),
(27, 13, 87, 1.00, 0, 0),
(28, 13, 88, 1.00, 0, 0),
(29, 13, 89, 1.00, 0, 0),
(30, 13, 90, 1.00, 0, 0),
(31, 13, 91, 1.00, 0, 0),
(32, 13, 92, 1.00, 0, 0),
(33, 13, 93, 1.00, 0, 0),
(34, 13, 94, 1.00, 0, 0),
(35, 13, 144, 1.00, 0, 0),
(36, 13, 146, 1.00, 0, 0),
(37, 13, 148, 1.00, 0, 0),
(38, 13, 150, 1.00, 0, 0),
(39, 13, 151, 1.00, 0, 0),
(40, 13, 152, 1.00, 0, 0),
(41, 13, 153, 1.00, 0, 0),
(42, 13, 154, 1.00, 0, 0),
(43, 13, 155, 1.00, 0, 0),
(44, 13, 156, 1.00, 0, 0),
(45, 13, 157, 1.00, 0, 0),
(46, 13, 158, 1.00, 0, 0),
(47, 13, 159, 1.00, 0, 0),
(48, 13, 207, 1.00, 0, 0),
(49, 13, 250, 1.00, 0, 0),
(51, 14, 69, 111.00, 0, 0),
(52, 14, 77, 111.00, 0, 0),
(55, 15, 77, 111.00, 0, 0),
(56, 15, 69, 123.00, 0, 0),
(57, 16, 136, 0.01, 0, 0),
(59, 18, 69, 0.00, 0, 0),
(60, 17, 85, 25.00, 0, 0),
(61, 19, 35, 0.01, 0, 0),
(62, 19, 43, 0.01, 0, 0),
(63, 19, 42, 0.01, 0, 0),
(64, 19, 44, 0.01, 0, 0),
(65, 19, 41, 0.01, 0, 0),
(66, 19, 40, 0.01, 0, 0),
(67, 19, 37, 0.01, 0, 0),
(68, 19, 36, 0.01, 0, 0),
(69, 19, 45, 0.01, 0, 0),
(70, 19, 46, 0.01, 0, 0),
(71, 19, 39, 0.01, 0, 0),
(72, 20, 47, 0.00, 0, 0),
(73, 21, 48, 0.00, 0, 0),
(74, 22, 49, 0.00, 0, 0),
(75, 23, 53, 0.00, 0, 0),
(76, 24, 56, 0.00, 0, 0),
(77, 25, 57, 0.00, 0, 0),
(78, 26, 87, 0.00, 0, 0),
(79, 27, 85, 0.00, 0, 0),
(80, 28, 164, 0.00, 0, 0),
(81, 29, 55, 0.00, 0, 0),
(82, 30, 76, 0.01, 0, 0),
(83, 30, 95, 0.01, 0, 0),
(84, 30, 96, 0.01, 0, 0),
(85, 30, 97, 0.01, 0, 0),
(86, 30, 98, 0.01, 0, 0),
(87, 30, 99, 0.01, 0, 0),
(88, 30, 100, 0.01, 0, 0),
(89, 30, 101, 0.01, 0, 0),
(90, 30, 102, 0.01, 0, 0),
(91, 30, 103, 0.01, 0, 0),
(92, 30, 104, 0.01, 0, 0),
(93, 30, 105, 0.01, 0, 0),
(94, 30, 106, 0.01, 0, 0),
(95, 30, 116, 0.01, 0, 0),
(96, 30, 117, 0.01, 0, 0),
(97, 30, 118, 0.01, 0, 0),
(98, 30, 125, 0.01, 0, 0),
(99, 30, 291, 0.01, 0, 0),
(100, 30, 292, 0.01, 0, 0),
(101, 30, 293, 0.01, 0, 0),
(102, 30, 294, 0.01, 0, 0),
(103, 30, 295, 0.01, 0, 0),
(104, 30, 296, 0.01, 0, 0),
(105, 30, 297, 0.01, 0, 0),
(106, 30, 298, 0.01, 0, 0),
(107, 30, 299, 0.01, 0, 0),
(108, 30, 300, 0.01, 0, 0),
(109, 31, 58, 0.01, 0, 0),
(110, 31, 59, 0.01, 0, 0),
(111, 31, 60, 0.01, 0, 0),
(112, 31, 61, 0.01, 0, 0),
(113, 31, 62, 0.01, 0, 0),
(114, 31, 63, 0.01, 0, 0),
(115, 31, 135, 0.01, 0, 0),
(116, 31, 137, 0.01, 0, 0),
(117, 31, 138, 0.01, 0, 0),
(118, 31, 139, 0.01, 0, 0),
(119, 31, 140, 0.01, 0, 0),
(120, 31, 141, 0.01, 0, 0),
(121, 31, 142, 0.01, 0, 0),
(122, 31, 220, 0.01, 0, 0),
(123, 31, 221, 0.01, 0, 0),
(124, 31, 222, 0.01, 0, 0),
(125, 31, 225, 0.01, 0, 0),
(126, 31, 226, 0.01, 0, 0),
(127, 31, 227, 0.01, 0, 0),
(128, 31, 228, 0.01, 0, 0),
(129, 31, 230, 0.01, 0, 0),
(130, 31, 232, 0.01, 0, 0),
(131, 31, 251, 0.01, 0, 0),
(132, 31, 252, 0.01, 0, 0),
(133, 31, 286, 0.01, 0, 0),
(134, 31, 287, 0.01, 0, 0),
(135, 31, 301, 0.01, 0, 0),
(136, 31, 303, 0.01, 0, 0),
(137, 32, 71, 0.00, 0, 0),
(138, 33, 72, 0.00, 0, 0),
(139, 34, 73, 0.01, 0, 0),
(140, 34, 74, 0.01, 0, 0),
(141, 34, 91, 0.01, 0, 0),
(142, 34, 92, 0.01, 0, 0),
(143, 34, 79, 0.01, 0, 0),
(144, 34, 80, 0.01, 0, 0),
(145, 34, 82, 0.01, 0, 0),
(146, 34, 84, 0.01, 0, 0),
(147, 34, 93, 0.01, 0, 0),
(148, 34, 90, 0.01, 0, 0),
(149, 34, 75, 0.01, 0, 0),
(150, 34, 83, 0.01, 0, 0),
(151, 35, 191, 0.01, 0, 0),
(152, 35, 192, 0.01, 0, 0),
(153, 35, 194, 0.01, 0, 0),
(154, 35, 195, 0.01, 0, 0),
(155, 35, 196, 0.01, 0, 0),
(156, 35, 197, 0.01, 0, 0),
(157, 35, 198, 0.01, 0, 0),
(158, 35, 200, 0.01, 0, 0),
(159, 35, 302, 0.01, 0, 0),
(160, 36, 51, 0.01, 0, 0),
(161, 36, 52, 0.01, 0, 0),
(162, 36, 54, 0.01, 0, 0),
(163, 36, 249, 0.01, 0, 0),
(164, 36, 256, 0.01, 0, 0),
(165, 36, 257, 0.01, 0, 0),
(166, 36, 258, 0.01, 0, 0),
(167, 36, 259, 0.01, 0, 0),
(168, 36, 260, 0.01, 0, 0),
(169, 36, 262, 0.01, 0, 0),
(170, 37, 70, 0.01, 0, 0),
(171, 37, 107, 0.01, 0, 0),
(172, 37, 108, 0.01, 0, 0),
(173, 37, 109, 0.01, 0, 0),
(174, 37, 110, 0.01, 0, 0),
(175, 37, 111, 0.01, 0, 0),
(176, 37, 112, 0.01, 0, 0),
(177, 37, 113, 0.01, 0, 0),
(178, 37, 114, 0.01, 0, 0),
(179, 37, 115, 0.01, 0, 0),
(180, 37, 201, 0.01, 0, 0),
(181, 37, 202, 0.01, 0, 0),
(182, 37, 203, 0.01, 0, 0),
(183, 37, 255, 0.01, 0, 0),
(184, 37, 278, 0.01, 0, 0),
(208, 39, 77, 0.01, 0, 0),
(209, 39, 78, 0.01, 0, 0),
(210, 39, 79, 0.01, 0, 0),
(211, 39, 94, 0.01, 0, 0),
(212, 39, 153, 0.01, 0, 0),
(213, 39, 154, 0.01, 0, 0),
(214, 39, 155, 0.01, 0, 0),
(215, 39, 156, 0.01, 0, 0),
(216, 39, 157, 0.01, 0, 0),
(217, 39, 158, 0.01, 0, 0),
(218, 39, 159, 0.01, 0, 0),
(219, 39, 76, 0.01, 0, 0),
(220, 39, 95, 0.01, 0, 0),
(221, 39, 96, 0.01, 0, 0),
(222, 39, 97, 0.01, 0, 0),
(223, 39, 98, 0.01, 0, 0),
(224, 39, 99, 0.01, 0, 0),
(225, 39, 100, 0.01, 0, 0),
(226, 39, 101, 0.01, 0, 0),
(227, 39, 102, 0.01, 0, 0),
(228, 39, 103, 0.01, 0, 0),
(229, 39, 104, 0.01, 0, 0),
(230, 39, 105, 0.01, 0, 0),
(231, 39, 106, 0.01, 0, 0),
(232, 39, 116, 0.01, 0, 0),
(233, 39, 117, 0.01, 0, 0),
(234, 39, 118, 0.01, 0, 0),
(235, 39, 125, 0.01, 0, 0),
(236, 39, 291, 0.01, 0, 0),
(237, 39, 292, 0.01, 0, 0),
(238, 39, 293, 0.01, 0, 0),
(239, 39, 294, 0.01, 0, 0),
(240, 39, 295, 0.01, 0, 0),
(241, 39, 296, 0.01, 0, 0),
(242, 39, 297, 0.01, 0, 0),
(243, 39, 298, 0.01, 0, 0),
(244, 39, 299, 0.01, 0, 0),
(245, 39, 300, 0.01, 0, 0),
(246, 40, 77, 0.01, 0, 0),
(247, 40, 78, 0.01, 0, 0),
(248, 40, 79, 0.01, 0, 0),
(249, 40, 94, 0.01, 0, 0),
(250, 40, 153, 0.01, 0, 0),
(251, 40, 154, 0.01, 0, 0),
(252, 40, 155, 0.01, 0, 0),
(253, 40, 156, 0.01, 0, 0),
(254, 40, 157, 0.01, 0, 0),
(255, 40, 158, 0.01, 0, 0),
(256, 40, 159, 0.01, 0, 0),
(257, 40, 76, 0.01, 0, 0),
(258, 40, 95, 0.01, 0, 0),
(259, 40, 96, 0.01, 0, 0),
(260, 40, 97, 0.01, 0, 0),
(261, 40, 98, 0.01, 0, 0),
(262, 40, 99, 0.01, 0, 0),
(263, 40, 100, 0.01, 0, 0),
(264, 40, 101, 0.01, 0, 0),
(265, 40, 102, 0.01, 0, 0),
(266, 40, 103, 0.01, 0, 0),
(267, 40, 104, 0.01, 0, 0),
(268, 40, 105, 0.01, 0, 0),
(269, 40, 106, 0.01, 0, 0),
(270, 40, 116, 0.01, 0, 0),
(271, 40, 117, 0.01, 0, 0),
(272, 40, 118, 0.01, 0, 0),
(273, 40, 125, 0.01, 0, 0),
(274, 40, 291, 0.01, 0, 0),
(275, 40, 292, 0.01, 0, 0),
(276, 40, 293, 0.01, 0, 0),
(277, 40, 294, 0.01, 0, 0),
(278, 40, 295, 0.01, 0, 0),
(279, 40, 296, 0.01, 0, 0),
(280, 40, 297, 0.01, 0, 0),
(281, 40, 298, 0.01, 0, 0),
(282, 40, 299, 0.01, 0, 0),
(283, 40, 300, 0.01, 0, 0),
(284, 38, 42, 1.00, 0, 0),
(285, 38, 75, 1.00, 0, 0),
(297, 41, 36, 9.00, 0, 0),
(298, 41, 37, 9.00, 0, 0),
(299, 41, 39, 9.00, 0, 0),
(300, 41, 40, 9.00, 0, 0),
(301, 41, 41, 9.00, 0, 0),
(302, 41, 42, 9.00, 0, 0),
(303, 41, 43, 9.00, 0, 0),
(304, 41, 44, 9.00, 0, 0),
(305, 41, 45, 9.00, 0, 0),
(306, 41, 46, 9.00, 0, 0),
(307, 42, 35, 3.00, 0, 0),
(308, 42, 49, 3.00, 0, 0),
(309, 42, 50, 3.00, 0, 0),
(310, 42, 51, 3.00, 0, 0),
(311, 42, 52, 3.00, 0, 0),
(312, 42, 53, 3.00, 0, 0),
(313, 42, 54, 3.00, 0, 0),
(314, 42, 55, 3.00, 0, 0),
(315, 42, 56, 3.00, 0, 0),
(316, 42, 57, 3.00, 0, 0),
(317, 43, 58, 4.00, 0, 0),
(318, 43, 59, 4.00, 0, 0),
(319, 43, 60, 4.00, 0, 0),
(320, 43, 61, 4.00, 0, 0),
(321, 43, 62, 4.00, 0, 0),
(322, 43, 63, 4.00, 0, 0),
(323, 43, 65, 4.00, 0, 0),
(324, 43, 66, 4.00, 0, 0),
(325, 43, 70, 4.00, 0, 0),
(326, 43, 71, 4.00, 0, 0),
(327, 44, 67, 4.00, 0, 0),
(328, 44, 68, 4.00, 0, 0),
(329, 44, 72, 4.00, 0, 0),
(330, 44, 73, 4.00, 0, 0),
(331, 44, 74, 4.00, 0, 0),
(332, 44, 75, 4.00, 0, 0),
(333, 44, 76, 4.00, 0, 0),
(334, 44, 77, 4.00, 0, 0),
(335, 44, 78, 4.00, 0, 0),
(336, 44, 79, 4.00, 0, 0),
(357, 46, 47, 0.00, 0, 0),
(358, 45, 80, 5.00, 0, 0),
(359, 45, 105, 5.00, 0, 0),
(360, 45, 106, 5.00, 0, 0),
(361, 45, 107, 5.00, 0, 0),
(362, 45, 109, 5.00, 0, 0),
(363, 45, 110, 5.00, 0, 0),
(364, 45, 81, 5.00, 0, 0),
(365, 45, 84, 5.00, 0, 0),
(366, 45, 88, 5.00, 0, 0),
(367, 45, 89, 5.00, 0, 0),
(368, 45, 94, 5.00, 0, 0),
(369, 45, 96, 5.00, 0, 0),
(370, 45, 97, 5.00, 0, 0),
(371, 45, 98, 5.00, 0, 0),
(372, 45, 99, 5.00, 0, 0),
(373, 45, 100, 5.00, 0, 0),
(374, 45, 101, 5.00, 0, 0),
(375, 45, 102, 5.00, 0, 0),
(376, 45, 103, 5.00, 0, 0),
(377, 45, 104, 5.00, 0, 0),
(378, 47, 306, 0.00, 0, 0),
(379, 48, 290, 0.00, 0, 0),
(380, 49, 117, 0.00, 0, 0),
(381, 50, 48, 30.00, 0, 0),
(382, 50, 83, 30.00, 0, 0),
(383, 50, 91, 30.00, 0, 0),
(384, 50, 92, 30.00, 0, 0),
(385, 50, 93, 30.00, 0, 0),
(386, 50, 95, 30.00, 0, 0),
(387, 50, 108, 30.00, 0, 0),
(388, 50, 111, 30.00, 0, 0),
(389, 50, 113, 30.00, 0, 0),
(390, 50, 115, 30.00, 0, 0),
(391, 50, 118, 30.00, 0, 0),
(392, 50, 120, 30.00, 0, 0),
(393, 50, 122, 30.00, 0, 0),
(394, 50, 126, 30.00, 0, 0),
(395, 50, 128, 30.00, 0, 0),
(396, 50, 130, 30.00, 0, 0),
(397, 50, 132, 30.00, 0, 0),
(398, 50, 134, 30.00, 0, 0),
(399, 51, 82, 0.00, 0, 0),
(400, 52, 112, 0.00, 0, 0),
(401, 53, 129, 0.00, 0, 0),
(402, 54, 125, 0.00, 0, 0),
(403, 55, 235, 0.00, 0, 0),
(404, 56, 159, 0.00, 0, 0),
(405, 57, 133, 0.00, 0, 0),
(419, 58, 135, 40.00, 0, 0),
(420, 58, 142, 40.00, 0, 0),
(421, 58, 286, 40.00, 0, 0),
(422, 58, 287, 40.00, 0, 0),
(423, 58, 137, 40.00, 0, 0),
(424, 58, 222, 40.00, 0, 0),
(425, 58, 225, 40.00, 0, 0),
(426, 58, 226, 40.00, 0, 0),
(427, 58, 227, 40.00, 0, 0),
(428, 58, 228, 40.00, 0, 0),
(429, 58, 230, 40.00, 0, 0),
(430, 58, 251, 40.00, 0, 0),
(431, 58, 303, 40.00, 0, 0),
(432, 58, 138, 30.00, 0, 0),
(433, 58, 139, 30.00, 0, 0),
(434, 58, 220, 30.00, 0, 0),
(435, 58, 221, 30.00, 0, 0),
(436, 58, 252, 30.00, 0, 0),
(437, 59, 90, 0.00, 0, 0),
(438, 60, 114, 10.00, 0, 0),
(439, 60, 116, 10.00, 0, 0),
(440, 60, 119, 10.00, 0, 0),
(441, 61, 121, 10.00, 0, 0),
(442, 61, 127, 10.00, 0, 0),
(443, 61, 131, 10.00, 0, 0),
(444, 61, 140, 10.00, 0, 0),
(445, 62, 141, 5.00, 0, 0),
(446, 62, 143, 5.00, 0, 0),
(447, 62, 144, 5.00, 0, 0),
(448, 62, 146, 5.00, 0, 0),
(449, 62, 148, 5.00, 0, 0),
(450, 62, 150, 5.00, 0, 0),
(451, 62, 151, 5.00, 0, 0),
(452, 62, 152, 5.00, 0, 0),
(453, 63, 153, 0.00, 0, 0),
(454, 64, 154, 0.00, 0, 0),
(455, 65, 155, 0.00, 0, 0),
(456, 66, 156, 0.00, 0, 0),
(457, 67, 157, 0.00, 0, 0),
(458, 68, 158, 0.00, 0, 0),
(459, 69, 161, 0.00, 0, 0),
(460, 70, 162, 0.00, 0, 0),
(461, 71, 163, 0.00, 0, 0),
(462, 72, 164, 0.00, 0, 0),
(463, 73, 291, 1.00, 0, 0),
(464, 73, 292, 1.00, 0, 0),
(465, 73, 293, 1.00, 0, 0),
(466, 73, 294, 1.00, 0, 0),
(467, 73, 295, 1.00, 0, 0),
(468, 73, 296, 1.00, 0, 0),
(469, 73, 297, 1.00, 0, 0),
(470, 73, 298, 1.00, 0, 0),
(471, 73, 299, 1.00, 0, 0),
(472, 73, 300, 1.00, 0, 0),
(475, 74, 207, 1.00, 0, 0),
(476, 74, 250, 1.00, 0, 0),
(477, 74, 77, 1.00, 0, 0),
(478, 74, 78, 1.00, 0, 0),
(479, 74, 79, 1.00, 0, 0),
(480, 74, 80, 1.00, 0, 0),
(481, 74, 81, 1.00, 0, 0),
(482, 74, 82, 1.00, 0, 0),
(483, 74, 83, 1.00, 0, 0),
(484, 74, 84, 1.00, 0, 0),
(485, 74, 88, 1.00, 0, 0),
(486, 74, 89, 1.00, 0, 0),
(487, 74, 91, 1.00, 0, 0),
(488, 74, 92, 1.00, 0, 0),
(489, 74, 93, 1.00, 0, 0),
(490, 74, 94, 1.00, 0, 0),
(491, 74, 159, 1.00, 0, 0),
(492, 75, 37, 99.00, 0, 0),
(493, 76, 37, 99.00, 0, 0),
(494, 77, 308, 999.00, 0, 0),
(495, 78, 309, 888.00, 0, 0),
(497, 79, 41, 15.00, 0, 0),
(498, 79, 35, 1.00, 0, 0),
(499, 79, 36, 1.00, 0, 0),
(500, 79, 39, 1.00, 0, 0),
(501, 79, 40, 1.00, 0, 0);

-- --------------------------------------------------------

--
-- 表的结构 `ad`
--

CREATE TABLE IF NOT EXISTS `ad` (
  `id` int(10) unsigned NOT NULL AUTO_INCREMENT COMMENT '广告ID',
  `cid` int(7) NOT NULL COMMENT '公司ID 0为全部',
  `name` varchar(255) NOT NULL COMMENT '广告专题名称',
  `sort` int(10) NOT NULL COMMENT '排序',
  `start_time` int(11) NOT NULL COMMENT '开始时间',
  `end_time` int(11) NOT NULL COMMENT '结束时间',
  `description` text COMMENT '活动描述',
  `image` char(32) DEFAULT NULL COMMENT '广告图',
  `bg_image` char(32) DEFAULT NULL COMMENT '背景图',
  `url` varchar(255) NOT NULL COMMENT '跳转路径',
  `type` tinyint(1) NOT NULL COMMENT '广告类型 1.url 2.商品',
  `location` tinyint(1) NOT NULL COMMENT '1.首页 2.限时 3.买就送 4.品牌',
  `create_time` int(10) NOT NULL COMMENT '创建时间',
  `is_del` tinyint(1) NOT NULL COMMENT '0否 1是',
  PRIMARY KEY (`id`)
) ENGINE=InnoDB  DEFAULT CHARSET=utf8 COMMENT='广告' AUTO_INCREMENT=15 ;

--
-- 转存表中的数据 `ad`
--

INSERT INTO `ad` (`id`, `cid`, `name`, `sort`, `start_time`, `end_time`, `description`, `image`, `bg_image`, `url`, `type`, `location`, `create_time`, `is_del`) VALUES
(1, 0, '光', 1, 1459872000, 1461945600, '轻轻去去去', NULL, 'c4dc5ff145dcff3a44044907921d0bd4', '', 2, 4, 1459922755, 1),
(2, 65, '0412test', 0, 1460390400, 1460476800, '', 'b5e43539f5e4510b9228038c62e5577e', 'c44907ad1f8719e5a9f702b3e651368c', '', 0, 1, 1460453267, 1),
(3, 65, '0412test2', 0, 1460390400, 1460476800, '', '5adb2db45b551122c4e5c273537a7e9b', 'b8a770eacdc89c6c683657c00f1b4a77', 'http://m.cnbeta.com/', 1, 2, 1460453435, 1),
(4, 65, '0412test3', 0, 1460390400, 1460476800, '', '4491e9fcc5eac7dec2943fca52c5a193', '600fc0b7a1b416acf090941fd089e2f5', '', 2, 3, 1460453476, 1),
(5, 0, 'test', 1, 1460476800, 1651248000, '', 'd96a4f62263c46ebfc89bab565e7986d', '1e6ba4ea4655350a6343c1d587819c83', '', 0, 1, 1460537456, 0),
(6, 65, '1', 1, 1460476800, 1460563200, '', 'bd0e207f43f375e7b69e18a0040dfc2c', 'b4054aa21ea9052336e3c94262814caa', '', 2, 1, 1460539109, 1),
(7, 65, '苏打水广告', 0, 1460476800, 1461945600, '', '335f0bd171d27ca39669edd41a823924', '314750d83a4d3eb691b3bf1abf56c08e', '', 1, 1, 1460543224, 1),
(8, 65, '元宵节', 0, 1460476800, 1461945600, '', 'b14a770ea9d0dd84e86a894837761fed', '5e47d7336f8df245f074bf101e5be3ff', '', 1, 1, 1460543495, 1),
(9, 65, '周', 0, 1460476800, 1461945600, '', '17aab7bb5179cd179296497f2b940213', 'e2f9b4095c9d277241f59402752097fc', '', 1, 1, 1460543753, 1),
(10, 65, '开抢', 1, 1460563200, 1464710400, '', '8b3ea88ae2108ea4872021c16c37a884', 'bd06fdabd7742c9ab511ad5d928f7fda', '', 0, 1, 1460714192, 0),
(11, 65, '买送', 2, 1460563200, 1464710400, '', '0fc04f57d63e44632bf35acf67258c2a', '874ffd76a8efd1883286815a3befc5f0', '', 0, 1, 1460714218, 0),
(12, 65, '开抢', 0, 1460563200, 1464710400, '', '3e1e6cf7f08b6a78c6c40d4f6148e70b', '71eebad957cc0f96ab319ca9200e5b02', '', 0, 2, 1460714250, 0),
(13, 65, '买送', 0, 1460563200, 1464710400, '', '90620a2d671da33c7d7e8d176b197a5d', '5e77302d36c41db692cc05b705c3f0d1', '', 0, 3, 1460714294, 0),
(14, 65, '首单', 4, 1460563200, 1464710400, '', 'fcc16e0bcf94fe88fac2829030a7e320', 'e93cc0e61807acd342c159fc3db66954', '', 0, 1, 1460714335, 0);

-- --------------------------------------------------------

--
-- 表的结构 `ad_goods`
--

CREATE TABLE IF NOT EXISTS `ad_goods` (
  `id` int(10) unsigned NOT NULL AUTO_INCREMENT COMMENT '编号ID',
  `ad_id` int(8) NOT NULL COMMENT '广告ID',
  `goods_id` int(10) NOT NULL COMMENT '商品ID',
  PRIMARY KEY (`id`)
) ENGINE=InnoDB  DEFAULT CHARSET=utf8 COMMENT='广告与商品关联表' AUTO_INCREMENT=15 ;

--
-- 转存表中的数据 `ad_goods`
--

INSERT INTO `ad_goods` (`id`, `ad_id`, `goods_id`) VALUES
(1, 1, 2),
(2, 2, 0),
(3, 3, 0),
(4, 4, 14),
(5, 5, 0),
(6, 6, 92),
(7, 7, 0),
(8, 8, 0),
(9, 9, 0),
(10, 10, 0),
(11, 11, 0),
(12, 12, 0),
(13, 13, 0),
(14, 14, 0);

-- --------------------------------------------------------

--
-- 表的结构 `apimss`
--

CREATE TABLE IF NOT EXISTS `apimss` (
  `id` int(10) NOT NULL AUTO_INCREMENT COMMENT '自增id',
  `phone` varchar(20) NOT NULL,
  `mss` int(10) NOT NULL,
  `updatetime` int(10) NOT NULL,
  PRIMARY KEY (`id`)
) ENGINE=InnoDB  DEFAULT CHARSET=utf8 COMMENT='短信表' AUTO_INCREMENT=13 ;

--
-- 转存表中的数据 `apimss`
--

INSERT INTO `apimss` (`id`, `phone`, `mss`, `updatetime`) VALUES
(1, '13811734626', 1997, 1460533531),
(2, '18811367132', 8404, 1460533833),
(3, '15101027601', 5325, 1460539525),
(4, '15122969059', 2725, 1460604799),
(5, '18310905370', 7586, 1460621986),
(6, '18310905370', 2019, 1460622136),
(7, '18310905370', 6582, 1460622265),
(8, '18310985370', 6874, 1460623159),
(9, '18611689150', 4854, 1460772787),
(10, '15025309652', 6022, 1461058611),
(11, '15025309652', 5399, 1461059391),
(12, '15025309652', 4719, 1461059497);

-- --------------------------------------------------------

--
-- 表的结构 `app_version`
--

CREATE TABLE IF NOT EXISTS `app_version` (
  `id` int(7) unsigned NOT NULL AUTO_INCREMENT,
  `name` varchar(32) NOT NULL COMMENT '版本号',
  `code` tinyint(3) unsigned NOT NULL COMMENT '版本更新序号',
  `hash` char(32) DEFAULT NULL COMMENT '更新地址',
  `details` varchar(255) NOT NULL COMMENT '版本更新备注',
  `create_time` int(10) NOT NULL COMMENT '创建时间',
  `update_time` int(10) DEFAULT NULL COMMENT '更新时间',
  PRIMARY KEY (`id`)
) ENGINE=MyISAM  DEFAULT CHARSET=utf8 AUTO_INCREMENT=10 ;

--
-- 转存表中的数据 `app_version`
--

INSERT INTO `app_version` (`id`, `name`, `code`, `hash`, `details`, `create_time`, `update_time`) VALUES
(9, '1.02', 3, '645d8eb79769902068fef40119e73c70', '测试版本更新bug', 1460979318, 1461031267);

-- --------------------------------------------------------

--
-- 表的结构 `brand`
--

CREATE TABLE IF NOT EXISTS `brand` (
  `id` int(8) unsigned NOT NULL AUTO_INCREMENT COMMENT '品牌ID',
  `name` varchar(60) NOT NULL COMMENT '品牌名称',
  `is_show` int(1) NOT NULL DEFAULT '1' COMMENT '是否显示 0:不显示  1:显示',
  `describe` varchar(255) NOT NULL COMMENT '描述',
  `order` tinyint(3) NOT NULL COMMENT '排序',
  `create_time` int(11) NOT NULL COMMENT '创建时间',
  PRIMARY KEY (`id`)
) ENGINE=MyISAM  DEFAULT CHARSET=utf8 COMMENT='品牌' AUTO_INCREMENT=23 ;

--
-- 转存表中的数据 `brand`
--

INSERT INTO `brand` (`id`, `name`, `is_show`, `describe`, `order`, `create_time`) VALUES
(4, '伊利', 1, '冰淇淋', 5, 1459324043),
(3, '蒙牛', 1, '冰淇淋', 6, 1459324028),
(5, '和路雪', 1, '冰淇淋', 3, 1459324056),
(6, '雀巢', 1, '冰淇淋', 2, 1459324081),
(7, '八喜', 1, '冰淇淋', 4, 1459324094),
(8, '三全', 1, '速冻食品', 1, 1459324129),
(9, '湾仔', 1, '速冻类', 7, 1459929446),
(11, '壹清', 1, '冰淇淋', 8, 1459930502),
(12, '蓝逸', 1, '冰淇淋', 9, 1459932950),
(13, '中街', 1, '冰淇淋', 10, 1459995554),
(14, '蓝宝石', 1, '冰淇淋', 1, 1460097849),
(15, '宏宝莱', 1, '冰淇淋', 0, 1460100864),
(16, '北岛', 1, '冰淇淋', 11, 1460119542),
(17, '礼拜天', 1, '冰淇淋', 12, 1460119776),
(18, '曼德妙', 1, '冰淇淋', 13, 1460120047),
(19, '美登高', 1, '冰淇淋', 14, 1460121105),
(20, '天冰', 1, ' 冰淇淋', 0, 1460178330),
(21, '欣华银', 1, ' 冰淇淋', 0, 1460178348),
(22, '马达尔', 1, ' 冰淇淋', 0, 1460178365);

-- --------------------------------------------------------

--
-- 表的结构 `city`
--

CREATE TABLE IF NOT EXISTS `city` (
  `id` int(11) NOT NULL AUTO_INCREMENT COMMENT '地址ID',
  `name` varchar(50) NOT NULL DEFAULT '' COMMENT '地区名字',
  `first_letter` varchar(10) DEFAULT NULL COMMENT '首字母',
  `description` varchar(100) DEFAULT NULL COMMENT '地区路径的cache地址',
  `parent_id` mediumint(8) unsigned NOT NULL DEFAULT '0' COMMENT '上级路径ID',
  `sort_num` smallint(5) unsigned NOT NULL DEFAULT '0' COMMENT '顺序',
  `create_time` timestamp NOT NULL DEFAULT CURRENT_TIMESTAMP COMMENT '创建时间|信息创建时间',
  `author` int(11) NOT NULL DEFAULT '0' COMMENT '维护人',
  PRIMARY KEY (`id`),
  KEY `idx_name` (`name`),
  KEY `parent_id_sort_num` (`parent_id`,`sort_num`)
) ENGINE=MyISAM  DEFAULT CHARSET=utf8 COMMENT='地区|地区数据管理' AUTO_INCREMENT=820702 ;

--
-- 转存表中的数据 `city`
--

INSERT INTO `city` (`id`, `name`, `first_letter`, `description`, `parent_id`, `sort_num`, `create_time`, `author`) VALUES
(11, '北京', NULL, '北京', 0, 1, '0000-00-00 00:00:00', 0),
(31, '上海', NULL, '上海', 0, 2, '0000-00-00 00:00:00', 0),
(44, '广东', NULL, '广东', 0, 3, '0000-00-00 00:00:00', 0),
(34, '安徽', NULL, '安徽', 0, 4, '0000-00-00 00:00:00', 0),
(50, '重庆', NULL, '重庆', 0, 5, '0000-00-00 00:00:00', 0),
(35, '福建', NULL, '福建', 0, 6, '0000-00-00 00:00:00', 0),
(46, '海南', NULL, '海南', 0, 7, '0000-00-00 00:00:00', 0),
(13, '河北', NULL, '河北', 0, 8, '0000-00-00 00:00:00', 0),
(41, '河南', NULL, '河南', 0, 9, '0000-00-00 00:00:00', 0),
(23, '黑龙江', NULL, '黑龙江', 0, 10, '0000-00-00 00:00:00', 0),
(42, '湖北', NULL, '湖北', 0, 11, '0000-00-00 00:00:00', 0),
(43, '湖南', NULL, '湖南', 0, 12, '0000-00-00 00:00:00', 0),
(62, '甘肃', NULL, '甘肃', 0, 13, '0000-00-00 00:00:00', 0),
(45, '广西', NULL, '广西', 0, 14, '0000-00-00 00:00:00', 0),
(52, '贵州', NULL, '贵州', 0, 15, '0000-00-00 00:00:00', 0),
(22, '吉林', NULL, '吉林', 0, 16, '0000-00-00 00:00:00', 0),
(36, '江西', NULL, '江西', 0, 17, '0000-00-00 00:00:00', 0),
(32, '江苏', NULL, '江苏', 0, 18, '0000-00-00 00:00:00', 0),
(21, '辽宁', NULL, '辽宁', 0, 19, '0000-00-00 00:00:00', 0),
(15, '内蒙古', NULL, '内蒙古', 0, 20, '0000-00-00 00:00:00', 0),
(64, '宁夏', NULL, '宁夏', 0, 21, '0000-00-00 00:00:00', 0),
(63, '青海', NULL, '青海', 0, 22, '0000-00-00 00:00:00', 0),
(37, '山东', NULL, '山东', 0, 23, '0000-00-00 00:00:00', 0),
(14, '山西', NULL, '山西', 0, 24, '0000-00-00 00:00:00', 0),
(61, '陕西', NULL, '陕西', 0, 25, '0000-00-00 00:00:00', 0),
(51, '四川', NULL, '四川', 0, 26, '0000-00-00 00:00:00', 0),
(12, '天津', NULL, '天津', 0, 27, '0000-00-00 00:00:00', 0),
(54, '西藏', NULL, '西藏', 0, 28, '0000-00-00 00:00:00', 0),
(65, '新疆', NULL, '新疆', 0, 29, '0000-00-00 00:00:00', 0),
(53, '云南', NULL, '云南', 0, 30, '0000-00-00 00:00:00', 0),
(33, '浙江', NULL, '浙江', 0, 31, '0000-00-00 00:00:00', 0),
(71, '台湾', NULL, '台湾', 0, 32, '0000-00-00 00:00:00', 0),
(81, '香港', NULL, '香港', 0, 33, '0000-00-00 00:00:00', 0),
(82, '澳门', NULL, '澳门', 0, 34, '0000-00-00 00:00:00', 0),
(1129, '延庆', NULL, '北京|延庆', 11, 18, '0000-00-00 00:00:00', 0),
(1128, '密云', NULL, '北京|密云', 11, 17, '0000-00-00 00:00:00', 0),
(1127, '怀柔', NULL, '北京|怀柔', 11, 16, '0000-00-00 00:00:00', 0),
(1126, '平谷', NULL, '北京|平谷', 11, 15, '0000-00-00 00:00:00', 0),
(1124, '大兴', NULL, '北京|大兴', 11, 14, '0000-00-00 00:00:00', 0),
(1121, '昌平', NULL, '北京|昌平', 11, 13, '0000-00-00 00:00:00', 0),
(1113, '顺义', NULL, '北京|顺义', 11, 12, '0000-00-00 00:00:00', 0),
(1112, '通州', NULL, '北京|通州', 11, 11, '0000-00-00 00:00:00', 0),
(1111, '房山', NULL, '北京|房山', 11, 10, '0000-00-00 00:00:00', 0),
(1109, '门头沟', NULL, '北京|门头沟', 11, 9, '0000-00-00 00:00:00', 0),
(1108, '海淀', NULL, '北京|海淀', 11, 8, '0000-00-00 00:00:00', 0),
(1107, '石景山', NULL, '北京|石景山', 11, 7, '0000-00-00 00:00:00', 0),
(1106, '丰台', NULL, '北京|丰台', 11, 6, '0000-00-00 00:00:00', 0),
(1105, '朝阳', NULL, '北京|朝阳', 11, 5, '0000-00-00 00:00:00', 0),
(1104, '宣武', NULL, '北京|宣武', 11, 4, '0000-00-00 00:00:00', 0),
(1103, '崇文', NULL, '北京|崇文', 11, 3, '0000-00-00 00:00:00', 0),
(1102, '西城', NULL, '北京|西城', 11, 2, '0000-00-00 00:00:00', 0),
(1101, '东城', NULL, '北京|东城', 11, 1, '0000-00-00 00:00:00', 0),
(1201, '和平', NULL, '天津|和平', 12, 1, '0000-00-00 00:00:00', 0),
(1202, '河东', NULL, '天津|河东', 12, 2, '0000-00-00 00:00:00', 0),
(1203, '河西', NULL, '天津|河西', 12, 3, '0000-00-00 00:00:00', 0),
(1204, '南开', NULL, '天津|南开', 12, 4, '0000-00-00 00:00:00', 0),
(1205, '河北', NULL, '天津|河北', 12, 5, '0000-00-00 00:00:00', 0),
(1206, '红桥', NULL, '天津|红桥', 12, 6, '0000-00-00 00:00:00', 0),
(1207, '滨海新区', NULL, '天津|滨海新区', 12, 7, '0000-00-00 00:00:00', 0),
(1210, '东丽', NULL, '天津|东丽', 12, 8, '0000-00-00 00:00:00', 0),
(1211, '西青', NULL, '天津|西青', 12, 9, '0000-00-00 00:00:00', 0),
(1212, '津南', NULL, '天津|津南', 12, 10, '0000-00-00 00:00:00', 0),
(1213, '北辰', NULL, '天津|北辰', 12, 11, '0000-00-00 00:00:00', 0),
(1221, '宁河', NULL, '天津|宁河', 12, 12, '0000-00-00 00:00:00', 0),
(1222, '武清', NULL, '天津|武清', 12, 13, '0000-00-00 00:00:00', 0),
(1223, '静海', NULL, '天津|静海', 12, 14, '0000-00-00 00:00:00', 0),
(1224, '宝坻', NULL, '天津|宝坻', 12, 15, '0000-00-00 00:00:00', 0),
(1225, '蓟县', NULL, '天津|蓟县', 12, 16, '0000-00-00 00:00:00', 0),
(1301, '石家庄', NULL, '河北|石家庄', 13, 1, '0000-00-00 00:00:00', 0),
(1302, '唐山', NULL, '河北|唐山', 13, 2, '0000-00-00 00:00:00', 0),
(1303, '秦皇岛', NULL, '河北|秦皇岛', 13, 3, '0000-00-00 00:00:00', 0),
(1304, '邯郸', NULL, '河北|邯郸', 13, 4, '0000-00-00 00:00:00', 0),
(1305, '邢台', NULL, '河北|邢台', 13, 5, '0000-00-00 00:00:00', 0),
(1306, '保定', NULL, '河北|保定', 13, 6, '0000-00-00 00:00:00', 0),
(1307, '张家口', NULL, '河北|张家口', 13, 7, '0000-00-00 00:00:00', 0),
(1308, '承德', NULL, '河北|承德', 13, 8, '0000-00-00 00:00:00', 0),
(1309, '沧州', NULL, '河北|沧州', 13, 9, '0000-00-00 00:00:00', 0),
(1310, '廊坊', NULL, '河北|廊坊', 13, 10, '0000-00-00 00:00:00', 0),
(1311, '衡水', NULL, '河北|衡水', 13, 11, '0000-00-00 00:00:00', 0),
(1401, '太原', NULL, '山西|太原', 14, 1, '0000-00-00 00:00:00', 0),
(1402, '大同', NULL, '山西|大同', 14, 2, '0000-00-00 00:00:00', 0),
(1403, '阳泉', NULL, '山西|阳泉', 14, 3, '0000-00-00 00:00:00', 0),
(1404, '长治', NULL, '山西|长治', 14, 4, '0000-00-00 00:00:00', 0),
(1405, '晋城', NULL, '山西|晋城', 14, 5, '0000-00-00 00:00:00', 0),
(1406, '朔州', NULL, '山西|朔州', 14, 6, '0000-00-00 00:00:00', 0),
(1407, '晋中', NULL, '山西|晋中', 14, 7, '0000-00-00 00:00:00', 0),
(1408, '运城', NULL, '山西|运城', 14, 8, '0000-00-00 00:00:00', 0),
(1409, '忻州', NULL, '山西|忻州', 14, 9, '0000-00-00 00:00:00', 0),
(1410, '临汾', NULL, '山西|临汾', 14, 10, '0000-00-00 00:00:00', 0),
(1411, '吕梁', NULL, '山西|吕梁', 14, 11, '0000-00-00 00:00:00', 0),
(1501, '呼和浩特', NULL, '内蒙古|呼和浩特', 15, 1, '0000-00-00 00:00:00', 0),
(1502, '包头', NULL, '内蒙古|包头', 15, 2, '0000-00-00 00:00:00', 0),
(1503, '乌海', NULL, '内蒙古|乌海', 15, 3, '0000-00-00 00:00:00', 0),
(1504, '赤峰', NULL, '内蒙古|赤峰', 15, 4, '0000-00-00 00:00:00', 0),
(1505, '通辽', NULL, '内蒙古|通辽', 15, 5, '0000-00-00 00:00:00', 0),
(1506, '鄂尔多斯', NULL, '内蒙古|鄂尔多斯', 15, 6, '0000-00-00 00:00:00', 0),
(1507, '呼伦贝尔', NULL, '内蒙古|呼伦贝尔', 15, 7, '0000-00-00 00:00:00', 0),
(1508, '巴彦淖尔', NULL, '内蒙古|巴彦淖尔', 15, 8, '0000-00-00 00:00:00', 0),
(1509, '乌兰察布', NULL, '内蒙古|乌兰察布', 15, 9, '0000-00-00 00:00:00', 0),
(1522, '兴安', NULL, '内蒙古|兴安', 15, 10, '0000-00-00 00:00:00', 0),
(1525, '锡林郭勒', NULL, '内蒙古|锡林郭勒', 15, 11, '0000-00-00 00:00:00', 0),
(1529, '阿拉善', NULL, '内蒙古|阿拉善', 15, 12, '0000-00-00 00:00:00', 0),
(2101, '沈阳', NULL, '辽宁|沈阳', 21, 1, '0000-00-00 00:00:00', 0),
(2102, '大连', NULL, '辽宁|大连', 21, 2, '0000-00-00 00:00:00', 0),
(2103, '鞍山', NULL, '辽宁|鞍山', 21, 3, '0000-00-00 00:00:00', 0),
(2104, '抚顺', NULL, '辽宁|抚顺', 21, 4, '0000-00-00 00:00:00', 0),
(2105, '本溪', NULL, '辽宁|本溪', 21, 5, '0000-00-00 00:00:00', 0),
(2106, '丹东', NULL, '辽宁|丹东', 21, 6, '0000-00-00 00:00:00', 0),
(2107, '锦州', NULL, '辽宁|锦州', 21, 7, '0000-00-00 00:00:00', 0),
(2108, '营口', NULL, '辽宁|营口', 21, 8, '0000-00-00 00:00:00', 0),
(2109, '阜新', NULL, '辽宁|阜新', 21, 9, '0000-00-00 00:00:00', 0),
(2110, '辽阳', NULL, '辽宁|辽阳', 21, 10, '0000-00-00 00:00:00', 0),
(2111, '盘锦', NULL, '辽宁|盘锦', 21, 11, '0000-00-00 00:00:00', 0),
(2112, '铁岭', NULL, '辽宁|铁岭', 21, 12, '0000-00-00 00:00:00', 0),
(2113, '朝阳', NULL, '辽宁|朝阳', 21, 13, '0000-00-00 00:00:00', 0),
(2114, '葫芦岛', NULL, '辽宁|葫芦岛', 21, 14, '0000-00-00 00:00:00', 0),
(2201, '长春', NULL, '吉林|长春', 22, 1, '0000-00-00 00:00:00', 0),
(2202, '吉林', NULL, '吉林|吉林', 22, 2, '0000-00-00 00:00:00', 0),
(2203, '四平', NULL, '吉林|四平', 22, 3, '0000-00-00 00:00:00', 0),
(2204, '辽源', NULL, '吉林|辽源', 22, 4, '0000-00-00 00:00:00', 0),
(2205, '通化', NULL, '吉林|通化', 22, 5, '0000-00-00 00:00:00', 0),
(2206, '白山', NULL, '吉林|白山', 22, 6, '0000-00-00 00:00:00', 0),
(2207, '松原', NULL, '吉林|松原', 22, 7, '0000-00-00 00:00:00', 0),
(2208, '白城', NULL, '吉林|白城', 22, 8, '0000-00-00 00:00:00', 0),
(2224, '延边', NULL, '吉林|延边', 22, 9, '0000-00-00 00:00:00', 0),
(2301, '哈尔滨', NULL, '黑龙江|哈尔滨', 23, 1, '0000-00-00 00:00:00', 0),
(2302, '齐齐哈尔', NULL, '黑龙江|齐齐哈尔', 23, 2, '0000-00-00 00:00:00', 0),
(2303, '鸡西', NULL, '黑龙江|鸡西', 23, 3, '0000-00-00 00:00:00', 0),
(2304, '鹤岗', NULL, '黑龙江|鹤岗', 23, 4, '0000-00-00 00:00:00', 0),
(2305, '双鸭山', NULL, '黑龙江|双鸭山', 23, 5, '0000-00-00 00:00:00', 0),
(2306, '大庆', NULL, '黑龙江|大庆', 23, 6, '0000-00-00 00:00:00', 0),
(2307, '伊春', NULL, '黑龙江|伊春', 23, 7, '0000-00-00 00:00:00', 0),
(2308, '佳木斯', NULL, '黑龙江|佳木斯', 23, 8, '0000-00-00 00:00:00', 0),
(2309, '七台河', NULL, '黑龙江|七台河', 23, 9, '0000-00-00 00:00:00', 0),
(2310, '牡丹江', NULL, '黑龙江|牡丹江', 23, 10, '0000-00-00 00:00:00', 0),
(2311, '黑河', NULL, '黑龙江|黑河', 23, 11, '0000-00-00 00:00:00', 0),
(2312, '绥化', NULL, '黑龙江|绥化', 23, 12, '0000-00-00 00:00:00', 0),
(2327, '大兴安岭', NULL, '黑龙江|大兴安岭', 23, 13, '0000-00-00 00:00:00', 0),
(3101, '黄浦', NULL, '上海|黄浦', 31, 1, '0000-00-00 00:00:00', 0),
(3103, '卢湾', NULL, '上海|卢湾', 31, 2, '0000-00-00 00:00:00', 0),
(3104, '徐汇', NULL, '上海|徐汇', 31, 3, '0000-00-00 00:00:00', 0),
(3105, '长宁', NULL, '上海|长宁', 31, 4, '0000-00-00 00:00:00', 0),
(3106, '静安', NULL, '上海|静安', 31, 5, '0000-00-00 00:00:00', 0),
(3107, '普陀', NULL, '上海|普陀', 31, 6, '0000-00-00 00:00:00', 0),
(3108, '闸北', NULL, '上海|闸北', 31, 7, '0000-00-00 00:00:00', 0),
(3109, '虹口', NULL, '上海|虹口', 31, 8, '0000-00-00 00:00:00', 0),
(3110, '杨浦', NULL, '上海|杨浦', 31, 9, '0000-00-00 00:00:00', 0),
(3112, '闵行', NULL, '上海|闵行', 31, 10, '0000-00-00 00:00:00', 0),
(3113, '宝山', NULL, '上海|宝山', 31, 11, '0000-00-00 00:00:00', 0),
(3114, '嘉定', NULL, '上海|嘉定', 31, 12, '0000-00-00 00:00:00', 0),
(3115, '浦东新区', NULL, '上海|浦东新区', 31, 13, '0000-00-00 00:00:00', 0),
(3116, '金山', NULL, '上海|金山', 31, 14, '0000-00-00 00:00:00', 0),
(3117, '松江', NULL, '上海|松江', 31, 15, '0000-00-00 00:00:00', 0),
(3126, '奉贤', NULL, '上海|奉贤', 31, 16, '0000-00-00 00:00:00', 0),
(3129, '青浦', NULL, '上海|青浦', 31, 17, '0000-00-00 00:00:00', 0),
(3130, '崇明', NULL, '上海|崇明', 31, 18, '0000-00-00 00:00:00', 0),
(3201, '南京', NULL, '江苏|南京', 32, 1, '0000-00-00 00:00:00', 0),
(3202, '无锡', NULL, '江苏|无锡', 32, 2, '0000-00-00 00:00:00', 0),
(3203, '徐州', NULL, '江苏|徐州', 32, 3, '0000-00-00 00:00:00', 0),
(3204, '常州', NULL, '江苏|常州', 32, 4, '0000-00-00 00:00:00', 0),
(3205, '苏州', NULL, '江苏|苏州', 32, 5, '0000-00-00 00:00:00', 0),
(3206, '南通', NULL, '江苏|南通', 32, 6, '0000-00-00 00:00:00', 0),
(3207, '连云港', NULL, '江苏|连云港', 32, 7, '0000-00-00 00:00:00', 0),
(3208, '淮安', NULL, '江苏|淮安', 32, 8, '0000-00-00 00:00:00', 0),
(3209, '盐城', NULL, '江苏|盐城', 32, 9, '0000-00-00 00:00:00', 0),
(3210, '扬州', NULL, '江苏|扬州', 32, 10, '0000-00-00 00:00:00', 0),
(3211, '镇江', NULL, '江苏|镇江', 32, 11, '0000-00-00 00:00:00', 0),
(3212, '泰州', NULL, '江苏|泰州', 32, 12, '0000-00-00 00:00:00', 0),
(3213, '宿迁', NULL, '江苏|宿迁', 32, 13, '0000-00-00 00:00:00', 0),
(3301, '杭州', NULL, '浙江|杭州', 33, 1, '0000-00-00 00:00:00', 0),
(3302, '宁波', NULL, '浙江|宁波', 33, 2, '0000-00-00 00:00:00', 0),
(3303, '温州', NULL, '浙江|温州', 33, 3, '0000-00-00 00:00:00', 0),
(3304, '嘉兴', NULL, '浙江|嘉兴', 33, 4, '0000-00-00 00:00:00', 0),
(3305, '湖州', NULL, '浙江|湖州', 33, 5, '0000-00-00 00:00:00', 0),
(3306, '绍兴', NULL, '浙江|绍兴', 33, 6, '0000-00-00 00:00:00', 0),
(3307, '金华', NULL, '浙江|金华', 33, 7, '0000-00-00 00:00:00', 0),
(3308, '衢州', NULL, '浙江|衢州', 33, 8, '0000-00-00 00:00:00', 0),
(3309, '舟山', NULL, '浙江|舟山', 33, 9, '0000-00-00 00:00:00', 0),
(3310, '台州', NULL, '浙江|台州', 33, 10, '0000-00-00 00:00:00', 0),
(3311, '丽水', NULL, '浙江|丽水', 33, 11, '0000-00-00 00:00:00', 0),
(3401, '合肥', NULL, '安徽|合肥', 34, 1, '0000-00-00 00:00:00', 0),
(3402, '芜湖', NULL, '安徽|芜湖', 34, 2, '0000-00-00 00:00:00', 0),
(3403, '蚌埠', NULL, '安徽|蚌埠', 34, 3, '0000-00-00 00:00:00', 0),
(3404, '淮南', NULL, '安徽|淮南', 34, 4, '0000-00-00 00:00:00', 0),
(3405, '马鞍山', NULL, '安徽|马鞍山', 34, 5, '0000-00-00 00:00:00', 0),
(3406, '淮北', NULL, '安徽|淮北', 34, 6, '0000-00-00 00:00:00', 0),
(3407, '铜陵', NULL, '安徽|铜陵', 34, 7, '0000-00-00 00:00:00', 0),
(3408, '安庆', NULL, '安徽|安庆', 34, 8, '0000-00-00 00:00:00', 0),
(3410, '黄山', NULL, '安徽|黄山', 34, 9, '0000-00-00 00:00:00', 0),
(3411, '滁州', NULL, '安徽|滁州', 34, 10, '0000-00-00 00:00:00', 0),
(3412, '阜阳', NULL, '安徽|阜阳', 34, 11, '0000-00-00 00:00:00', 0),
(3413, '宿州', NULL, '安徽|宿州', 34, 12, '0000-00-00 00:00:00', 0),
(3414, '巢湖', NULL, '安徽|巢湖', 34, 13, '0000-00-00 00:00:00', 0),
(3415, '六安', NULL, '安徽|六安', 34, 14, '0000-00-00 00:00:00', 0),
(3416, '亳州', NULL, '安徽|亳州', 34, 15, '0000-00-00 00:00:00', 0),
(3417, '池州', NULL, '安徽|池州', 34, 16, '0000-00-00 00:00:00', 0),
(3418, '宣城', NULL, '安徽|宣城', 34, 17, '0000-00-00 00:00:00', 0),
(3501, '福州', NULL, '福建|福州', 35, 1, '0000-00-00 00:00:00', 0),
(3502, '厦门', NULL, '福建|厦门', 35, 2, '0000-00-00 00:00:00', 0),
(3503, '莆田', NULL, '福建|莆田', 35, 3, '0000-00-00 00:00:00', 0),
(3504, '三明', NULL, '福建|三明', 35, 4, '0000-00-00 00:00:00', 0),
(3505, '泉州', NULL, '福建|泉州', 35, 5, '0000-00-00 00:00:00', 0),
(3506, '漳州', NULL, '福建|漳州', 35, 6, '0000-00-00 00:00:00', 0),
(3507, '南平', NULL, '福建|南平', 35, 7, '0000-00-00 00:00:00', 0),
(3508, '龙岩', NULL, '福建|龙岩', 35, 8, '0000-00-00 00:00:00', 0),
(3509, '宁德', NULL, '福建|宁德', 35, 9, '0000-00-00 00:00:00', 0),
(3601, '南昌', NULL, '江西|南昌', 36, 1, '0000-00-00 00:00:00', 0),
(3602, '景德镇', NULL, '江西|景德镇', 36, 2, '0000-00-00 00:00:00', 0),
(3603, '萍乡', NULL, '江西|萍乡', 36, 3, '0000-00-00 00:00:00', 0),
(3604, '九江', NULL, '江西|九江', 36, 4, '0000-00-00 00:00:00', 0),
(3605, '新余', NULL, '江西|新余', 36, 5, '0000-00-00 00:00:00', 0),
(3606, '鹰潭', NULL, '江西|鹰潭', 36, 6, '0000-00-00 00:00:00', 0),
(3607, '赣州', NULL, '江西|赣州', 36, 7, '0000-00-00 00:00:00', 0),
(3608, '吉安', NULL, '江西|吉安', 36, 8, '0000-00-00 00:00:00', 0),
(3609, '宜春', NULL, '江西|宜春', 36, 9, '0000-00-00 00:00:00', 0),
(3610, '抚州', NULL, '江西|抚州', 36, 10, '0000-00-00 00:00:00', 0),
(3611, '上饶', NULL, '江西|上饶', 36, 11, '0000-00-00 00:00:00', 0),
(3701, '济南', NULL, '山东|济南', 37, 1, '0000-00-00 00:00:00', 0),
(3702, '青岛', NULL, '山东|青岛', 37, 2, '0000-00-00 00:00:00', 0),
(3703, '淄博', NULL, '山东|淄博', 37, 3, '0000-00-00 00:00:00', 0),
(3704, '枣庄', NULL, '山东|枣庄', 37, 4, '0000-00-00 00:00:00', 0),
(3705, '东营', NULL, '山东|东营', 37, 5, '0000-00-00 00:00:00', 0),
(3706, '烟台', NULL, '山东|烟台', 37, 6, '0000-00-00 00:00:00', 0),
(3707, '潍坊', NULL, '山东|潍坊', 37, 7, '0000-00-00 00:00:00', 0),
(3708, '济宁', NULL, '山东|济宁', 37, 8, '0000-00-00 00:00:00', 0),
(3709, '泰安', NULL, '山东|泰安', 37, 9, '0000-00-00 00:00:00', 0),
(3710, '威海', NULL, '山东|威海', 37, 10, '0000-00-00 00:00:00', 0),
(3711, '日照', NULL, '山东|日照', 37, 11, '0000-00-00 00:00:00', 0),
(3712, '莱芜', NULL, '山东|莱芜', 37, 12, '0000-00-00 00:00:00', 0),
(3713, '临沂', NULL, '山东|临沂', 37, 13, '0000-00-00 00:00:00', 0),
(3714, '德州', NULL, '山东|德州', 37, 14, '0000-00-00 00:00:00', 0),
(3715, '聊城', NULL, '山东|聊城', 37, 15, '0000-00-00 00:00:00', 0),
(3716, '滨州', NULL, '山东|滨州', 37, 16, '0000-00-00 00:00:00', 0),
(3717, '菏泽', NULL, '山东|菏泽', 37, 17, '0000-00-00 00:00:00', 0),
(4101, '郑州', NULL, '河南|郑州', 41, 1, '0000-00-00 00:00:00', 0),
(4102, '开封', NULL, '河南|开封', 41, 2, '0000-00-00 00:00:00', 0),
(4103, '洛阳', NULL, '河南|洛阳', 41, 3, '0000-00-00 00:00:00', 0),
(4104, '平顶山', NULL, '河南|平顶山', 41, 4, '0000-00-00 00:00:00', 0),
(4105, '安阳', NULL, '河南|安阳', 41, 5, '0000-00-00 00:00:00', 0),
(4106, '鹤壁', NULL, '河南|鹤壁', 41, 6, '0000-00-00 00:00:00', 0),
(4107, '新乡', NULL, '河南|新乡', 41, 7, '0000-00-00 00:00:00', 0),
(4108, '焦作', NULL, '河南|焦作', 41, 8, '0000-00-00 00:00:00', 0),
(4109, '濮阳', NULL, '河南|濮阳', 41, 9, '0000-00-00 00:00:00', 0),
(4110, '许昌', NULL, '河南|许昌', 41, 10, '0000-00-00 00:00:00', 0),
(4111, '漯河', NULL, '河南|漯河', 41, 11, '0000-00-00 00:00:00', 0),
(4112, '三门峡', NULL, '河南|三门峡', 41, 12, '0000-00-00 00:00:00', 0),
(4113, '南阳', NULL, '河南|南阳', 41, 13, '0000-00-00 00:00:00', 0),
(4114, '商丘', NULL, '河南|商丘', 41, 14, '0000-00-00 00:00:00', 0),
(4115, '信阳', NULL, '河南|信阳', 41, 15, '0000-00-00 00:00:00', 0),
(4116, '周口', NULL, '河南|周口', 41, 16, '0000-00-00 00:00:00', 0),
(4117, '驻马店', NULL, '河南|驻马店', 41, 17, '0000-00-00 00:00:00', 0),
(4118, '济源', NULL, '河南|济源', 41, 18, '0000-00-00 00:00:00', 0),
(4201, '武汉', NULL, '湖北|武汉', 42, 1, '0000-00-00 00:00:00', 0),
(4202, '黄石', NULL, '湖北|黄石', 42, 2, '0000-00-00 00:00:00', 0),
(4203, '十堰', NULL, '湖北|十堰', 42, 3, '0000-00-00 00:00:00', 0),
(4205, '宜昌', NULL, '湖北|宜昌', 42, 4, '0000-00-00 00:00:00', 0),
(4206, '襄樊', NULL, '湖北|襄樊', 42, 5, '0000-00-00 00:00:00', 0),
(4207, '鄂州', NULL, '湖北|鄂州', 42, 6, '0000-00-00 00:00:00', 0),
(4208, '荆门', NULL, '湖北|荆门', 42, 7, '0000-00-00 00:00:00', 0),
(4209, '孝感', NULL, '湖北|孝感', 42, 8, '0000-00-00 00:00:00', 0),
(4210, '荆州', NULL, '湖北|荆州', 42, 9, '0000-00-00 00:00:00', 0),
(4211, '黄冈', NULL, '湖北|黄冈', 42, 10, '0000-00-00 00:00:00', 0),
(4212, '咸宁', NULL, '湖北|咸宁', 42, 11, '0000-00-00 00:00:00', 0),
(4213, '随州', NULL, '湖北|随州', 42, 12, '0000-00-00 00:00:00', 0),
(4228, '恩施', NULL, '湖北|恩施', 42, 13, '0000-00-00 00:00:00', 0),
(4229, '仙桃', NULL, '湖北|仙桃', 42, 14, '0000-00-00 00:00:00', 0),
(4230, '潜江', NULL, '湖北|潜江', 42, 15, '0000-00-00 00:00:00', 0),
(4231, '天门', NULL, '湖北|天门', 42, 16, '0000-00-00 00:00:00', 0),
(4232, '神农架', NULL, '湖北|神农架', 42, 17, '0000-00-00 00:00:00', 0),
(4301, '长沙', NULL, '湖南|长沙', 43, 1, '0000-00-00 00:00:00', 0),
(4302, '株洲', NULL, '湖南|株洲', 43, 2, '0000-00-00 00:00:00', 0),
(4303, '湘潭', NULL, '湖南|湘潭', 43, 3, '0000-00-00 00:00:00', 0),
(4304, '衡阳', NULL, '湖南|衡阳', 43, 4, '0000-00-00 00:00:00', 0),
(4305, '邵阳', NULL, '湖南|邵阳', 43, 5, '0000-00-00 00:00:00', 0),
(4306, '岳阳', NULL, '湖南|岳阳', 43, 6, '0000-00-00 00:00:00', 0),
(4307, '常德', NULL, '湖南|常德', 43, 7, '0000-00-00 00:00:00', 0),
(4308, '张家界', NULL, '湖南|张家界', 43, 8, '0000-00-00 00:00:00', 0),
(4309, '益阳', NULL, '湖南|益阳', 43, 9, '0000-00-00 00:00:00', 0),
(4310, '郴州', NULL, '湖南|郴州', 43, 10, '0000-00-00 00:00:00', 0),
(4311, '永州', NULL, '湖南|永州', 43, 11, '0000-00-00 00:00:00', 0),
(4312, '怀化', NULL, '湖南|怀化', 43, 12, '0000-00-00 00:00:00', 0),
(4313, '娄底', NULL, '湖南|娄底', 43, 13, '0000-00-00 00:00:00', 0),
(4331, '湘西', NULL, '湖南|湘西', 43, 14, '0000-00-00 00:00:00', 0),
(4401, '广州', NULL, '广东|广州', 44, 1, '0000-00-00 00:00:00', 0),
(4402, '韶关', NULL, '广东|韶关', 44, 2, '0000-00-00 00:00:00', 0),
(4403, '深圳', NULL, '广东|深圳', 44, 3, '0000-00-00 00:00:00', 0),
(4404, '珠海', NULL, '广东|珠海', 44, 4, '0000-00-00 00:00:00', 0),
(4405, '汕头', NULL, '广东|汕头', 44, 5, '0000-00-00 00:00:00', 0),
(4406, '佛山', NULL, '广东|佛山', 44, 6, '0000-00-00 00:00:00', 0),
(4407, '江门', NULL, '广东|江门', 44, 7, '0000-00-00 00:00:00', 0),
(4408, '湛江', NULL, '广东|湛江', 44, 8, '0000-00-00 00:00:00', 0),
(4409, '茂名', NULL, '广东|茂名', 44, 9, '0000-00-00 00:00:00', 0),
(4412, '肇庆', NULL, '广东|肇庆', 44, 10, '0000-00-00 00:00:00', 0),
(4413, '惠州', NULL, '广东|惠州', 44, 11, '0000-00-00 00:00:00', 0),
(4414, '梅州', NULL, '广东|梅州', 44, 12, '0000-00-00 00:00:00', 0),
(4415, '汕尾', NULL, '广东|汕尾', 44, 13, '0000-00-00 00:00:00', 0),
(4416, '河源', NULL, '广东|河源', 44, 14, '0000-00-00 00:00:00', 0),
(4417, '阳江', NULL, '广东|阳江', 44, 15, '0000-00-00 00:00:00', 0),
(4418, '清远', NULL, '广东|清远', 44, 16, '0000-00-00 00:00:00', 0),
(4419, '东莞', NULL, '广东|东莞', 44, 17, '0000-00-00 00:00:00', 0),
(4420, '中山', NULL, '广东|中山', 44, 18, '0000-00-00 00:00:00', 0),
(4451, '潮州', NULL, '广东|潮州', 44, 19, '0000-00-00 00:00:00', 0),
(4452, '揭阳', NULL, '广东|揭阳', 44, 20, '0000-00-00 00:00:00', 0),
(4453, '云浮', NULL, '广东|云浮', 44, 21, '0000-00-00 00:00:00', 0),
(4501, '南宁', NULL, '广西|南宁', 45, 1, '0000-00-00 00:00:00', 0),
(4502, '柳州', NULL, '广西|柳州', 45, 2, '0000-00-00 00:00:00', 0),
(4503, '桂林', NULL, '广西|桂林', 45, 3, '0000-00-00 00:00:00', 0),
(4504, '梧州', NULL, '广西|梧州', 45, 4, '0000-00-00 00:00:00', 0),
(4505, '北海', NULL, '广西|北海', 45, 5, '0000-00-00 00:00:00', 0),
(4506, '防城港', NULL, '广西|防城港', 45, 6, '0000-00-00 00:00:00', 0),
(4507, '钦州', NULL, '广西|钦州', 45, 7, '0000-00-00 00:00:00', 0),
(4508, '贵港', NULL, '广西|贵港', 45, 8, '0000-00-00 00:00:00', 0),
(4509, '玉林', NULL, '广西|玉林', 45, 9, '0000-00-00 00:00:00', 0),
(4510, '百色', NULL, '广西|百色', 45, 10, '0000-00-00 00:00:00', 0),
(4511, '贺州', NULL, '广西|贺州', 45, 11, '0000-00-00 00:00:00', 0),
(4512, '河池', NULL, '广西|河池', 45, 12, '0000-00-00 00:00:00', 0),
(4513, '来宾', NULL, '广西|来宾', 45, 13, '0000-00-00 00:00:00', 0),
(4514, '崇左', NULL, '广西|崇左', 45, 14, '0000-00-00 00:00:00', 0),
(4601, '海口', NULL, '海南|海口', 46, 1, '0000-00-00 00:00:00', 0),
(4602, '三亚', NULL, '海南|三亚', 46, 2, '0000-00-00 00:00:00', 0),
(4603, '五指山', NULL, '海南|五指山', 46, 3, '0000-00-00 00:00:00', 0),
(4604, '琼海', NULL, '海南|琼海', 46, 4, '0000-00-00 00:00:00', 0),
(4605, '儋州', NULL, '海南|儋州', 46, 5, '0000-00-00 00:00:00', 0),
(4606, '文昌', NULL, '海南|文昌', 46, 6, '0000-00-00 00:00:00', 0),
(4607, '万宁', NULL, '海南|万宁', 46, 7, '0000-00-00 00:00:00', 0),
(4608, '东方', NULL, '海南|东方', 46, 8, '0000-00-00 00:00:00', 0),
(5001, '万州', NULL, '重庆|万州', 50, 1, '0000-00-00 00:00:00', 0),
(5002, '涪陵', NULL, '重庆|涪陵', 50, 2, '0000-00-00 00:00:00', 0),
(5003, '渝中', NULL, '重庆|渝中', 50, 3, '0000-00-00 00:00:00', 0),
(5004, '大渡口', NULL, '重庆|大渡口', 50, 4, '0000-00-00 00:00:00', 0),
(5005, '江北', NULL, '重庆|江北', 50, 5, '0000-00-00 00:00:00', 0),
(5006, '沙坪坝', NULL, '重庆|沙坪坝', 50, 6, '0000-00-00 00:00:00', 0),
(5007, '九龙坡', NULL, '重庆|九龙坡', 50, 7, '0000-00-00 00:00:00', 0),
(5008, '南岸', NULL, '重庆|南岸', 50, 8, '0000-00-00 00:00:00', 0),
(5009, '北碚', NULL, '重庆|北碚', 50, 9, '0000-00-00 00:00:00', 0),
(5010, '万盛', NULL, '重庆|万盛', 50, 10, '0000-00-00 00:00:00', 0),
(5011, '双桥', NULL, '重庆|双桥', 50, 11, '0000-00-00 00:00:00', 0),
(5012, '渝北', NULL, '重庆|渝北', 50, 12, '0000-00-00 00:00:00', 0),
(5013, '巴南', NULL, '重庆|巴南', 50, 13, '0000-00-00 00:00:00', 0),
(5021, '长寿', NULL, '重庆|长寿', 50, 14, '0000-00-00 00:00:00', 0),
(5022, '綦江', NULL, '重庆|綦江', 50, 15, '0000-00-00 00:00:00', 0),
(5023, '潼南', NULL, '重庆|潼南', 50, 16, '0000-00-00 00:00:00', 0),
(5024, '铜梁', NULL, '重庆|铜梁', 50, 17, '0000-00-00 00:00:00', 0),
(5025, '大足', NULL, '重庆|大足', 50, 18, '0000-00-00 00:00:00', 0),
(5026, '荣昌', NULL, '重庆|荣昌', 50, 19, '0000-00-00 00:00:00', 0),
(5027, '璧山', NULL, '重庆|璧山', 50, 20, '0000-00-00 00:00:00', 0),
(5028, '梁平', NULL, '重庆|梁平', 50, 21, '0000-00-00 00:00:00', 0),
(5029, '城口', NULL, '重庆|城口', 50, 22, '0000-00-00 00:00:00', 0),
(5030, '丰都', NULL, '重庆|丰都', 50, 23, '0000-00-00 00:00:00', 0),
(5031, '垫江', NULL, '重庆|垫江', 50, 24, '0000-00-00 00:00:00', 0),
(5032, '武隆', NULL, '重庆|武隆', 50, 25, '0000-00-00 00:00:00', 0),
(5033, '忠县', NULL, '重庆|忠县', 50, 26, '0000-00-00 00:00:00', 0),
(5034, '开县', NULL, '重庆|开县', 50, 27, '0000-00-00 00:00:00', 0),
(5035, '云阳', NULL, '重庆|云阳', 50, 28, '0000-00-00 00:00:00', 0),
(5036, '奉节', NULL, '重庆|奉节', 50, 29, '0000-00-00 00:00:00', 0),
(5037, '巫山', NULL, '重庆|巫山', 50, 30, '0000-00-00 00:00:00', 0),
(5038, '巫溪', NULL, '重庆|巫溪', 50, 31, '0000-00-00 00:00:00', 0),
(5039, '黔江', NULL, '重庆|黔江', 50, 32, '0000-00-00 00:00:00', 0),
(5040, '石柱', NULL, '重庆|石柱', 50, 33, '0000-00-00 00:00:00', 0),
(5041, '秀山', NULL, '重庆|秀山', 50, 34, '0000-00-00 00:00:00', 0),
(5042, '酉阳', NULL, '重庆|酉阳', 50, 35, '0000-00-00 00:00:00', 0),
(5043, '彭水', NULL, '重庆|彭水', 50, 36, '0000-00-00 00:00:00', 0),
(5081, '江津', NULL, '重庆|江津', 50, 37, '0000-00-00 00:00:00', 0),
(5082, '合川', NULL, '重庆|合川', 50, 38, '0000-00-00 00:00:00', 0),
(5083, '永川', NULL, '重庆|永川', 50, 39, '0000-00-00 00:00:00', 0),
(5084, '南川', NULL, '重庆|南川', 50, 40, '0000-00-00 00:00:00', 0),
(5101, '成都', NULL, '四川|成都', 51, 1, '0000-00-00 00:00:00', 0),
(5103, '自贡', NULL, '四川|自贡', 51, 2, '0000-00-00 00:00:00', 0),
(5104, '攀枝花', NULL, '四川|攀枝花', 51, 3, '0000-00-00 00:00:00', 0),
(5105, '泸州', NULL, '四川|泸州', 51, 4, '0000-00-00 00:00:00', 0),
(5106, '德阳', NULL, '四川|德阳', 51, 5, '0000-00-00 00:00:00', 0),
(5107, '绵阳', NULL, '四川|绵阳', 51, 6, '0000-00-00 00:00:00', 0),
(5108, '广元', NULL, '四川|广元', 51, 7, '0000-00-00 00:00:00', 0),
(5109, '遂宁', NULL, '四川|遂宁', 51, 8, '0000-00-00 00:00:00', 0),
(5110, '内江', NULL, '四川|内江', 51, 9, '0000-00-00 00:00:00', 0),
(5111, '乐山', NULL, '四川|乐山', 51, 10, '0000-00-00 00:00:00', 0),
(5113, '南充', NULL, '四川|南充', 51, 11, '0000-00-00 00:00:00', 0),
(5114, '眉山', NULL, '四川|眉山', 51, 12, '0000-00-00 00:00:00', 0),
(5115, '宜宾', NULL, '四川|宜宾', 51, 13, '0000-00-00 00:00:00', 0),
(5116, '广安', NULL, '四川|广安', 51, 14, '0000-00-00 00:00:00', 0),
(5117, '达州', NULL, '四川|达州', 51, 15, '0000-00-00 00:00:00', 0),
(5118, '雅安', NULL, '四川|雅安', 51, 16, '0000-00-00 00:00:00', 0),
(5119, '巴中', NULL, '四川|巴中', 51, 17, '0000-00-00 00:00:00', 0),
(5120, '资阳', NULL, '四川|资阳', 51, 18, '0000-00-00 00:00:00', 0),
(5132, '阿坝', NULL, '四川|阿坝', 51, 19, '0000-00-00 00:00:00', 0),
(5133, '甘孜', NULL, '四川|甘孜', 51, 20, '0000-00-00 00:00:00', 0),
(5134, '凉山', NULL, '四川|凉山', 51, 21, '0000-00-00 00:00:00', 0),
(5201, '贵阳', NULL, '贵州|贵阳', 52, 1, '0000-00-00 00:00:00', 0),
(5202, '六盘水', NULL, '贵州|六盘水', 52, 2, '0000-00-00 00:00:00', 0),
(5203, '遵义', NULL, '贵州|遵义', 52, 3, '0000-00-00 00:00:00', 0),
(5204, '安顺', NULL, '贵州|安顺', 52, 4, '0000-00-00 00:00:00', 0),
(5222, '铜仁', NULL, '贵州|铜仁', 52, 5, '0000-00-00 00:00:00', 0),
(5223, '黔西南', NULL, '贵州|黔西南', 52, 6, '0000-00-00 00:00:00', 0),
(5224, '毕节', NULL, '贵州|毕节', 52, 7, '0000-00-00 00:00:00', 0),
(5226, '黔东南', NULL, '贵州|黔东南', 52, 8, '0000-00-00 00:00:00', 0),
(5227, '黔南', NULL, '贵州|黔南', 52, 9, '0000-00-00 00:00:00', 0),
(5301, '昆明', NULL, '云南|昆明', 53, 1, '0000-00-00 00:00:00', 0),
(5303, '曲靖', NULL, '云南|曲靖', 53, 2, '0000-00-00 00:00:00', 0),
(5304, '玉溪', NULL, '云南|玉溪', 53, 3, '0000-00-00 00:00:00', 0),
(5305, '保山', NULL, '云南|保山', 53, 4, '0000-00-00 00:00:00', 0),
(5306, '昭通', NULL, '云南|昭通', 53, 5, '0000-00-00 00:00:00', 0),
(5307, '丽江', NULL, '云南|丽江', 53, 6, '0000-00-00 00:00:00', 0),
(5308, '普洱', NULL, '云南|普洱', 53, 7, '0000-00-00 00:00:00', 0),
(5309, '临沧', NULL, '云南|临沧', 53, 8, '0000-00-00 00:00:00', 0),
(5323, '楚雄', NULL, '云南|楚雄', 53, 9, '0000-00-00 00:00:00', 0),
(5325, '红河', NULL, '云南|红河', 53, 10, '0000-00-00 00:00:00', 0),
(5326, '文山', NULL, '云南|文山', 53, 11, '0000-00-00 00:00:00', 0),
(5328, '西双版纳', NULL, '云南|西双版纳', 53, 12, '0000-00-00 00:00:00', 0),
(5329, '大理', NULL, '云南|大理', 53, 13, '0000-00-00 00:00:00', 0),
(5331, '德宏', NULL, '云南|德宏', 53, 14, '0000-00-00 00:00:00', 0),
(5333, '怒江傈', NULL, '云南|怒江傈', 53, 15, '0000-00-00 00:00:00', 0),
(5334, '迪庆', NULL, '云南|迪庆', 53, 16, '0000-00-00 00:00:00', 0),
(5401, '拉萨', NULL, '西藏|拉萨', 54, 1, '0000-00-00 00:00:00', 0),
(5421, '昌都', NULL, '西藏|昌都', 54, 2, '0000-00-00 00:00:00', 0),
(5422, '山南', NULL, '西藏|山南', 54, 3, '0000-00-00 00:00:00', 0),
(5423, '日喀则', NULL, '西藏|日喀则', 54, 4, '0000-00-00 00:00:00', 0),
(5424, '那曲', NULL, '西藏|那曲', 54, 5, '0000-00-00 00:00:00', 0),
(5425, '阿里', NULL, '西藏|阿里', 54, 6, '0000-00-00 00:00:00', 0),
(5426, '林芝', NULL, '西藏|林芝', 54, 7, '0000-00-00 00:00:00', 0),
(6101, '西安', NULL, '陕西|西安', 61, 1, '0000-00-00 00:00:00', 0),
(6102, '铜川', NULL, '陕西|铜川', 61, 2, '0000-00-00 00:00:00', 0),
(6103, '宝鸡', NULL, '陕西|宝鸡', 61, 3, '0000-00-00 00:00:00', 0),
(6104, '咸阳', NULL, '陕西|咸阳', 61, 4, '0000-00-00 00:00:00', 0),
(6105, '渭南', NULL, '陕西|渭南', 61, 5, '0000-00-00 00:00:00', 0),
(6106, '延安', NULL, '陕西|延安', 61, 6, '0000-00-00 00:00:00', 0),
(6107, '汉中', NULL, '陕西|汉中', 61, 7, '0000-00-00 00:00:00', 0),
(6108, '榆林', NULL, '陕西|榆林', 61, 8, '0000-00-00 00:00:00', 0),
(6109, '安康', NULL, '陕西|安康', 61, 9, '0000-00-00 00:00:00', 0),
(6110, '商洛', NULL, '陕西|商洛', 61, 10, '0000-00-00 00:00:00', 0),
(6201, '兰州', NULL, '甘肃|兰州', 62, 1, '0000-00-00 00:00:00', 0),
(6202, '嘉峪关', NULL, '甘肃|嘉峪关', 62, 2, '0000-00-00 00:00:00', 0),
(6203, '金昌', NULL, '甘肃|金昌', 62, 3, '0000-00-00 00:00:00', 0),
(6204, '白银', NULL, '甘肃|白银', 62, 4, '0000-00-00 00:00:00', 0),
(6205, '天水', NULL, '甘肃|天水', 62, 5, '0000-00-00 00:00:00', 0),
(6206, '武威', NULL, '甘肃|武威', 62, 6, '0000-00-00 00:00:00', 0),
(6207, '张掖', NULL, '甘肃|张掖', 62, 7, '0000-00-00 00:00:00', 0),
(6208, '平凉', NULL, '甘肃|平凉', 62, 8, '0000-00-00 00:00:00', 0),
(6209, '酒泉', NULL, '甘肃|酒泉', 62, 9, '0000-00-00 00:00:00', 0),
(6210, '庆阳', NULL, '甘肃|庆阳', 62, 10, '0000-00-00 00:00:00', 0),
(6211, '定西', NULL, '甘肃|定西', 62, 11, '0000-00-00 00:00:00', 0),
(6212, '陇南', NULL, '甘肃|陇南', 62, 12, '0000-00-00 00:00:00', 0),
(6229, '临夏', NULL, '甘肃|临夏', 62, 13, '0000-00-00 00:00:00', 0),
(6230, '甘南', NULL, '甘肃|甘南', 62, 14, '0000-00-00 00:00:00', 0),
(6301, '西宁', NULL, '青海|西宁', 63, 1, '0000-00-00 00:00:00', 0),
(6321, '海东', NULL, '青海|海东', 63, 2, '0000-00-00 00:00:00', 0),
(6322, '海北', NULL, '青海|海北', 63, 3, '0000-00-00 00:00:00', 0),
(6323, '黄南', NULL, '青海|黄南', 63, 4, '0000-00-00 00:00:00', 0),
(6325, '海南', NULL, '青海|海南', 63, 5, '0000-00-00 00:00:00', 0),
(6326, '果洛', NULL, '青海|果洛', 63, 6, '0000-00-00 00:00:00', 0),
(6327, '玉树', NULL, '青海|玉树', 63, 7, '0000-00-00 00:00:00', 0),
(6328, '海西', NULL, '青海|海西', 63, 8, '0000-00-00 00:00:00', 0),
(6401, '银川', NULL, '宁夏|银川', 64, 1, '0000-00-00 00:00:00', 0),
(6402, '石嘴山', NULL, '宁夏|石嘴山', 64, 2, '0000-00-00 00:00:00', 0),
(6403, '吴忠', NULL, '宁夏|吴忠', 64, 3, '0000-00-00 00:00:00', 0),
(6404, '固原', NULL, '宁夏|固原', 64, 4, '0000-00-00 00:00:00', 0),
(6405, '中卫', NULL, '宁夏|中卫', 64, 5, '0000-00-00 00:00:00', 0),
(6501, '乌鲁木齐', NULL, '新疆|乌鲁木齐', 65, 1, '0000-00-00 00:00:00', 0),
(6502, '克拉玛依', NULL, '新疆|克拉玛依', 65, 2, '0000-00-00 00:00:00', 0),
(6521, '吐鲁番', NULL, '新疆|吐鲁番', 65, 3, '0000-00-00 00:00:00', 0),
(6522, '哈密', NULL, '新疆|哈密', 65, 4, '0000-00-00 00:00:00', 0),
(6523, '昌吉', NULL, '新疆|昌吉', 65, 5, '0000-00-00 00:00:00', 0),
(6527, '博尔塔拉', NULL, '新疆|博尔塔拉', 65, 6, '0000-00-00 00:00:00', 0),
(6528, '巴音郭楞', NULL, '新疆|巴音郭楞', 65, 7, '0000-00-00 00:00:00', 0),
(6529, '阿克苏', NULL, '新疆|阿克苏', 65, 8, '0000-00-00 00:00:00', 0),
(6530, '克孜勒苏', NULL, '新疆|克孜勒苏', 65, 9, '0000-00-00 00:00:00', 0),
(6531, '喀什', NULL, '新疆|喀什', 65, 10, '0000-00-00 00:00:00', 0),
(6532, '和田', NULL, '新疆|和田', 65, 11, '0000-00-00 00:00:00', 0),
(6540, '伊犁', NULL, '新疆|伊犁', 65, 12, '0000-00-00 00:00:00', 0),
(6542, '塔城', NULL, '新疆|塔城', 65, 13, '0000-00-00 00:00:00', 0),
(6543, '阿勒泰', NULL, '新疆|阿勒泰', 65, 14, '0000-00-00 00:00:00', 0),
(6544, '石河子', NULL, '新疆|石河子', 65, 15, '0000-00-00 00:00:00', 0),
(6545, '阿拉尔', NULL, '新疆|阿拉尔', 65, 16, '0000-00-00 00:00:00', 0),
(6546, '图木舒克', NULL, '新疆|图木舒克', 65, 17, '0000-00-00 00:00:00', 0),
(6547, '五家渠', NULL, '新疆|五家渠', 65, 18, '0000-00-00 00:00:00', 0),
(7101, '台北市', NULL, '台湾|台北市', 71, 1, '0000-00-00 00:00:00', 0),
(7102, '高雄市', NULL, '台湾|高雄市', 71, 2, '0000-00-00 00:00:00', 0),
(7103, '基隆市', NULL, '台湾|基隆市', 71, 3, '0000-00-00 00:00:00', 0),
(7104, '台中市', NULL, '台湾|台中市', 71, 4, '0000-00-00 00:00:00', 0),
(7105, '台南市', NULL, '台湾|台南市', 71, 5, '0000-00-00 00:00:00', 0),
(7106, '新竹市', NULL, '台湾|新竹市', 71, 6, '0000-00-00 00:00:00', 0),
(7107, '嘉义市', NULL, '台湾|嘉义市', 71, 7, '0000-00-00 00:00:00', 0),
(7108, '台北县', NULL, '台湾|台北县', 71, 8, '0000-00-00 00:00:00', 0),
(7109, '宜兰县', NULL, '台湾|宜兰县', 71, 9, '0000-00-00 00:00:00', 0),
(7110, '新竹县', NULL, '台湾|新竹县', 71, 10, '0000-00-00 00:00:00', 0),
(7111, '桃园县', NULL, '台湾|桃园县', 71, 11, '0000-00-00 00:00:00', 0),
(7112, '苗栗县', NULL, '台湾|苗栗县', 71, 12, '0000-00-00 00:00:00', 0),
(7113, '台中县', NULL, '台湾|台中县', 71, 13, '0000-00-00 00:00:00', 0),
(7114, '彰化县', NULL, '台湾|彰化县', 71, 14, '0000-00-00 00:00:00', 0),
(7115, '南投县', NULL, '台湾|南投县', 71, 15, '0000-00-00 00:00:00', 0),
(7116, '嘉义县', NULL, '台湾|嘉义县', 71, 16, '0000-00-00 00:00:00', 0),
(7117, '云林县', NULL, '台湾|云林县', 71, 17, '0000-00-00 00:00:00', 0),
(7118, '台南县', NULL, '台湾|台南县', 71, 18, '0000-00-00 00:00:00', 0),
(7119, '高雄县', NULL, '台湾|高雄县', 71, 19, '0000-00-00 00:00:00', 0),
(7120, '屏东县', NULL, '台湾|屏东县', 71, 20, '0000-00-00 00:00:00', 0),
(7121, '台东县', NULL, '台湾|台东县', 71, 21, '0000-00-00 00:00:00', 0),
(7122, '花莲县', NULL, '台湾|花莲县', 71, 22, '0000-00-00 00:00:00', 0),
(7123, '澎湖县', NULL, '台湾|澎湖县', 71, 23, '0000-00-00 00:00:00', 0),
(8101, '中西区', NULL, '香港|中西区', 81, 1, '0000-00-00 00:00:00', 0),
(8102, '东区', NULL, '香港|东区', 81, 2, '0000-00-00 00:00:00', 0),
(8103, '九龙城区', NULL, '香港|九龙城区', 81, 3, '0000-00-00 00:00:00', 0),
(8104, '观塘区', NULL, '香港|观塘区', 81, 4, '0000-00-00 00:00:00', 0),
(8105, '南区', NULL, '香港|南区', 81, 5, '0000-00-00 00:00:00', 0),
(8106, '深水区', NULL, '香港|深水区', 81, 6, '0000-00-00 00:00:00', 0),
(8107, '湾仔区', NULL, '香港|湾仔区', 81, 7, '0000-00-00 00:00:00', 0),
(8108, '黄大仙区', NULL, '香港|黄大仙区', 81, 8, '0000-00-00 00:00:00', 0),
(8109, '油尖旺区', NULL, '香港|油尖旺区', 81, 9, '0000-00-00 00:00:00', 0),
(8110, '离岛区', NULL, '香港|离岛区', 81, 10, '0000-00-00 00:00:00', 0),
(8111, '葵青区', NULL, '香港|葵青区', 81, 11, '0000-00-00 00:00:00', 0),
(8112, '北区', NULL, '香港|北区', 81, 12, '0000-00-00 00:00:00', 0),
(8113, '西贡区', NULL, '香港|西贡区', 81, 13, '0000-00-00 00:00:00', 0),
(8114, '沙田区', NULL, '香港|沙田区', 81, 14, '0000-00-00 00:00:00', 0),
(8115, '屯门区', NULL, '香港|屯门区', 81, 15, '0000-00-00 00:00:00', 0),
(8116, '大埔区', NULL, '香港|大埔区', 81, 16, '0000-00-00 00:00:00', 0),
(8117, '荃湾区', NULL, '香港|荃湾区', 81, 17, '0000-00-00 00:00:00', 0),
(8118, '元朗区', NULL, '香港|元朗区', 81, 18, '0000-00-00 00:00:00', 0),
(8201, '花地玛堂区', NULL, '澳门|花地玛堂区', 82, 1, '0000-00-00 00:00:00', 0),
(8202, '圣安多尼堂区', NULL, '澳门|圣安多尼堂区', 82, 2, '0000-00-00 00:00:00', 0),
(8203, '大堂区', NULL, '澳门|大堂区', 82, 3, '0000-00-00 00:00:00', 0),
(8204, '望德堂区', NULL, '澳门|望德堂区', 82, 4, '0000-00-00 00:00:00', 0),
(8205, '风顺堂区', NULL, '澳门|风顺堂区', 82, 5, '0000-00-00 00:00:00', 0),
(8206, '嘉模堂区', NULL, '澳门|嘉模堂区', 82, 6, '0000-00-00 00:00:00', 0),
(8207, '圣方济各堂区', NULL, '澳门|圣方济各堂区', 82, 7, '0000-00-00 00:00:00', 0),
(610424, '乾县', NULL, '陕西|咸阳|乾县', 6104, 6, '0000-00-00 00:00:00', 0),
(610423, '泾阳县', NULL, '陕西|咸阳|泾阳县', 6104, 5, '0000-00-00 00:00:00', 0),
(610422, '三原县', NULL, '陕西|咸阳|三原县', 6104, 4, '0000-00-00 00:00:00', 0),
(610404, '渭城区', NULL, '陕西|咸阳|渭城区', 6104, 3, '0000-00-00 00:00:00', 0),
(610403, '杨凌区', NULL, '陕西|咸阳|杨凌区', 6104, 2, '0000-00-00 00:00:00', 0),
(610402, '秦都区', NULL, '陕西|咸阳|秦都区', 6104, 1, '0000-00-00 00:00:00', 0),
(610331, '太白县', NULL, '陕西|宝鸡|太白县', 6103, 12, '0000-00-00 00:00:00', 0),
(610330, '凤县', NULL, '陕西|宝鸡|凤县', 6103, 11, '0000-00-00 00:00:00', 0),
(610329, '麟游县', NULL, '陕西|宝鸡|麟游县', 6103, 10, '0000-00-00 00:00:00', 0),
(610328, '千阳县', NULL, '陕西|宝鸡|千阳县', 6103, 9, '0000-00-00 00:00:00', 0),
(610327, '陇县', NULL, '陕西|宝鸡|陇县', 6103, 8, '0000-00-00 00:00:00', 0),
(610326, '眉县', NULL, '陕西|宝鸡|眉县', 6103, 7, '0000-00-00 00:00:00', 0),
(610324, '扶风县', NULL, '陕西|宝鸡|扶风县', 6103, 6, '0000-00-00 00:00:00', 0),
(610323, '岐山县', NULL, '陕西|宝鸡|岐山县', 6103, 5, '0000-00-00 00:00:00', 0),
(610322, '凤翔县', NULL, '陕西|宝鸡|凤翔县', 6103, 4, '0000-00-00 00:00:00', 0),
(610304, '陈仓区', NULL, '陕西|宝鸡|陈仓区', 6103, 3, '0000-00-00 00:00:00', 0),
(610303, '金台区', NULL, '陕西|宝鸡|金台区', 6103, 2, '0000-00-00 00:00:00', 0),
(610302, '渭滨区', NULL, '陕西|宝鸡|渭滨区', 6103, 1, '0000-00-00 00:00:00', 0),
(610222, '宜君县', NULL, '陕西|铜川|宜君县', 6102, 4, '0000-00-00 00:00:00', 0),
(610204, '耀州区', NULL, '陕西|铜川|耀州区', 6102, 3, '0000-00-00 00:00:00', 0),
(610203, '印台区', NULL, '陕西|铜川|印台区', 6102, 2, '0000-00-00 00:00:00', 0),
(610202, '王益区', NULL, '陕西|铜川|王益区', 6102, 1, '0000-00-00 00:00:00', 0),
(610126, '高陵县', NULL, '陕西|西安|高陵县', 6101, 13, '0000-00-00 00:00:00', 0),
(610125, '户县', NULL, '陕西|西安|户县', 6101, 12, '0000-00-00 00:00:00', 0),
(610124, '周至县', NULL, '陕西|西安|周至县', 6101, 11, '0000-00-00 00:00:00', 0),
(610122, '蓝田县', NULL, '陕西|西安|蓝田县', 6101, 10, '0000-00-00 00:00:00', 0),
(610116, '长安区', NULL, '陕西|西安|长安区', 6101, 9, '0000-00-00 00:00:00', 0),
(610115, '临潼区', NULL, '陕西|西安|临潼区', 6101, 8, '0000-00-00 00:00:00', 0),
(610114, '阎良区', NULL, '陕西|西安|阎良区', 6101, 7, '0000-00-00 00:00:00', 0),
(610113, '雁塔区', NULL, '陕西|西安|雁塔区', 6101, 6, '0000-00-00 00:00:00', 0),
(610112, '未央区', NULL, '陕西|西安|未央区', 6101, 5, '0000-00-00 00:00:00', 0),
(610111, '灞桥区', NULL, '陕西|西安|灞桥区', 6101, 4, '0000-00-00 00:00:00', 0),
(610104, '莲湖区', NULL, '陕西|西安|莲湖区', 6101, 3, '0000-00-00 00:00:00', 0),
(610103, '碑林区', NULL, '陕西|西安|碑林区', 6101, 2, '0000-00-00 00:00:00', 0),
(610102, '新城区', NULL, '陕西|西安|新城区', 6101, 1, '0000-00-00 00:00:00', 0),
(542627, '朗县', NULL, '西藏|林芝|朗县', 5426, 7, '0000-00-00 00:00:00', 0),
(542626, '察隅县', NULL, '西藏|林芝|察隅县', 5426, 6, '0000-00-00 00:00:00', 0),
(542625, '波密县', NULL, '西藏|林芝|波密县', 5426, 5, '0000-00-00 00:00:00', 0),
(542624, '墨脱县', NULL, '西藏|林芝|墨脱县', 5426, 4, '0000-00-00 00:00:00', 0),
(542623, '米林县', NULL, '西藏|林芝|米林县', 5426, 3, '0000-00-00 00:00:00', 0),
(542622, '工布江达县', NULL, '西藏|林芝|工布江达县', 5426, 2, '0000-00-00 00:00:00', 0),
(542621, '林芝县', NULL, '西藏|林芝|林芝县', 5426, 1, '0000-00-00 00:00:00', 0),
(542527, '措勤县', NULL, '西藏|阿里|措勤县', 5425, 7, '0000-00-00 00:00:00', 0),
(542526, '改则县', NULL, '西藏|阿里|改则县', 5425, 6, '0000-00-00 00:00:00', 0),
(542525, '革吉县', NULL, '西藏|阿里|革吉县', 5425, 5, '0000-00-00 00:00:00', 0),
(542524, '日土县', NULL, '西藏|阿里|日土县', 5425, 4, '0000-00-00 00:00:00', 0),
(542523, '噶尔县', NULL, '西藏|阿里|噶尔县', 5425, 3, '0000-00-00 00:00:00', 0),
(542522, '札达县', NULL, '西藏|阿里|札达县', 5425, 2, '0000-00-00 00:00:00', 0),
(542521, '普兰县', NULL, '西藏|阿里|普兰县', 5425, 1, '0000-00-00 00:00:00', 0),
(542430, '尼玛县', NULL, '西藏|那曲|尼玛县', 5424, 10, '0000-00-00 00:00:00', 0),
(542429, '巴青县', NULL, '西藏|那曲|巴青县', 5424, 9, '0000-00-00 00:00:00', 0),
(542428, '班戈县', NULL, '西藏|那曲|班戈县', 5424, 8, '0000-00-00 00:00:00', 0),
(542427, '索县', NULL, '西藏|那曲|索县', 5424, 7, '0000-00-00 00:00:00', 0),
(542426, '申扎县', NULL, '西藏|那曲|申扎县', 5424, 6, '0000-00-00 00:00:00', 0),
(542425, '安多县', NULL, '西藏|那曲|安多县', 5424, 5, '0000-00-00 00:00:00', 0),
(542424, '聂荣县', NULL, '西藏|那曲|聂荣县', 5424, 4, '0000-00-00 00:00:00', 0),
(542423, '比如县', NULL, '西藏|那曲|比如县', 5424, 3, '0000-00-00 00:00:00', 0),
(542422, '嘉黎县', NULL, '西藏|那曲|嘉黎县', 5424, 2, '0000-00-00 00:00:00', 0),
(542421, '那曲县', NULL, '西藏|那曲|那曲县', 5424, 1, '0000-00-00 00:00:00', 0),
(542338, '岗巴县', NULL, '西藏|日喀则|岗巴县', 5423, 18, '0000-00-00 00:00:00', 0),
(542337, '萨嘎县', NULL, '西藏|日喀则|萨嘎县', 5423, 17, '0000-00-00 00:00:00', 0),
(542336, '聂拉木县', NULL, '西藏|日喀则|聂拉木县', 5423, 16, '0000-00-00 00:00:00', 0),
(542335, '吉隆县', NULL, '西藏|日喀则|吉隆县', 5423, 15, '0000-00-00 00:00:00', 0),
(542334, '亚东县', NULL, '西藏|日喀则|亚东县', 5423, 14, '0000-00-00 00:00:00', 0),
(542333, '仲巴县', NULL, '西藏|日喀则|仲巴县', 5423, 13, '0000-00-00 00:00:00', 0),
(542332, '定结县', NULL, '西藏|日喀则|定结县', 5423, 12, '0000-00-00 00:00:00', 0),
(542331, '康马县', NULL, '西藏|日喀则|康马县', 5423, 11, '0000-00-00 00:00:00', 0),
(542330, '仁布县', NULL, '西藏|日喀则|仁布县', 5423, 10, '0000-00-00 00:00:00', 0),
(542329, '白朗县', NULL, '西藏|日喀则|白朗县', 5423, 9, '0000-00-00 00:00:00', 0),
(542328, '谢通门县', NULL, '西藏|日喀则|谢通门县', 5423, 8, '0000-00-00 00:00:00', 0),
(542327, '昂仁县', NULL, '西藏|日喀则|昂仁县', 5423, 7, '0000-00-00 00:00:00', 0),
(542326, '拉孜县', NULL, '西藏|日喀则|拉孜县', 5423, 6, '0000-00-00 00:00:00', 0),
(542325, '萨迦县', NULL, '西藏|日喀则|萨迦县', 5423, 5, '0000-00-00 00:00:00', 0),
(542324, '定日县', NULL, '西藏|日喀则|定日县', 5423, 4, '0000-00-00 00:00:00', 0),
(542323, '江孜县', NULL, '西藏|日喀则|江孜县', 5423, 3, '0000-00-00 00:00:00', 0),
(542322, '南木林县', NULL, '西藏|日喀则|南木林县', 5423, 2, '0000-00-00 00:00:00', 0),
(542301, '日喀则市', NULL, '西藏|日喀则|日喀则市', 5423, 1, '0000-00-00 00:00:00', 0),
(542233, '浪卡子县', NULL, '西藏|山南|浪卡子县', 5422, 12, '0000-00-00 00:00:00', 0),
(542232, '错那县', NULL, '西藏|山南|错那县', 5422, 11, '0000-00-00 00:00:00', 0),
(542231, '隆子县', NULL, '西藏|山南|隆子县', 5422, 10, '0000-00-00 00:00:00', 0),
(542229, '加查县', NULL, '西藏|山南|加查县', 5422, 9, '0000-00-00 00:00:00', 0),
(542228, '洛扎县', NULL, '西藏|山南|洛扎县', 5422, 8, '0000-00-00 00:00:00', 0),
(542227, '措美县', NULL, '西藏|山南|措美县', 5422, 7, '0000-00-00 00:00:00', 0),
(542226, '曲松县', NULL, '西藏|山南|曲松县', 5422, 6, '0000-00-00 00:00:00', 0),
(542225, '琼结县', NULL, '西藏|山南|琼结县', 5422, 5, '0000-00-00 00:00:00', 0),
(542224, '桑日县', NULL, '西藏|山南|桑日县', 5422, 4, '0000-00-00 00:00:00', 0),
(542223, '贡嘎县', NULL, '西藏|山南|贡嘎县', 5422, 3, '0000-00-00 00:00:00', 0),
(542222, '扎囊县', NULL, '西藏|山南|扎囊县', 5422, 2, '0000-00-00 00:00:00', 0),
(542221, '乃东县', NULL, '西藏|山南|乃东县', 5422, 1, '0000-00-00 00:00:00', 0),
(542133, '边坝县', NULL, '西藏|昌都|边坝县', 5421, 11, '0000-00-00 00:00:00', 0),
(542132, '洛隆县', NULL, '西藏|昌都|洛隆县', 5421, 10, '0000-00-00 00:00:00', 0),
(542129, '芒康县', NULL, '西藏|昌都|芒康县', 5421, 9, '0000-00-00 00:00:00', 0),
(542128, '左贡县', NULL, '西藏|昌都|左贡县', 5421, 8, '0000-00-00 00:00:00', 0),
(542127, '八宿县', NULL, '西藏|昌都|八宿县', 5421, 7, '0000-00-00 00:00:00', 0),
(542126, '察雅县', NULL, '西藏|昌都|察雅县', 5421, 6, '0000-00-00 00:00:00', 0),
(542125, '丁青县', NULL, '西藏|昌都|丁青县', 5421, 5, '0000-00-00 00:00:00', 0),
(542124, '类乌齐县', NULL, '西藏|昌都|类乌齐县', 5421, 4, '0000-00-00 00:00:00', 0),
(542123, '贡觉县', NULL, '西藏|昌都|贡觉县', 5421, 3, '0000-00-00 00:00:00', 0),
(542122, '江达县', NULL, '西藏|昌都|江达县', 5421, 2, '0000-00-00 00:00:00', 0),
(542121, '昌都县', NULL, '西藏|昌都|昌都县', 5421, 1, '0000-00-00 00:00:00', 0),
(540127, '墨竹工卡县', NULL, '西藏|拉萨|墨竹工卡县', 5401, 8, '0000-00-00 00:00:00', 0),
(540126, '达孜县', NULL, '西藏|拉萨|达孜县', 5401, 7, '0000-00-00 00:00:00', 0),
(540125, '堆龙德庆县', NULL, '西藏|拉萨|堆龙德庆县', 5401, 6, '0000-00-00 00:00:00', 0),
(540124, '曲水县', NULL, '西藏|拉萨|曲水县', 5401, 5, '0000-00-00 00:00:00', 0),
(540123, '尼木县', NULL, '西藏|拉萨|尼木县', 5401, 4, '0000-00-00 00:00:00', 0),
(540122, '当雄县', NULL, '西藏|拉萨|当雄县', 5401, 3, '0000-00-00 00:00:00', 0),
(540121, '林周县', NULL, '西藏|拉萨|林周县', 5401, 2, '0000-00-00 00:00:00', 0),
(540102, '城关区', NULL, '西藏|拉萨|城关区', 5401, 1, '0000-00-00 00:00:00', 0),
(533423, '维西傈僳族自治县', NULL, '云南|迪庆|维西傈僳族自治县', 5334, 3, '0000-00-00 00:00:00', 0),
(533422, '德钦县', NULL, '云南|迪庆|德钦县', 5334, 2, '0000-00-00 00:00:00', 0),
(533421, '香格里拉县', NULL, '云南|迪庆|香格里拉县', 5334, 1, '0000-00-00 00:00:00', 0),
(533325, '兰坪白族普米族自治县', NULL, '云南|怒江傈|兰坪白族普米族自治县', 5333, 4, '0000-00-00 00:00:00', 0),
(533324, '贡山独龙族怒族自治县', NULL, '云南|怒江傈|贡山独龙族怒族自治县', 5333, 3, '0000-00-00 00:00:00', 0),
(533323, '福贡县', NULL, '云南|怒江傈|福贡县', 5333, 2, '0000-00-00 00:00:00', 0),
(533321, '泸水县', NULL, '云南|怒江傈|泸水县', 5333, 1, '0000-00-00 00:00:00', 0),
(533124, '陇川县', NULL, '云南|德宏|陇川县', 5331, 5, '0000-00-00 00:00:00', 0),
(533123, '盈江县', NULL, '云南|德宏|盈江县', 5331, 4, '0000-00-00 00:00:00', 0),
(533122, '梁河县', NULL, '云南|德宏|梁河县', 5331, 3, '0000-00-00 00:00:00', 0),
(533103, '潞西市', NULL, '云南|德宏|潞西市', 5331, 2, '0000-00-00 00:00:00', 0),
(533102, '瑞丽市', NULL, '云南|德宏|瑞丽市', 5331, 1, '0000-00-00 00:00:00', 0),
(532932, '鹤庆县', NULL, '云南|大理|鹤庆县', 5329, 12, '0000-00-00 00:00:00', 0),
(532931, '剑川县', NULL, '云南|大理|剑川县', 5329, 11, '0000-00-00 00:00:00', 0),
(532930, '洱源县', NULL, '云南|大理|洱源县', 5329, 10, '0000-00-00 00:00:00', 0),
(532929, '云龙县', NULL, '云南|大理|云龙县', 5329, 9, '0000-00-00 00:00:00', 0),
(532928, '永平县', NULL, '云南|大理|永平县', 5329, 8, '0000-00-00 00:00:00', 0),
(532927, '巍山彝族回族自治县', NULL, '云南|大理|巍山彝族回族自治县', 5329, 7, '0000-00-00 00:00:00', 0);
INSERT INTO `city` (`id`, `name`, `first_letter`, `description`, `parent_id`, `sort_num`, `create_time`, `author`) VALUES
(532926, '南涧彝族自治县', NULL, '云南|大理|南涧彝族自治县', 5329, 6, '0000-00-00 00:00:00', 0),
(532925, '弥渡县', NULL, '云南|大理|弥渡县', 5329, 5, '0000-00-00 00:00:00', 0),
(532924, '宾川县', NULL, '云南|大理|宾川县', 5329, 4, '0000-00-00 00:00:00', 0),
(532923, '祥云县', NULL, '云南|大理|祥云县', 5329, 3, '0000-00-00 00:00:00', 0),
(532922, '漾濞彝族自治县', NULL, '云南|大理|漾濞彝族自治县', 5329, 2, '0000-00-00 00:00:00', 0),
(532901, '大理市', NULL, '云南|大理|大理市', 5329, 1, '0000-00-00 00:00:00', 0),
(532823, '勐腊县', NULL, '云南|西双版纳|勐腊县', 5328, 3, '0000-00-00 00:00:00', 0),
(532822, '勐海县', NULL, '云南|西双版纳|勐海县', 5328, 2, '0000-00-00 00:00:00', 0),
(532801, '景洪市', NULL, '云南|西双版纳|景洪市', 5328, 1, '0000-00-00 00:00:00', 0),
(532628, '富宁县', NULL, '云南|文山|富宁县', 5326, 8, '0000-00-00 00:00:00', 0),
(532627, '广南县', NULL, '云南|文山|广南县', 5326, 7, '0000-00-00 00:00:00', 0),
(532626, '丘北县', NULL, '云南|文山|丘北县', 5326, 6, '0000-00-00 00:00:00', 0),
(532625, '马关县', NULL, '云南|文山|马关县', 5326, 5, '0000-00-00 00:00:00', 0),
(532624, '麻栗坡县', NULL, '云南|文山|麻栗坡县', 5326, 4, '0000-00-00 00:00:00', 0),
(532623, '西畴县', NULL, '云南|文山|西畴县', 5326, 3, '0000-00-00 00:00:00', 0),
(532622, '砚山县', NULL, '云南|文山|砚山县', 5326, 2, '0000-00-00 00:00:00', 0),
(532621, '文山县', NULL, '云南|文山|文山县', 5326, 1, '0000-00-00 00:00:00', 0),
(532532, '河口瑶族自治县', NULL, '云南|红河|河口瑶族自治县', 5325, 13, '0000-00-00 00:00:00', 0),
(532531, '绿春县', NULL, '云南|红河|绿春县', 5325, 12, '0000-00-00 00:00:00', 0),
(532530, '金平苗族瑶族傣族自治县', NULL, '云南|红河|金平苗族瑶族傣族自治县', 5325, 11, '0000-00-00 00:00:00', 0),
(532529, '红河县', NULL, '云南|红河|红河县', 5325, 10, '0000-00-00 00:00:00', 0),
(532528, '元阳县', NULL, '云南|红河|元阳县', 5325, 9, '0000-00-00 00:00:00', 0),
(532527, '泸西县', NULL, '云南|红河|泸西县', 5325, 8, '0000-00-00 00:00:00', 0),
(532526, '弥勒县', NULL, '云南|红河|弥勒县', 5325, 7, '0000-00-00 00:00:00', 0),
(532525, '石屏县', NULL, '云南|红河|石屏县', 5325, 6, '0000-00-00 00:00:00', 0),
(532524, '建水县', NULL, '云南|红河|建水县', 5325, 5, '0000-00-00 00:00:00', 0),
(532523, '屏边苗族自治县', NULL, '云南|红河|屏边苗族自治县', 5325, 4, '0000-00-00 00:00:00', 0),
(532522, '蒙自县', NULL, '云南|红河|蒙自县', 5325, 3, '0000-00-00 00:00:00', 0),
(532502, '开远市', NULL, '云南|红河|开远市', 5325, 2, '0000-00-00 00:00:00', 0),
(532501, '个旧市', NULL, '云南|红河|个旧市', 5325, 1, '0000-00-00 00:00:00', 0),
(532331, '禄丰县', NULL, '云南|楚雄|禄丰县', 5323, 10, '0000-00-00 00:00:00', 0),
(532329, '武定县', NULL, '云南|楚雄|武定县', 5323, 9, '0000-00-00 00:00:00', 0),
(532328, '元谋县', NULL, '云南|楚雄|元谋县', 5323, 8, '0000-00-00 00:00:00', 0),
(532327, '永仁县', NULL, '云南|楚雄|永仁县', 5323, 7, '0000-00-00 00:00:00', 0),
(532326, '大姚县', NULL, '云南|楚雄|大姚县', 5323, 6, '0000-00-00 00:00:00', 0),
(532325, '姚安县', NULL, '云南|楚雄|姚安县', 5323, 5, '0000-00-00 00:00:00', 0),
(532324, '南华县', NULL, '云南|楚雄|南华县', 5323, 4, '0000-00-00 00:00:00', 0),
(532323, '牟定县', NULL, '云南|楚雄|牟定县', 5323, 3, '0000-00-00 00:00:00', 0),
(532322, '双柏县', NULL, '云南|楚雄|双柏县', 5323, 2, '0000-00-00 00:00:00', 0),
(532301, '楚雄市', NULL, '云南|楚雄|楚雄市', 5323, 1, '0000-00-00 00:00:00', 0),
(530927, '沧源佤族自治县', NULL, '云南|临沧|沧源佤族自治县', 5309, 8, '0000-00-00 00:00:00', 0),
(530926, '耿马傣族佤族自治县', NULL, '云南|临沧|耿马傣族佤族自治县', 5309, 7, '0000-00-00 00:00:00', 0),
(530925, '双江拉祜族佤族布朗族傣族自治县', NULL, '云南|临沧|双江拉祜族佤族布朗族傣族自治县', 5309, 6, '0000-00-00 00:00:00', 0),
(530924, '镇康县', NULL, '云南|临沧|镇康县', 5309, 5, '0000-00-00 00:00:00', 0),
(530923, '永德县', NULL, '云南|临沧|永德县', 5309, 4, '0000-00-00 00:00:00', 0),
(530922, '云县', NULL, '云南|临沧|云县', 5309, 3, '0000-00-00 00:00:00', 0),
(530921, '凤庆县', NULL, '云南|临沧|凤庆县', 5309, 2, '0000-00-00 00:00:00', 0),
(530902, '临翔区', NULL, '云南|临沧|临翔区', 5309, 1, '0000-00-00 00:00:00', 0),
(530829, '西盟佤族自治县', NULL, '云南|普洱|西盟佤族自治县', 5308, 10, '0000-00-00 00:00:00', 0),
(530828, '澜沧拉祜族自治县', NULL, '云南|普洱|澜沧拉祜族自治县', 5308, 9, '0000-00-00 00:00:00', 0),
(530827, '孟连傣族拉祜族佤族自治县', NULL, '云南|普洱|孟连傣族拉祜族佤族自治县', 5308, 8, '0000-00-00 00:00:00', 0),
(530826, '江城哈尼族彝族自治县', NULL, '云南|普洱|江城哈尼族彝族自治县', 5308, 7, '0000-00-00 00:00:00', 0),
(530825, '镇沅彝族哈尼族拉祜族自治县', NULL, '云南|普洱|镇沅彝族哈尼族拉祜族自治县', 5308, 6, '0000-00-00 00:00:00', 0),
(530824, '景谷傣族彝族自治县', NULL, '云南|普洱|景谷傣族彝族自治县', 5308, 5, '0000-00-00 00:00:00', 0),
(530823, '景东彝族自治县', NULL, '云南|普洱|景东彝族自治县', 5308, 4, '0000-00-00 00:00:00', 0),
(530822, '墨江哈尼族自治县', NULL, '云南|普洱|墨江哈尼族自治县', 5308, 3, '0000-00-00 00:00:00', 0),
(530821, '宁洱镇', NULL, '云南|普洱|宁洱镇', 5308, 2, '0000-00-00 00:00:00', 0),
(530802, '思茅区', NULL, '云南|普洱|思茅区', 5308, 1, '0000-00-00 00:00:00', 0),
(530724, '宁蒗彝族自治县', NULL, '云南|丽江|宁蒗彝族自治县', 5307, 5, '0000-00-00 00:00:00', 0),
(530723, '华坪县', NULL, '云南|丽江|华坪县', 5307, 4, '0000-00-00 00:00:00', 0),
(530722, '永胜县', NULL, '云南|丽江|永胜县', 5307, 3, '0000-00-00 00:00:00', 0),
(530721, '玉龙纳西族自治县', NULL, '云南|丽江|玉龙纳西族自治县', 5307, 2, '0000-00-00 00:00:00', 0),
(530702, '古城区', NULL, '云南|丽江|古城区', 5307, 1, '0000-00-00 00:00:00', 0),
(530630, '水富县', NULL, '云南|昭通|水富县', 5306, 11, '0000-00-00 00:00:00', 0),
(530629, '威信县', NULL, '云南|昭通|威信县', 5306, 10, '0000-00-00 00:00:00', 0),
(530628, '彝良县', NULL, '云南|昭通|彝良县', 5306, 9, '0000-00-00 00:00:00', 0),
(530627, '镇雄县', NULL, '云南|昭通|镇雄县', 5306, 8, '0000-00-00 00:00:00', 0),
(530626, '绥江县', NULL, '云南|昭通|绥江县', 5306, 7, '0000-00-00 00:00:00', 0),
(530625, '永善县', NULL, '云南|昭通|永善县', 5306, 6, '0000-00-00 00:00:00', 0),
(530624, '大关县', NULL, '云南|昭通|大关县', 5306, 5, '0000-00-00 00:00:00', 0),
(530623, '盐津县', NULL, '云南|昭通|盐津县', 5306, 4, '0000-00-00 00:00:00', 0),
(530622, '巧家县', NULL, '云南|昭通|巧家县', 5306, 3, '0000-00-00 00:00:00', 0),
(530621, '鲁甸县', NULL, '云南|昭通|鲁甸县', 5306, 2, '0000-00-00 00:00:00', 0),
(530602, '昭阳区', NULL, '云南|昭通|昭阳区', 5306, 1, '0000-00-00 00:00:00', 0),
(530524, '昌宁县', NULL, '云南|保山|昌宁县', 5305, 5, '0000-00-00 00:00:00', 0),
(530523, '龙陵县', NULL, '云南|保山|龙陵县', 5305, 4, '0000-00-00 00:00:00', 0),
(530522, '腾冲县', NULL, '云南|保山|腾冲县', 5305, 3, '0000-00-00 00:00:00', 0),
(530521, '施甸县', NULL, '云南|保山|施甸县', 5305, 2, '0000-00-00 00:00:00', 0),
(530502, '隆阳区', NULL, '云南|保山|隆阳区', 5305, 1, '0000-00-00 00:00:00', 0),
(530428, '元江哈尼族彝族傣族自治县', NULL, '云南|玉溪|元江哈尼族彝族傣族自治县', 5304, 9, '0000-00-00 00:00:00', 0),
(530427, '新平彝族傣族自治县', NULL, '云南|玉溪|新平彝族傣族自治县', 5304, 8, '0000-00-00 00:00:00', 0),
(530426, '峨山彝族自治县', NULL, '云南|玉溪|峨山彝族自治县', 5304, 7, '0000-00-00 00:00:00', 0),
(530425, '易门县', NULL, '云南|玉溪|易门县', 5304, 6, '0000-00-00 00:00:00', 0),
(530424, '华宁县', NULL, '云南|玉溪|华宁县', 5304, 5, '0000-00-00 00:00:00', 0),
(530423, '通海县', NULL, '云南|玉溪|通海县', 5304, 4, '0000-00-00 00:00:00', 0),
(530422, '澄江县', NULL, '云南|玉溪|澄江县', 5304, 3, '0000-00-00 00:00:00', 0),
(530421, '江川县', NULL, '云南|玉溪|江川县', 5304, 2, '0000-00-00 00:00:00', 0),
(530402, '红塔区', NULL, '云南|玉溪|红塔区', 5304, 1, '0000-00-00 00:00:00', 0),
(530381, '宣威市', NULL, '云南|曲靖|宣威市', 5303, 9, '0000-00-00 00:00:00', 0),
(530328, '沾益县', NULL, '云南|曲靖|沾益县', 5303, 8, '0000-00-00 00:00:00', 0),
(530326, '会泽县', NULL, '云南|曲靖|会泽县', 5303, 7, '0000-00-00 00:00:00', 0),
(530325, '富源县', NULL, '云南|曲靖|富源县', 5303, 6, '0000-00-00 00:00:00', 0),
(530324, '罗平县', NULL, '云南|曲靖|罗平县', 5303, 5, '0000-00-00 00:00:00', 0),
(530323, '师宗县', NULL, '云南|曲靖|师宗县', 5303, 4, '0000-00-00 00:00:00', 0),
(530322, '陆良县', NULL, '云南|曲靖|陆良县', 5303, 3, '0000-00-00 00:00:00', 0),
(530321, '马龙县', NULL, '云南|曲靖|马龙县', 5303, 2, '0000-00-00 00:00:00', 0),
(530302, '麒麟区', NULL, '云南|曲靖|麒麟区', 5303, 1, '0000-00-00 00:00:00', 0),
(530181, '安宁市', NULL, '云南|昆明|安宁市', 5301, 14, '0000-00-00 00:00:00', 0),
(530129, '寻甸回族彝族自治县', NULL, '云南|昆明|寻甸回族彝族自治县', 5301, 13, '0000-00-00 00:00:00', 0),
(530128, '禄劝彝族苗族自治县', NULL, '云南|昆明|禄劝彝族苗族自治县', 5301, 12, '0000-00-00 00:00:00', 0),
(530127, '嵩明县', NULL, '云南|昆明|嵩明县', 5301, 11, '0000-00-00 00:00:00', 0),
(530126, '石林彝族自治县', NULL, '云南|昆明|石林彝族自治县', 5301, 10, '0000-00-00 00:00:00', 0),
(530125, '宜良县', NULL, '云南|昆明|宜良县', 5301, 9, '0000-00-00 00:00:00', 0),
(530124, '富民县', NULL, '云南|昆明|富民县', 5301, 8, '0000-00-00 00:00:00', 0),
(530122, '晋宁县', NULL, '云南|昆明|晋宁县', 5301, 7, '0000-00-00 00:00:00', 0),
(530121, '呈贡县', NULL, '云南|昆明|呈贡县', 5301, 6, '0000-00-00 00:00:00', 0),
(530113, '东川区', NULL, '云南|昆明|东川区', 5301, 5, '0000-00-00 00:00:00', 0),
(530112, '西山区', NULL, '云南|昆明|西山区', 5301, 4, '0000-00-00 00:00:00', 0),
(530111, '官渡区', NULL, '云南|昆明|官渡区', 5301, 3, '0000-00-00 00:00:00', 0),
(530103, '盘龙区', NULL, '云南|昆明|盘龙区', 5301, 2, '0000-00-00 00:00:00', 0),
(530102, '五华区', NULL, '云南|昆明|五华区', 5301, 1, '0000-00-00 00:00:00', 0),
(522732, '三都水族自治县', NULL, '贵州|黔南|三都水族自治县', 5227, 12, '0000-00-00 00:00:00', 0),
(522731, '惠水县', NULL, '贵州|黔南|惠水县', 5227, 11, '0000-00-00 00:00:00', 0),
(522730, '龙里县', NULL, '贵州|黔南|龙里县', 5227, 10, '0000-00-00 00:00:00', 0),
(522729, '长顺县', NULL, '贵州|黔南|长顺县', 5227, 9, '0000-00-00 00:00:00', 0),
(522728, '罗甸县', NULL, '贵州|黔南|罗甸县', 5227, 8, '0000-00-00 00:00:00', 0),
(522727, '平塘县', NULL, '贵州|黔南|平塘县', 5227, 7, '0000-00-00 00:00:00', 0),
(522726, '独山县', NULL, '贵州|黔南|独山县', 5227, 6, '0000-00-00 00:00:00', 0),
(522725, '瓮安县', NULL, '贵州|黔南|瓮安县', 5227, 5, '0000-00-00 00:00:00', 0),
(522723, '贵定县', NULL, '贵州|黔南|贵定县', 5227, 4, '0000-00-00 00:00:00', 0),
(522722, '荔波县', NULL, '贵州|黔南|荔波县', 5227, 3, '0000-00-00 00:00:00', 0),
(522702, '福泉市', NULL, '贵州|黔南|福泉市', 5227, 2, '0000-00-00 00:00:00', 0),
(522701, '都匀市', NULL, '贵州|黔南|都匀市', 5227, 1, '0000-00-00 00:00:00', 0),
(522636, '丹寨县', NULL, '贵州|黔东南|丹寨县', 5226, 16, '0000-00-00 00:00:00', 0),
(522635, '麻江县', NULL, '贵州|黔东南|麻江县', 5226, 15, '0000-00-00 00:00:00', 0),
(522634, '雷山县', NULL, '贵州|黔东南|雷山县', 5226, 14, '0000-00-00 00:00:00', 0),
(522633, '从江县', NULL, '贵州|黔东南|从江县', 5226, 13, '0000-00-00 00:00:00', 0),
(522632, '榕江县', NULL, '贵州|黔东南|榕江县', 5226, 12, '0000-00-00 00:00:00', 0),
(522631, '黎平县', NULL, '贵州|黔东南|黎平县', 5226, 11, '0000-00-00 00:00:00', 0),
(522630, '台江县', NULL, '贵州|黔东南|台江县', 5226, 10, '0000-00-00 00:00:00', 0),
(522629, '剑河县', NULL, '贵州|黔东南|剑河县', 5226, 9, '0000-00-00 00:00:00', 0),
(522628, '锦屏县', NULL, '贵州|黔东南|锦屏县', 5226, 8, '0000-00-00 00:00:00', 0),
(522627, '天柱县', NULL, '贵州|黔东南|天柱县', 5226, 7, '0000-00-00 00:00:00', 0),
(522626, '岑巩县', NULL, '贵州|黔东南|岑巩县', 5226, 6, '0000-00-00 00:00:00', 0),
(522625, '镇远县', NULL, '贵州|黔东南|镇远县', 5226, 5, '0000-00-00 00:00:00', 0),
(522624, '三穗县', NULL, '贵州|黔东南|三穗县', 5226, 4, '0000-00-00 00:00:00', 0),
(522623, '施秉县', NULL, '贵州|黔东南|施秉县', 5226, 3, '0000-00-00 00:00:00', 0),
(522622, '黄平县', NULL, '贵州|黔东南|黄平县', 5226, 2, '0000-00-00 00:00:00', 0),
(522601, '凯里市', NULL, '贵州|黔东南|凯里市', 5226, 1, '0000-00-00 00:00:00', 0),
(522428, '赫章县', NULL, '贵州|毕节|赫章县', 5224, 8, '0000-00-00 00:00:00', 0),
(522427, '威宁彝族回族苗族自治县', NULL, '贵州|毕节|威宁彝族回族苗族自治县', 5224, 7, '0000-00-00 00:00:00', 0),
(522426, '纳雍县', NULL, '贵州|毕节|纳雍县', 5224, 6, '0000-00-00 00:00:00', 0),
(522425, '织金县', NULL, '贵州|毕节|织金县', 5224, 5, '0000-00-00 00:00:00', 0),
(522424, '金沙县', NULL, '贵州|毕节|金沙县', 5224, 4, '0000-00-00 00:00:00', 0),
(522423, '黔西县', NULL, '贵州|毕节|黔西县', 5224, 3, '0000-00-00 00:00:00', 0),
(522422, '大方县', NULL, '贵州|毕节|大方县', 5224, 2, '0000-00-00 00:00:00', 0),
(522401, '毕节市', NULL, '贵州|毕节|毕节市', 5224, 1, '0000-00-00 00:00:00', 0),
(522328, '安龙县', NULL, '贵州|黔西南|安龙县', 5223, 8, '0000-00-00 00:00:00', 0),
(522327, '册亨县', NULL, '贵州|黔西南|册亨县', 5223, 7, '0000-00-00 00:00:00', 0),
(522326, '望谟县', NULL, '贵州|黔西南|望谟县', 5223, 6, '0000-00-00 00:00:00', 0),
(522325, '贞丰县', NULL, '贵州|黔西南|贞丰县', 5223, 5, '0000-00-00 00:00:00', 0),
(522324, '晴隆县', NULL, '贵州|黔西南|晴隆县', 5223, 4, '0000-00-00 00:00:00', 0),
(522323, '普安县', NULL, '贵州|黔西南|普安县', 5223, 3, '0000-00-00 00:00:00', 0),
(522322, '兴仁县', NULL, '贵州|黔西南|兴仁县', 5223, 2, '0000-00-00 00:00:00', 0),
(522301, '兴义市', NULL, '贵州|黔西南|兴义市', 5223, 1, '0000-00-00 00:00:00', 0),
(522230, '万山特区', NULL, '贵州|铜仁|万山特区', 5222, 10, '0000-00-00 00:00:00', 0),
(522229, '松桃苗族自治县', NULL, '贵州|铜仁|松桃苗族自治县', 5222, 9, '0000-00-00 00:00:00', 0),
(522228, '沿河土家族自治县', NULL, '贵州|铜仁|沿河土家族自治县', 5222, 8, '0000-00-00 00:00:00', 0),
(522227, '德江县', NULL, '贵州|铜仁|德江县', 5222, 7, '0000-00-00 00:00:00', 0),
(522226, '印江土家族苗族自治县', NULL, '贵州|铜仁|印江土家族苗族自治县', 5222, 6, '0000-00-00 00:00:00', 0),
(522225, '思南县', NULL, '贵州|铜仁|思南县', 5222, 5, '0000-00-00 00:00:00', 0),
(522224, '石阡县', NULL, '贵州|铜仁|石阡县', 5222, 4, '0000-00-00 00:00:00', 0),
(522223, '玉屏侗族自治县', NULL, '贵州|铜仁|玉屏侗族自治县', 5222, 3, '0000-00-00 00:00:00', 0),
(522222, '江口县', NULL, '贵州|铜仁|江口县', 5222, 2, '0000-00-00 00:00:00', 0),
(522201, '铜仁市', NULL, '贵州|铜仁|铜仁市', 5222, 1, '0000-00-00 00:00:00', 0),
(520425, '紫云苗族布依族自治县', NULL, '贵州|安顺|紫云苗族布依族自治县', 5204, 6, '0000-00-00 00:00:00', 0),
(520424, '关岭布依族苗族自治县', NULL, '贵州|安顺|关岭布依族苗族自治县', 5204, 5, '0000-00-00 00:00:00', 0),
(520423, '镇宁布依族苗族自治县', NULL, '贵州|安顺|镇宁布依族苗族自治县', 5204, 4, '0000-00-00 00:00:00', 0),
(520422, '普定县', NULL, '贵州|安顺|普定县', 5204, 3, '0000-00-00 00:00:00', 0),
(520421, '平坝县', NULL, '贵州|安顺|平坝县', 5204, 2, '0000-00-00 00:00:00', 0),
(520402, '西秀区', NULL, '贵州|安顺|西秀区', 5204, 1, '0000-00-00 00:00:00', 0),
(520382, '仁怀市', NULL, '贵州|遵义|仁怀市', 5203, 14, '0000-00-00 00:00:00', 0),
(520381, '赤水市', NULL, '贵州|遵义|赤水市', 5203, 13, '0000-00-00 00:00:00', 0),
(520330, '习水县', NULL, '贵州|遵义|习水县', 5203, 12, '0000-00-00 00:00:00', 0),
(520329, '余庆县', NULL, '贵州|遵义|余庆县', 5203, 11, '0000-00-00 00:00:00', 0),
(520328, '湄潭县', NULL, '贵州|遵义|湄潭县', 5203, 10, '0000-00-00 00:00:00', 0),
(520327, '凤冈县', NULL, '贵州|遵义|凤冈县', 5203, 9, '0000-00-00 00:00:00', 0),
(520326, '务川仡佬族苗族自治县', NULL, '贵州|遵义|务川仡佬族苗族自治县', 5203, 8, '0000-00-00 00:00:00', 0),
(520325, '道真仡佬族苗族自治县', NULL, '贵州|遵义|道真仡佬族苗族自治县', 5203, 7, '0000-00-00 00:00:00', 0),
(520324, '正安县', NULL, '贵州|遵义|正安县', 5203, 6, '0000-00-00 00:00:00', 0),
(520323, '绥阳县', NULL, '贵州|遵义|绥阳县', 5203, 5, '0000-00-00 00:00:00', 0),
(520322, '桐梓县', NULL, '贵州|遵义|桐梓县', 5203, 4, '0000-00-00 00:00:00', 0),
(520321, '遵义县', NULL, '贵州|遵义|遵义县', 5203, 3, '0000-00-00 00:00:00', 0),
(520303, '汇川区', NULL, '贵州|遵义|汇川区', 5203, 2, '0000-00-00 00:00:00', 0),
(520302, '红花岗区', NULL, '贵州|遵义|红花岗区', 5203, 1, '0000-00-00 00:00:00', 0),
(520222, '盘县', NULL, '贵州|六盘水|盘县', 5202, 4, '0000-00-00 00:00:00', 0),
(520221, '水城县', NULL, '贵州|六盘水|水城县', 5202, 3, '0000-00-00 00:00:00', 0),
(520203, '六枝特区', NULL, '贵州|六盘水|六枝特区', 5202, 2, '0000-00-00 00:00:00', 0),
(520201, '钟山区', NULL, '贵州|六盘水|钟山区', 5202, 1, '0000-00-00 00:00:00', 0),
(520181, '清镇市', NULL, '贵州|贵阳|清镇市', 5201, 10, '0000-00-00 00:00:00', 0),
(520123, '修文县', NULL, '贵州|贵阳|修文县', 5201, 9, '0000-00-00 00:00:00', 0),
(520122, '息烽县', NULL, '贵州|贵阳|息烽县', 5201, 8, '0000-00-00 00:00:00', 0),
(520121, '开阳县', NULL, '贵州|贵阳|开阳县', 5201, 7, '0000-00-00 00:00:00', 0),
(520114, '小河区', NULL, '贵州|贵阳|小河区', 5201, 6, '0000-00-00 00:00:00', 0),
(520113, '白云区', NULL, '贵州|贵阳|白云区', 5201, 5, '0000-00-00 00:00:00', 0),
(520112, '乌当区', NULL, '贵州|贵阳|乌当区', 5201, 4, '0000-00-00 00:00:00', 0),
(520111, '花溪区', NULL, '贵州|贵阳|花溪区', 5201, 3, '0000-00-00 00:00:00', 0),
(520103, '云岩区', NULL, '贵州|贵阳|云岩区', 5201, 2, '0000-00-00 00:00:00', 0),
(520102, '南明区', NULL, '贵州|贵阳|南明区', 5201, 1, '0000-00-00 00:00:00', 0),
(513437, '雷波县', NULL, '四川|凉山|雷波县', 5134, 17, '0000-00-00 00:00:00', 0),
(513436, '美姑县', NULL, '四川|凉山|美姑县', 5134, 16, '0000-00-00 00:00:00', 0),
(513435, '甘洛县', NULL, '四川|凉山|甘洛县', 5134, 15, '0000-00-00 00:00:00', 0),
(513434, '越西县', NULL, '四川|凉山|越西县', 5134, 14, '0000-00-00 00:00:00', 0),
(513433, '冕宁县', NULL, '四川|凉山|冕宁县', 5134, 13, '0000-00-00 00:00:00', 0),
(513432, '喜德县', NULL, '四川|凉山|喜德县', 5134, 12, '0000-00-00 00:00:00', 0),
(513431, '昭觉县', NULL, '四川|凉山|昭觉县', 5134, 11, '0000-00-00 00:00:00', 0),
(513430, '金阳县', NULL, '四川|凉山|金阳县', 5134, 10, '0000-00-00 00:00:00', 0),
(513429, '布拖县', NULL, '四川|凉山|布拖县', 5134, 9, '0000-00-00 00:00:00', 0),
(513428, '普格县', NULL, '四川|凉山|普格县', 5134, 8, '0000-00-00 00:00:00', 0),
(513427, '宁南县', NULL, '四川|凉山|宁南县', 5134, 7, '0000-00-00 00:00:00', 0),
(513426, '会东县', NULL, '四川|凉山|会东县', 5134, 6, '0000-00-00 00:00:00', 0),
(513425, '会理县', NULL, '四川|凉山|会理县', 5134, 5, '0000-00-00 00:00:00', 0),
(513424, '德昌县', NULL, '四川|凉山|德昌县', 5134, 4, '0000-00-00 00:00:00', 0),
(513423, '盐源县', NULL, '四川|凉山|盐源县', 5134, 3, '0000-00-00 00:00:00', 0),
(513422, '木里藏族自治县', NULL, '四川|凉山|木里藏族自治县', 5134, 2, '0000-00-00 00:00:00', 0),
(513401, '西昌市', NULL, '四川|凉山|西昌市', 5134, 1, '0000-00-00 00:00:00', 0),
(513338, '得荣县', NULL, '四川|甘孜|得荣县', 5133, 18, '0000-00-00 00:00:00', 0),
(513337, '稻城县', NULL, '四川|甘孜|稻城县', 5133, 17, '0000-00-00 00:00:00', 0),
(513336, '乡城县', NULL, '四川|甘孜|乡城县', 5133, 16, '0000-00-00 00:00:00', 0),
(513335, '巴塘县', NULL, '四川|甘孜|巴塘县', 5133, 15, '0000-00-00 00:00:00', 0),
(513334, '理塘县', NULL, '四川|甘孜|理塘县', 5133, 14, '0000-00-00 00:00:00', 0),
(513333, '色达县', NULL, '四川|甘孜|色达县', 5133, 13, '0000-00-00 00:00:00', 0),
(513332, '石渠县', NULL, '四川|甘孜|石渠县', 5133, 12, '0000-00-00 00:00:00', 0),
(513331, '白玉县', NULL, '四川|甘孜|白玉县', 5133, 11, '0000-00-00 00:00:00', 0),
(513330, '德格县', NULL, '四川|甘孜|德格县', 5133, 10, '0000-00-00 00:00:00', 0),
(513329, '新龙县', NULL, '四川|甘孜|新龙县', 5133, 9, '0000-00-00 00:00:00', 0),
(513328, '甘孜县', NULL, '四川|甘孜|甘孜县', 5133, 8, '0000-00-00 00:00:00', 0),
(513327, '炉霍县', NULL, '四川|甘孜|炉霍县', 5133, 7, '0000-00-00 00:00:00', 0),
(513326, '道孚县', NULL, '四川|甘孜|道孚县', 5133, 6, '0000-00-00 00:00:00', 0),
(513325, '雅江县', NULL, '四川|甘孜|雅江县', 5133, 5, '0000-00-00 00:00:00', 0),
(513324, '九龙县', NULL, '四川|甘孜|九龙县', 5133, 4, '0000-00-00 00:00:00', 0),
(513323, '丹巴县', NULL, '四川|甘孜|丹巴县', 5133, 3, '0000-00-00 00:00:00', 0),
(513322, '泸定县', NULL, '四川|甘孜|泸定县', 5133, 2, '0000-00-00 00:00:00', 0),
(513321, '康定县', NULL, '四川|甘孜|康定县', 5133, 1, '0000-00-00 00:00:00', 0),
(513233, '红原县', NULL, '四川|阿坝|红原县', 5132, 13, '0000-00-00 00:00:00', 0),
(513232, '若尔盖县', NULL, '四川|阿坝|若尔盖县', 5132, 12, '0000-00-00 00:00:00', 0),
(513231, '阿坝县', NULL, '四川|阿坝|阿坝县', 5132, 11, '0000-00-00 00:00:00', 0),
(513230, '壤塘县', NULL, '四川|阿坝|壤塘县', 5132, 10, '0000-00-00 00:00:00', 0),
(513229, '马尔康县', NULL, '四川|阿坝|马尔康县', 5132, 9, '0000-00-00 00:00:00', 0),
(513228, '黑水县', NULL, '四川|阿坝|黑水县', 5132, 8, '0000-00-00 00:00:00', 0),
(513227, '小金县', NULL, '四川|阿坝|小金县', 5132, 7, '0000-00-00 00:00:00', 0),
(513226, '金川县', NULL, '四川|阿坝|金川县', 5132, 6, '0000-00-00 00:00:00', 0),
(513225, '九寨沟县', NULL, '四川|阿坝|九寨沟县', 5132, 5, '0000-00-00 00:00:00', 0),
(513224, '松潘县', NULL, '四川|阿坝|松潘县', 5132, 4, '0000-00-00 00:00:00', 0),
(513223, '茂县', NULL, '四川|阿坝|茂县', 5132, 3, '0000-00-00 00:00:00', 0),
(513222, '理县', NULL, '四川|阿坝|理县', 5132, 2, '0000-00-00 00:00:00', 0),
(513221, '汶川县', NULL, '四川|阿坝|汶川县', 5132, 1, '0000-00-00 00:00:00', 0),
(512081, '简阳市', NULL, '四川|资阳|简阳市', 5120, 4, '0000-00-00 00:00:00', 0),
(512022, '乐至县', NULL, '四川|资阳|乐至县', 5120, 3, '0000-00-00 00:00:00', 0),
(512021, '安岳县', NULL, '四川|资阳|安岳县', 5120, 2, '0000-00-00 00:00:00', 0),
(512002, '雁江区', NULL, '四川|资阳|雁江区', 5120, 1, '0000-00-00 00:00:00', 0),
(511923, '平昌县', NULL, '四川|巴中|平昌县', 5119, 4, '0000-00-00 00:00:00', 0),
(511922, '南江县', NULL, '四川|巴中|南江县', 5119, 3, '0000-00-00 00:00:00', 0),
(511921, '通江县', NULL, '四川|巴中|通江县', 5119, 2, '0000-00-00 00:00:00', 0),
(511902, '巴州区', NULL, '四川|巴中|巴州区', 5119, 1, '0000-00-00 00:00:00', 0),
(511827, '宝兴县', NULL, '四川|雅安|宝兴县', 5118, 8, '0000-00-00 00:00:00', 0),
(511826, '芦山县', NULL, '四川|雅安|芦山县', 5118, 7, '0000-00-00 00:00:00', 0),
(511825, '天全县', NULL, '四川|雅安|天全县', 5118, 6, '0000-00-00 00:00:00', 0),
(511824, '石棉县', NULL, '四川|雅安|石棉县', 5118, 5, '0000-00-00 00:00:00', 0),
(511823, '汉源县', NULL, '四川|雅安|汉源县', 5118, 4, '0000-00-00 00:00:00', 0),
(511822, '荥经县', NULL, '四川|雅安|荥经县', 5118, 3, '0000-00-00 00:00:00', 0),
(511821, '名山县', NULL, '四川|雅安|名山县', 5118, 2, '0000-00-00 00:00:00', 0),
(511802, '雨城区', NULL, '四川|雅安|雨城区', 5118, 1, '0000-00-00 00:00:00', 0),
(511781, '万源市', NULL, '四川|达州|万源市', 5117, 7, '0000-00-00 00:00:00', 0),
(511725, '渠县', NULL, '四川|达州|渠县', 5117, 6, '0000-00-00 00:00:00', 0),
(511724, '大竹县', NULL, '四川|达州|大竹县', 5117, 5, '0000-00-00 00:00:00', 0),
(511723, '开江县', NULL, '四川|达州|开江县', 5117, 4, '0000-00-00 00:00:00', 0),
(511722, '宣汉县', NULL, '四川|达州|宣汉县', 5117, 3, '0000-00-00 00:00:00', 0),
(511721, '达县', NULL, '四川|达州|达县', 5117, 2, '0000-00-00 00:00:00', 0),
(511702, '通川区', NULL, '四川|达州|通川区', 5117, 1, '0000-00-00 00:00:00', 0),
(511681, '华蓥市', NULL, '四川|广安|华蓥市', 5116, 5, '0000-00-00 00:00:00', 0),
(511623, '邻水县', NULL, '四川|广安|邻水县', 5116, 4, '0000-00-00 00:00:00', 0),
(511622, '武胜县', NULL, '四川|广安|武胜县', 5116, 3, '0000-00-00 00:00:00', 0),
(511621, '岳池县', NULL, '四川|广安|岳池县', 5116, 2, '0000-00-00 00:00:00', 0),
(511602, '广安区', NULL, '四川|广安|广安区', 5116, 1, '0000-00-00 00:00:00', 0),
(511529, '屏山县', NULL, '四川|宜宾|屏山县', 5115, 10, '0000-00-00 00:00:00', 0),
(511528, '兴文县', NULL, '四川|宜宾|兴文县', 5115, 9, '0000-00-00 00:00:00', 0),
(511527, '筠连县', NULL, '四川|宜宾|筠连县', 5115, 8, '0000-00-00 00:00:00', 0),
(511526, '珙县', NULL, '四川|宜宾|珙县', 5115, 7, '0000-00-00 00:00:00', 0),
(511525, '高县', NULL, '四川|宜宾|高县', 5115, 6, '0000-00-00 00:00:00', 0),
(511524, '长宁县', NULL, '四川|宜宾|长宁县', 5115, 5, '0000-00-00 00:00:00', 0),
(511523, '江安县', NULL, '四川|宜宾|江安县', 5115, 4, '0000-00-00 00:00:00', 0),
(511522, '南溪县', NULL, '四川|宜宾|南溪县', 5115, 3, '0000-00-00 00:00:00', 0),
(511521, '宜宾县', NULL, '四川|宜宾|宜宾县', 5115, 2, '0000-00-00 00:00:00', 0),
(511502, '翠屏区', NULL, '四川|宜宾|翠屏区', 5115, 1, '0000-00-00 00:00:00', 0),
(511425, '青神县', NULL, '四川|眉山|青神县', 5114, 6, '0000-00-00 00:00:00', 0),
(511424, '丹棱县', NULL, '四川|眉山|丹棱县', 5114, 5, '0000-00-00 00:00:00', 0),
(511423, '洪雅县', NULL, '四川|眉山|洪雅县', 5114, 4, '0000-00-00 00:00:00', 0),
(511422, '彭山县', NULL, '四川|眉山|彭山县', 5114, 3, '0000-00-00 00:00:00', 0),
(511421, '仁寿县', NULL, '四川|眉山|仁寿县', 5114, 2, '0000-00-00 00:00:00', 0),
(511402, '东坡区', NULL, '四川|眉山|东坡区', 5114, 1, '0000-00-00 00:00:00', 0),
(511381, '阆中市', NULL, '四川|南充|阆中市', 5113, 9, '0000-00-00 00:00:00', 0),
(511325, '西充县', NULL, '四川|南充|西充县', 5113, 8, '0000-00-00 00:00:00', 0),
(511324, '仪陇县', NULL, '四川|南充|仪陇县', 5113, 7, '0000-00-00 00:00:00', 0),
(511323, '蓬安县', NULL, '四川|南充|蓬安县', 5113, 6, '0000-00-00 00:00:00', 0),
(511322, '营山县', NULL, '四川|南充|营山县', 5113, 5, '0000-00-00 00:00:00', 0),
(511321, '南部县', NULL, '四川|南充|南部县', 5113, 4, '0000-00-00 00:00:00', 0),
(511304, '嘉陵区', NULL, '四川|南充|嘉陵区', 5113, 3, '0000-00-00 00:00:00', 0),
(511303, '高坪区', NULL, '四川|南充|高坪区', 5113, 2, '0000-00-00 00:00:00', 0),
(511302, '顺庆区', NULL, '四川|南充|顺庆区', 5113, 1, '0000-00-00 00:00:00', 0),
(511181, '峨眉山市', NULL, '四川|乐山|峨眉山市', 5111, 11, '0000-00-00 00:00:00', 0),
(511133, '马边彝族自治县', NULL, '四川|乐山|马边彝族自治县', 5111, 10, '0000-00-00 00:00:00', 0),
(511132, '峨边彝族自治县', NULL, '四川|乐山|峨边彝族自治县', 5111, 9, '0000-00-00 00:00:00', 0),
(511129, '沐川县', NULL, '四川|乐山|沐川县', 5111, 8, '0000-00-00 00:00:00', 0),
(511126, '夹江县', NULL, '四川|乐山|夹江县', 5111, 7, '0000-00-00 00:00:00', 0),
(511124, '井研县', NULL, '四川|乐山|井研县', 5111, 6, '0000-00-00 00:00:00', 0),
(511123, '犍为县', NULL, '四川|乐山|犍为县', 5111, 5, '0000-00-00 00:00:00', 0),
(511113, '金口河区', NULL, '四川|乐山|金口河区', 5111, 4, '0000-00-00 00:00:00', 0),
(511112, '五通桥区', NULL, '四川|乐山|五通桥区', 5111, 3, '0000-00-00 00:00:00', 0),
(511111, '沙湾区', NULL, '四川|乐山|沙湾区', 5111, 2, '0000-00-00 00:00:00', 0),
(511102, '市中区', NULL, '四川|乐山|市中区', 5111, 1, '0000-00-00 00:00:00', 0),
(511028, '隆昌县', NULL, '四川|内江|隆昌县', 5110, 5, '0000-00-00 00:00:00', 0),
(511025, '资中县', NULL, '四川|内江|资中县', 5110, 4, '0000-00-00 00:00:00', 0),
(511024, '威远县', NULL, '四川|内江|威远县', 5110, 3, '0000-00-00 00:00:00', 0),
(511011, '东兴区', NULL, '四川|内江|东兴区', 5110, 2, '0000-00-00 00:00:00', 0),
(511002, '市中区', NULL, '四川|内江|市中区', 5110, 1, '0000-00-00 00:00:00', 0),
(510923, '大英县', NULL, '四川|遂宁|大英县', 5109, 5, '0000-00-00 00:00:00', 0),
(510922, '射洪县', NULL, '四川|遂宁|射洪县', 5109, 4, '0000-00-00 00:00:00', 0),
(510921, '蓬溪县', NULL, '四川|遂宁|蓬溪县', 5109, 3, '0000-00-00 00:00:00', 0),
(510904, '安居区', NULL, '四川|遂宁|安居区', 5109, 2, '0000-00-00 00:00:00', 0),
(510903, '船山区', NULL, '四川|遂宁|船山区', 5109, 1, '0000-00-00 00:00:00', 0),
(510824, '苍溪县', NULL, '四川|广元|苍溪县', 5108, 7, '0000-00-00 00:00:00', 0),
(510823, '剑阁县', NULL, '四川|广元|剑阁县', 5108, 6, '0000-00-00 00:00:00', 0),
(510822, '青川县', NULL, '四川|广元|青川县', 5108, 5, '0000-00-00 00:00:00', 0),
(510821, '旺苍县', NULL, '四川|广元|旺苍县', 5108, 4, '0000-00-00 00:00:00', 0),
(510812, '朝天区', NULL, '四川|广元|朝天区', 5108, 3, '0000-00-00 00:00:00', 0),
(510811, '元坝区', NULL, '四川|广元|元坝区', 5108, 2, '0000-00-00 00:00:00', 0),
(510802, '利州区', NULL, '四川|广元|利州区', 5108, 1, '0000-00-00 00:00:00', 0),
(510781, '江油市', NULL, '四川|绵阳|江油市', 5107, 9, '0000-00-00 00:00:00', 0),
(510727, '平武县', NULL, '四川|绵阳|平武县', 5107, 8, '0000-00-00 00:00:00', 0),
(510726, '北川羌族自治县', NULL, '四川|绵阳|北川羌族自治县', 5107, 7, '0000-00-00 00:00:00', 0),
(510725, '梓潼县', NULL, '四川|绵阳|梓潼县', 5107, 6, '0000-00-00 00:00:00', 0),
(510724, '安县', NULL, '四川|绵阳|安县', 5107, 5, '0000-00-00 00:00:00', 0),
(510723, '盐亭县', NULL, '四川|绵阳|盐亭县', 5107, 4, '0000-00-00 00:00:00', 0),
(510722, '三台县', NULL, '四川|绵阳|三台县', 5107, 3, '0000-00-00 00:00:00', 0),
(510704, '游仙区', NULL, '四川|绵阳|游仙区', 5107, 2, '0000-00-00 00:00:00', 0),
(510703, '涪城区', NULL, '四川|绵阳|涪城区', 5107, 1, '0000-00-00 00:00:00', 0),
(510683, '绵竹市', NULL, '四川|德阳|绵竹市', 5106, 6, '0000-00-00 00:00:00', 0),
(510682, '什邡市', NULL, '四川|德阳|什邡市', 5106, 5, '0000-00-00 00:00:00', 0),
(510681, '广汉市', NULL, '四川|德阳|广汉市', 5106, 4, '0000-00-00 00:00:00', 0),
(510626, '罗江县', NULL, '四川|德阳|罗江县', 5106, 3, '0000-00-00 00:00:00', 0),
(510623, '中江县', NULL, '四川|德阳|中江县', 5106, 2, '0000-00-00 00:00:00', 0),
(510603, '旌阳区', NULL, '四川|德阳|旌阳区', 5106, 1, '0000-00-00 00:00:00', 0),
(510525, '古蔺县', NULL, '四川|泸州|古蔺县', 5105, 7, '0000-00-00 00:00:00', 0),
(510524, '叙永县', NULL, '四川|泸州|叙永县', 5105, 6, '0000-00-00 00:00:00', 0),
(510522, '合江县', NULL, '四川|泸州|合江县', 5105, 5, '0000-00-00 00:00:00', 0),
(510521, '泸县', NULL, '四川|泸州|泸县', 5105, 4, '0000-00-00 00:00:00', 0),
(510504, '龙马潭区', NULL, '四川|泸州|龙马潭区', 5105, 3, '0000-00-00 00:00:00', 0),
(510503, '纳溪区', NULL, '四川|泸州|纳溪区', 5105, 2, '0000-00-00 00:00:00', 0),
(510502, '江阳区', NULL, '四川|泸州|江阳区', 5105, 1, '0000-00-00 00:00:00', 0),
(510422, '盐边县', NULL, '四川|攀枝花|盐边县', 5104, 5, '0000-00-00 00:00:00', 0),
(510421, '米易县', NULL, '四川|攀枝花|米易县', 5104, 4, '0000-00-00 00:00:00', 0),
(510411, '仁和区', NULL, '四川|攀枝花|仁和区', 5104, 3, '0000-00-00 00:00:00', 0),
(510403, '西区', NULL, '四川|攀枝花|西区', 5104, 2, '0000-00-00 00:00:00', 0),
(510402, '东区', NULL, '四川|攀枝花|东区', 5104, 1, '0000-00-00 00:00:00', 0),
(510322, '富顺县', NULL, '四川|自贡|富顺县', 5103, 6, '0000-00-00 00:00:00', 0),
(510321, '荣县', NULL, '四川|自贡|荣县', 5103, 5, '0000-00-00 00:00:00', 0),
(510311, '沿滩区', NULL, '四川|自贡|沿滩区', 5103, 4, '0000-00-00 00:00:00', 0),
(510304, '大安区', NULL, '四川|自贡|大安区', 5103, 3, '0000-00-00 00:00:00', 0),
(510303, '贡井区', NULL, '四川|自贡|贡井区', 5103, 2, '0000-00-00 00:00:00', 0),
(510302, '自流井区', NULL, '四川|自贡|自流井区', 5103, 1, '0000-00-00 00:00:00', 0),
(510184, '崇州市', NULL, '四川|成都|崇州市', 5101, 19, '0000-00-00 00:00:00', 0),
(510183, '邛崃市', NULL, '四川|成都|邛崃市', 5101, 18, '0000-00-00 00:00:00', 0),
(510182, '彭州市', NULL, '四川|成都|彭州市', 5101, 17, '0000-00-00 00:00:00', 0),
(510181, '都江堰市', NULL, '四川|成都|都江堰市', 5101, 16, '0000-00-00 00:00:00', 0),
(510132, '新津县', NULL, '四川|成都|新津县', 5101, 15, '0000-00-00 00:00:00', 0),
(510131, '蒲江县', NULL, '四川|成都|蒲江县', 5101, 14, '0000-00-00 00:00:00', 0),
(510129, '大邑县', NULL, '四川|成都|大邑县', 5101, 13, '0000-00-00 00:00:00', 0),
(510124, '郫县', NULL, '四川|成都|郫县', 5101, 12, '0000-00-00 00:00:00', 0),
(510122, '双流县', NULL, '四川|成都|双流县', 5101, 11, '0000-00-00 00:00:00', 0),
(510121, '金堂县', NULL, '四川|成都|金堂县', 5101, 10, '0000-00-00 00:00:00', 0),
(510115, '温江区', NULL, '四川|成都|温江区', 5101, 9, '0000-00-00 00:00:00', 0),
(510114, '新都区', NULL, '四川|成都|新都区', 5101, 8, '0000-00-00 00:00:00', 0),
(510113, '青白江区', NULL, '四川|成都|青白江区', 5101, 7, '0000-00-00 00:00:00', 0),
(510112, '龙泉驿区', NULL, '四川|成都|龙泉驿区', 5101, 6, '0000-00-00 00:00:00', 0),
(510108, '成华区', NULL, '四川|成都|成华区', 5101, 5, '0000-00-00 00:00:00', 0),
(510107, '武侯区', NULL, '四川|成都|武侯区', 5101, 4, '0000-00-00 00:00:00', 0),
(510106, '金牛区', NULL, '四川|成都|金牛区', 5101, 3, '0000-00-00 00:00:00', 0),
(510105, '青羊区', NULL, '四川|成都|青羊区', 5101, 2, '0000-00-00 00:00:00', 0),
(510104, '锦江区', NULL, '四川|成都|锦江区', 5101, 1, '0000-00-00 00:00:00', 0),
(508419, '南川区', NULL, '重庆|南川|南川区', 5084, 1, '0000-00-00 00:00:00', 0),
(508318, '永川区', NULL, '重庆|永川|永川区', 5083, 1, '0000-00-00 00:00:00', 0),
(508217, '合川区', NULL, '重庆|合川|合川区', 5082, 1, '0000-00-00 00:00:00', 0),
(508116, '江津区', NULL, '重庆|江津|江津区', 5081, 1, '0000-00-00 00:00:00', 0),
(504343, '彭水苗族土家族自治县', NULL, '重庆|彭水|彭水苗族土家族自治县', 5043, 1, '0000-00-00 00:00:00', 0),
(504242, '酉阳土家族苗族自治县', NULL, '重庆|酉阳|酉阳土家族苗族自治县', 5042, 1, '0000-00-00 00:00:00', 0),
(504141, '秀山土家族苗族自治县', NULL, '重庆|秀山|秀山土家族苗族自治县', 5041, 1, '0000-00-00 00:00:00', 0),
(504040, '石柱土家族自治县', NULL, '重庆|石柱|石柱土家族自治县', 5040, 1, '0000-00-00 00:00:00', 0),
(503914, '黔江区', NULL, '重庆|黔江|黔江区', 5039, 1, '0000-00-00 00:00:00', 0),
(503838, '巫溪县', NULL, '重庆|巫溪|巫溪县', 5038, 1, '0000-00-00 00:00:00', 0),
(503737, '巫山县', NULL, '重庆|巫山|巫山县', 5037, 1, '0000-00-00 00:00:00', 0),
(503636, '奉节县', NULL, '重庆|奉节|奉节县', 5036, 1, '0000-00-00 00:00:00', 0),
(503535, '云阳县', NULL, '重庆|云阳|云阳县', 5035, 1, '0000-00-00 00:00:00', 0),
(503434, '开县', NULL, '重庆|开县|开县', 5034, 1, '0000-00-00 00:00:00', 0),
(503333, '忠县', NULL, '重庆|忠县|忠县', 5033, 1, '0000-00-00 00:00:00', 0),
(503232, '武隆县', NULL, '重庆|武隆|武隆县', 5032, 1, '0000-00-00 00:00:00', 0),
(503131, '垫江县', NULL, '重庆|垫江|垫江县', 5031, 1, '0000-00-00 00:00:00', 0),
(503030, '丰都县', NULL, '重庆|丰都|丰都县', 5030, 1, '0000-00-00 00:00:00', 0),
(502929, '城口县', NULL, '重庆|城口|城口县', 5029, 1, '0000-00-00 00:00:00', 0),
(502828, '梁平县', NULL, '重庆|梁平|梁平县', 5028, 1, '0000-00-00 00:00:00', 0),
(502727, '璧山县', NULL, '重庆|璧山|璧山县', 5027, 1, '0000-00-00 00:00:00', 0),
(502626, '荣昌县', NULL, '重庆|荣昌|荣昌县', 5026, 1, '0000-00-00 00:00:00', 0),
(502525, '大足县', NULL, '重庆|大足|大足县', 5025, 1, '0000-00-00 00:00:00', 0),
(502424, '铜梁县', NULL, '重庆|铜梁|铜梁县', 5024, 1, '0000-00-00 00:00:00', 0),
(502323, '潼南县', NULL, '重庆|潼南|潼南县', 5023, 1, '0000-00-00 00:00:00', 0),
(502222, '綦江县', NULL, '重庆|綦江|綦江县', 5022, 1, '0000-00-00 00:00:00', 0),
(502115, '长寿区', NULL, '重庆|长寿|长寿区', 5021, 1, '0000-00-00 00:00:00', 0),
(501313, '巴南区', NULL, '重庆|巴南|巴南区', 5013, 1, '0000-00-00 00:00:00', 0),
(501212, '渝北区', NULL, '重庆|渝北|渝北区', 5012, 1, '0000-00-00 00:00:00', 0),
(501111, '双桥区', NULL, '重庆|双桥|双桥区', 5011, 1, '0000-00-00 00:00:00', 0),
(501010, '万盛区', NULL, '重庆|万盛|万盛区', 5010, 1, '0000-00-00 00:00:00', 0),
(500909, '北碚区', NULL, '重庆|北碚|北碚区', 5009, 1, '0000-00-00 00:00:00', 0),
(500808, '南岸区', NULL, '重庆|南岸|南岸区', 5008, 1, '0000-00-00 00:00:00', 0),
(500707, '九龙坡区', NULL, '重庆|九龙坡|九龙坡区', 5007, 1, '0000-00-00 00:00:00', 0),
(500606, '沙坪坝区', NULL, '重庆|沙坪坝|沙坪坝区', 5006, 1, '0000-00-00 00:00:00', 0),
(500505, '江北区', NULL, '重庆|江北|江北区', 5005, 1, '0000-00-00 00:00:00', 0),
(500104, '大渡口区', NULL, '重庆|大渡口|大渡口区', 5004, 1, '0000-00-00 00:00:00', 0),
(500303, '渝中区', NULL, '重庆|渝中|渝中区', 5003, 1, '0000-00-00 00:00:00', 0),
(500202, '涪陵区', NULL, '重庆|涪陵|涪陵区', 5002, 1, '0000-00-00 00:00:00', 0),
(500101, '万州区', NULL, '重庆|万州|万州区', 5001, 1, '0000-00-00 00:00:00', 0),
(460800, '东方', NULL, '海南|东方|东方', 4608, 1, '0000-00-00 00:00:00', 0),
(460700, '万宁', NULL, '海南|万宁|万宁', 4607, 1, '0000-00-00 00:00:00', 0),
(460600, '文昌', NULL, '海南|文昌|文昌', 4606, 1, '0000-00-00 00:00:00', 0),
(460500, '儋州', NULL, '海南|儋州|儋州', 4605, 1, '0000-00-00 00:00:00', 0),
(460400, '琼海', NULL, '海南|琼海|琼海', 4604, 1, '0000-00-00 00:00:00', 0),
(460300, '五指山', NULL, '海南|五指山|五指山', 4603, 1, '0000-00-00 00:00:00', 0),
(460200, '三亚市', NULL, '海南|三亚|三亚市', 4602, 1, '0000-00-00 00:00:00', 0),
(460108, '美兰区', NULL, '海南|海口|美兰区', 4601, 4, '0000-00-00 00:00:00', 0),
(460107, '琼山区', NULL, '海南|海口|琼山区', 4601, 3, '0000-00-00 00:00:00', 0),
(460106, '龙华区', NULL, '海南|海口|龙华区', 4601, 2, '0000-00-00 00:00:00', 0),
(460105, '秀英区', NULL, '海南|海口|秀英区', 4601, 1, '0000-00-00 00:00:00', 0),
(451481, '凭祥市', NULL, '广西|崇左|凭祥市', 4514, 7, '0000-00-00 00:00:00', 0),
(451425, '天等县', NULL, '广西|崇左|天等县', 4514, 6, '0000-00-00 00:00:00', 0),
(451424, '大新县', NULL, '广西|崇左|大新县', 4514, 5, '0000-00-00 00:00:00', 0),
(451423, '龙州县', NULL, '广西|崇左|龙州县', 4514, 4, '0000-00-00 00:00:00', 0),
(451422, '宁明县', NULL, '广西|崇左|宁明县', 4514, 3, '0000-00-00 00:00:00', 0),
(451421, '扶绥县', NULL, '广西|崇左|扶绥县', 4514, 2, '0000-00-00 00:00:00', 0),
(451402, '江洲区', NULL, '广西|崇左|江洲区', 4514, 1, '0000-00-00 00:00:00', 0),
(451381, '合山市', NULL, '广西|来宾|合山市', 4513, 6, '0000-00-00 00:00:00', 0),
(451324, '金秀瑶族自治县', NULL, '广西|来宾|金秀瑶族自治县', 4513, 5, '0000-00-00 00:00:00', 0),
(451323, '武宣县', NULL, '广西|来宾|武宣县', 4513, 4, '0000-00-00 00:00:00', 0),
(451322, '象州县', NULL, '广西|来宾|象州县', 4513, 3, '0000-00-00 00:00:00', 0),
(451321, '忻城县', NULL, '广西|来宾|忻城县', 4513, 2, '0000-00-00 00:00:00', 0),
(451302, '兴宾区', NULL, '广西|来宾|兴宾区', 4513, 1, '0000-00-00 00:00:00', 0),
(451281, '宜州市', NULL, '广西|河池|宜州市', 4512, 11, '0000-00-00 00:00:00', 0),
(451229, '大化瑶族自治县', NULL, '广西|河池|大化瑶族自治县', 4512, 10, '0000-00-00 00:00:00', 0),
(451228, '都安瑶族自治县', NULL, '广西|河池|都安瑶族自治县', 4512, 9, '0000-00-00 00:00:00', 0),
(451227, '巴马瑶族自治县', NULL, '广西|河池|巴马瑶族自治县', 4512, 8, '0000-00-00 00:00:00', 0),
(451226, '环江毛南族自治县', NULL, '广西|河池|环江毛南族自治县', 4512, 7, '0000-00-00 00:00:00', 0),
(451225, '罗城仫佬族自治县', NULL, '广西|河池|罗城仫佬族自治县', 4512, 6, '0000-00-00 00:00:00', 0),
(451224, '东兰县', NULL, '广西|河池|东兰县', 4512, 5, '0000-00-00 00:00:00', 0),
(451223, '凤山县', NULL, '广西|河池|凤山县', 4512, 4, '0000-00-00 00:00:00', 0),
(451222, '天峨县', NULL, '广西|河池|天峨县', 4512, 3, '0000-00-00 00:00:00', 0),
(451221, '南丹县', NULL, '广西|河池|南丹县', 4512, 2, '0000-00-00 00:00:00', 0),
(451202, '金城江区', NULL, '广西|河池|金城江区', 4512, 1, '0000-00-00 00:00:00', 0),
(451123, '富川瑶族自治县', NULL, '广西|贺州|富川瑶族自治县', 4511, 4, '0000-00-00 00:00:00', 0),
(451122, '钟山县', NULL, '广西|贺州|钟山县', 4511, 3, '0000-00-00 00:00:00', 0),
(451121, '昭平县', NULL, '广西|贺州|昭平县', 4511, 2, '0000-00-00 00:00:00', 0),
(451102, '八步区', NULL, '广西|贺州|八步区', 4511, 1, '0000-00-00 00:00:00', 0),
(451031, '隆林各族自治县', NULL, '广西|百色|隆林各族自治县', 4510, 12, '0000-00-00 00:00:00', 0),
(451030, '西林县', NULL, '广西|百色|西林县', 4510, 11, '0000-00-00 00:00:00', 0),
(451029, '田林县', NULL, '广西|百色|田林县', 4510, 10, '0000-00-00 00:00:00', 0),
(451028, '乐业县', NULL, '广西|百色|乐业县', 4510, 9, '0000-00-00 00:00:00', 0),
(451027, '凌云县', NULL, '广西|百色|凌云县', 4510, 8, '0000-00-00 00:00:00', 0),
(451026, '那坡县', NULL, '广西|百色|那坡县', 4510, 7, '0000-00-00 00:00:00', 0),
(451025, '靖西县', NULL, '广西|百色|靖西县', 4510, 6, '0000-00-00 00:00:00', 0),
(451024, '德保县', NULL, '广西|百色|德保县', 4510, 5, '0000-00-00 00:00:00', 0),
(451023, '平果县', NULL, '广西|百色|平果县', 4510, 4, '0000-00-00 00:00:00', 0),
(451022, '田东县', NULL, '广西|百色|田东县', 4510, 3, '0000-00-00 00:00:00', 0),
(451021, '田阳县', NULL, '广西|百色|田阳县', 4510, 2, '0000-00-00 00:00:00', 0),
(451002, '右江区', NULL, '广西|百色|右江区', 4510, 1, '0000-00-00 00:00:00', 0),
(450981, '北流市', NULL, '广西|玉林|北流市', 4509, 6, '0000-00-00 00:00:00', 0),
(450924, '兴业县', NULL, '广西|玉林|兴业县', 4509, 5, '0000-00-00 00:00:00', 0),
(450923, '博白县', NULL, '广西|玉林|博白县', 4509, 4, '0000-00-00 00:00:00', 0),
(450922, '陆川县', NULL, '广西|玉林|陆川县', 4509, 3, '0000-00-00 00:00:00', 0),
(450921, '容县', NULL, '广西|玉林|容县', 4509, 2, '0000-00-00 00:00:00', 0),
(450902, '玉州区', NULL, '广西|玉林|玉州区', 4509, 1, '0000-00-00 00:00:00', 0),
(450881, '桂平市', NULL, '广西|贵港|桂平市', 4508, 5, '0000-00-00 00:00:00', 0),
(450821, '平南县', NULL, '广西|贵港|平南县', 4508, 4, '0000-00-00 00:00:00', 0),
(450804, '覃塘区', NULL, '广西|贵港|覃塘区', 4508, 3, '0000-00-00 00:00:00', 0),
(450803, '港南区', NULL, '广西|贵港|港南区', 4508, 2, '0000-00-00 00:00:00', 0),
(450802, '港北区', NULL, '广西|贵港|港北区', 4508, 1, '0000-00-00 00:00:00', 0),
(450722, '浦北县', NULL, '广西|钦州|浦北县', 4507, 4, '0000-00-00 00:00:00', 0),
(450721, '灵山县', NULL, '广西|钦州|灵山县', 4507, 3, '0000-00-00 00:00:00', 0),
(450703, '钦北区', NULL, '广西|钦州|钦北区', 4507, 2, '0000-00-00 00:00:00', 0),
(450702, '钦南区', NULL, '广西|钦州|钦南区', 4507, 1, '0000-00-00 00:00:00', 0),
(450681, '东兴市', NULL, '广西|防城港|东兴市', 4506, 4, '0000-00-00 00:00:00', 0),
(450621, '上思县', NULL, '广西|防城港|上思县', 4506, 3, '0000-00-00 00:00:00', 0),
(450603, '防城区', NULL, '广西|防城港|防城区', 4506, 2, '0000-00-00 00:00:00', 0),
(450602, '港口区', NULL, '广西|防城港|港口区', 4506, 1, '0000-00-00 00:00:00', 0),
(450521, '合浦县', NULL, '广西|北海|合浦县', 4505, 4, '0000-00-00 00:00:00', 0),
(450512, '铁山港区', NULL, '广西|北海|铁山港区', 4505, 3, '0000-00-00 00:00:00', 0),
(450503, '银海区', NULL, '广西|北海|银海区', 4505, 2, '0000-00-00 00:00:00', 0),
(450502, '海城区', NULL, '广西|北海|海城区', 4505, 1, '0000-00-00 00:00:00', 0),
(450481, '岑溪市', NULL, '广西|梧州|岑溪市', 4504, 7, '0000-00-00 00:00:00', 0),
(450423, '蒙山县', NULL, '广西|梧州|蒙山县', 4504, 6, '0000-00-00 00:00:00', 0),
(450422, '藤县', NULL, '广西|梧州|藤县', 4504, 5, '0000-00-00 00:00:00', 0),
(450421, '苍梧县', NULL, '广西|梧州|苍梧县', 4504, 4, '0000-00-00 00:00:00', 0),
(450405, '长洲区', NULL, '广西|梧州|长洲区', 4504, 3, '0000-00-00 00:00:00', 0),
(450404, '蝶山区', NULL, '广西|梧州|蝶山区', 4504, 2, '0000-00-00 00:00:00', 0),
(450403, '万秀区', NULL, '广西|梧州|万秀区', 4504, 1, '0000-00-00 00:00:00', 0),
(450332, '恭城瑶族自治县', NULL, '广西|桂林|恭城瑶族自治县', 4503, 17, '0000-00-00 00:00:00', 0),
(450331, '荔蒲县', NULL, '广西|桂林|荔蒲县', 4503, 16, '0000-00-00 00:00:00', 0),
(450330, '平乐县', NULL, '广西|桂林|平乐县', 4503, 15, '0000-00-00 00:00:00', 0),
(450329, '资源县', NULL, '广西|桂林|资源县', 4503, 14, '0000-00-00 00:00:00', 0),
(450328, '龙胜各族自治县', NULL, '广西|桂林|龙胜各族自治县', 4503, 13, '0000-00-00 00:00:00', 0),
(450327, '灌阳县', NULL, '广西|桂林|灌阳县', 4503, 12, '0000-00-00 00:00:00', 0),
(450326, '永福县', NULL, '广西|桂林|永福县', 4503, 11, '0000-00-00 00:00:00', 0),
(450325, '兴安县', NULL, '广西|桂林|兴安县', 4503, 10, '0000-00-00 00:00:00', 0),
(450324, '全州县', NULL, '广西|桂林|全州县', 4503, 9, '0000-00-00 00:00:00', 0),
(450323, '灵川县', NULL, '广西|桂林|灵川县', 4503, 8, '0000-00-00 00:00:00', 0),
(450322, '临桂县', NULL, '广西|桂林|临桂县', 4503, 7, '0000-00-00 00:00:00', 0),
(450321, '阳朔县', NULL, '广西|桂林|阳朔县', 4503, 6, '0000-00-00 00:00:00', 0),
(450311, '雁山区', NULL, '广西|桂林|雁山区', 4503, 5, '0000-00-00 00:00:00', 0),
(450305, '七星区', NULL, '广西|桂林|七星区', 4503, 4, '0000-00-00 00:00:00', 0),
(450304, '象山区', NULL, '广西|桂林|象山区', 4503, 3, '0000-00-00 00:00:00', 0),
(450303, '叠彩区', NULL, '广西|桂林|叠彩区', 4503, 2, '0000-00-00 00:00:00', 0),
(450302, '秀峰区', NULL, '广西|桂林|秀峰区', 4503, 1, '0000-00-00 00:00:00', 0),
(450226, '三江侗族自治县', NULL, '广西|柳州|三江侗族自治县', 4502, 10, '0000-00-00 00:00:00', 0),
(450225, '融水苗族自治县', NULL, '广西|柳州|融水苗族自治县', 4502, 9, '0000-00-00 00:00:00', 0),
(450224, '融安县', NULL, '广西|柳州|融安县', 4502, 8, '0000-00-00 00:00:00', 0),
(450223, '鹿寨县', NULL, '广西|柳州|鹿寨县', 4502, 7, '0000-00-00 00:00:00', 0),
(450222, '柳城县', NULL, '广西|柳州|柳城县', 4502, 6, '0000-00-00 00:00:00', 0),
(450221, '柳江县', NULL, '广西|柳州|柳江县', 4502, 5, '0000-00-00 00:00:00', 0),
(450205, '柳北区', NULL, '广西|柳州|柳北区', 4502, 4, '0000-00-00 00:00:00', 0),
(450204, '柳南区', NULL, '广西|柳州|柳南区', 4502, 3, '0000-00-00 00:00:00', 0),
(450203, '鱼峰区', NULL, '广西|柳州|鱼峰区', 4502, 2, '0000-00-00 00:00:00', 0),
(450202, '城中区', NULL, '广西|柳州|城中区', 4502, 1, '0000-00-00 00:00:00', 0),
(450127, '横县', NULL, '广西|南宁|横县', 4501, 12, '0000-00-00 00:00:00', 0),
(450126, '宾阳县', NULL, '广西|南宁|宾阳县', 4501, 11, '0000-00-00 00:00:00', 0),
(450125, '上林县', NULL, '广西|南宁|上林县', 4501, 10, '0000-00-00 00:00:00', 0),
(450124, '马山县', NULL, '广西|南宁|马山县', 4501, 9, '0000-00-00 00:00:00', 0),
(450123, '隆安县', NULL, '广西|南宁|隆安县', 4501, 8, '0000-00-00 00:00:00', 0),
(450122, '武鸣县', NULL, '广西|南宁|武鸣县', 4501, 7, '0000-00-00 00:00:00', 0),
(450109, '邕宁区', NULL, '广西|南宁|邕宁区', 4501, 6, '0000-00-00 00:00:00', 0),
(450108, '良庆区', NULL, '广西|南宁|良庆区', 4501, 5, '0000-00-00 00:00:00', 0),
(450107, '西乡塘区', NULL, '广西|南宁|西乡塘区', 4501, 4, '0000-00-00 00:00:00', 0);
INSERT INTO `city` (`id`, `name`, `first_letter`, `description`, `parent_id`, `sort_num`, `create_time`, `author`) VALUES
(450105, '江南区', NULL, '广西|南宁|江南区', 4501, 3, '0000-00-00 00:00:00', 0),
(450103, '青秀区', NULL, '广西|南宁|青秀区', 4501, 2, '0000-00-00 00:00:00', 0),
(450102, '兴宁区', NULL, '广西|南宁|兴宁区', 4501, 1, '0000-00-00 00:00:00', 0),
(445381, '罗定市', NULL, '广东|云浮|罗定市', 4453, 5, '0000-00-00 00:00:00', 0),
(445323, '云安县', NULL, '广东|云浮|云安县', 4453, 4, '0000-00-00 00:00:00', 0),
(445322, '郁南县', NULL, '广东|云浮|郁南县', 4453, 3, '0000-00-00 00:00:00', 0),
(445321, '新兴县', NULL, '广东|云浮|新兴县', 4453, 2, '0000-00-00 00:00:00', 0),
(445302, '云城区', NULL, '广东|云浮|云城区', 4453, 1, '0000-00-00 00:00:00', 0),
(445281, '普宁市', NULL, '广东|揭阳|普宁市', 4452, 5, '0000-00-00 00:00:00', 0),
(445224, '惠来县', NULL, '广东|揭阳|惠来县', 4452, 4, '0000-00-00 00:00:00', 0),
(445222, '揭西县', NULL, '广东|揭阳|揭西县', 4452, 3, '0000-00-00 00:00:00', 0),
(445221, '揭东县', NULL, '广东|揭阳|揭东县', 4452, 2, '0000-00-00 00:00:00', 0),
(445202, '榕城区', NULL, '广东|揭阳|榕城区', 4452, 1, '0000-00-00 00:00:00', 0),
(445122, '饶平县', NULL, '广东|潮州|饶平县', 4451, 3, '0000-00-00 00:00:00', 0),
(445121, '潮安县', NULL, '广东|潮州|潮安县', 4451, 2, '0000-00-00 00:00:00', 0),
(445102, '湘桥区', NULL, '广东|潮州|湘桥区', 4451, 1, '0000-00-00 00:00:00', 0),
(442000, '中山市', NULL, '广东|中山|中山市', 4420, 1, '0000-00-00 00:00:00', 0),
(441900, '东莞市', NULL, '广东|东莞|东莞市', 4419, 1, '0000-00-00 00:00:00', 0),
(441882, '连州市', NULL, '广东|清远|连州市', 4418, 8, '0000-00-00 00:00:00', 0),
(441881, '英德市', NULL, '广东|清远|英德市', 4418, 7, '0000-00-00 00:00:00', 0),
(441827, '清新县', NULL, '广东|清远|清新县', 4418, 6, '0000-00-00 00:00:00', 0),
(441826, '连南瑶族自治县', NULL, '广东|清远|连南瑶族自治县', 4418, 5, '0000-00-00 00:00:00', 0),
(441825, '连山壮族瑶族自治县', NULL, '广东|清远|连山壮族瑶族自治县', 4418, 4, '0000-00-00 00:00:00', 0),
(441823, '阳山县', NULL, '广东|清远|阳山县', 4418, 3, '0000-00-00 00:00:00', 0),
(441821, '佛冈县', NULL, '广东|清远|佛冈县', 4418, 2, '0000-00-00 00:00:00', 0),
(441802, '清城区', NULL, '广东|清远|清城区', 4418, 1, '0000-00-00 00:00:00', 0),
(441781, '阳春市', NULL, '广东|阳江|阳春市', 4417, 4, '0000-00-00 00:00:00', 0),
(441723, '阳东县', NULL, '广东|阳江|阳东县', 4417, 3, '0000-00-00 00:00:00', 0),
(441721, '阳西县', NULL, '广东|阳江|阳西县', 4417, 2, '0000-00-00 00:00:00', 0),
(441702, '江城区', NULL, '广东|阳江|江城区', 4417, 1, '0000-00-00 00:00:00', 0),
(441625, '东源县', NULL, '广东|河源|东源县', 4416, 6, '0000-00-00 00:00:00', 0),
(441624, '和平县', NULL, '广东|河源|和平县', 4416, 5, '0000-00-00 00:00:00', 0),
(441623, '连平县', NULL, '广东|河源|连平县', 4416, 4, '0000-00-00 00:00:00', 0),
(441622, '龙川县', NULL, '广东|河源|龙川县', 4416, 3, '0000-00-00 00:00:00', 0),
(441621, '紫金县', NULL, '广东|河源|紫金县', 4416, 2, '0000-00-00 00:00:00', 0),
(441602, '源城区', NULL, '广东|河源|源城区', 4416, 1, '0000-00-00 00:00:00', 0),
(441581, '陆丰市', NULL, '广东|汕尾|陆丰市', 4415, 4, '0000-00-00 00:00:00', 0),
(441523, '陆河县', NULL, '广东|汕尾|陆河县', 4415, 3, '0000-00-00 00:00:00', 0),
(441521, '海丰县', NULL, '广东|汕尾|海丰县', 4415, 2, '0000-00-00 00:00:00', 0),
(441502, '城区', NULL, '广东|汕尾|城区', 4415, 1, '0000-00-00 00:00:00', 0),
(441481, '兴宁市', NULL, '广东|梅州|兴宁市', 4414, 8, '0000-00-00 00:00:00', 0),
(441427, '蕉岭县', NULL, '广东|梅州|蕉岭县', 4414, 7, '0000-00-00 00:00:00', 0),
(441426, '平远县', NULL, '广东|梅州|平远县', 4414, 6, '0000-00-00 00:00:00', 0),
(441424, '五华县', NULL, '广东|梅州|五华县', 4414, 5, '0000-00-00 00:00:00', 0),
(441423, '丰顺县', NULL, '广东|梅州|丰顺县', 4414, 4, '0000-00-00 00:00:00', 0),
(441422, '大埔县', NULL, '广东|梅州|大埔县', 4414, 3, '0000-00-00 00:00:00', 0),
(441421, '梅县', NULL, '广东|梅州|梅县', 4414, 2, '0000-00-00 00:00:00', 0),
(441402, '梅江区', NULL, '广东|梅州|梅江区', 4414, 1, '0000-00-00 00:00:00', 0),
(441324, '龙门县', NULL, '广东|惠州|龙门县', 4413, 5, '0000-00-00 00:00:00', 0),
(441323, '惠东县', NULL, '广东|惠州|惠东县', 4413, 4, '0000-00-00 00:00:00', 0),
(441322, '博罗县', NULL, '广东|惠州|博罗县', 4413, 3, '0000-00-00 00:00:00', 0),
(441303, '惠阳区', NULL, '广东|惠州|惠阳区', 4413, 2, '0000-00-00 00:00:00', 0),
(441302, '惠城区', NULL, '广东|惠州|惠城区', 4413, 1, '0000-00-00 00:00:00', 0),
(441284, '四会市', NULL, '广东|肇庆|四会市', 4412, 8, '0000-00-00 00:00:00', 0),
(441283, '高要市', NULL, '广东|肇庆|高要市', 4412, 7, '0000-00-00 00:00:00', 0),
(441226, '德庆县', NULL, '广东|肇庆|德庆县', 4412, 6, '0000-00-00 00:00:00', 0),
(441225, '封开县', NULL, '广东|肇庆|封开县', 4412, 5, '0000-00-00 00:00:00', 0),
(441224, '怀集县', NULL, '广东|肇庆|怀集县', 4412, 4, '0000-00-00 00:00:00', 0),
(441223, '广宁县', NULL, '广东|肇庆|广宁县', 4412, 3, '0000-00-00 00:00:00', 0),
(441203, '鼎湖区', NULL, '广东|肇庆|鼎湖区', 4412, 2, '0000-00-00 00:00:00', 0),
(441202, '端州区', NULL, '广东|肇庆|端州区', 4412, 1, '0000-00-00 00:00:00', 0),
(440983, '信宜市', NULL, '广东|茂名|信宜市', 4409, 6, '0000-00-00 00:00:00', 0),
(440982, '化州市', NULL, '广东|茂名|化州市', 4409, 5, '0000-00-00 00:00:00', 0),
(440981, '高州市', NULL, '广东|茂名|高州市', 4409, 4, '0000-00-00 00:00:00', 0),
(440923, '电白县', NULL, '广东|茂名|电白县', 4409, 3, '0000-00-00 00:00:00', 0),
(440903, '茂港区', NULL, '广东|茂名|茂港区', 4409, 2, '0000-00-00 00:00:00', 0),
(440902, '茂南区', NULL, '广东|茂名|茂南区', 4409, 1, '0000-00-00 00:00:00', 0),
(440883, '吴川市', NULL, '广东|湛江|吴川市', 4408, 9, '0000-00-00 00:00:00', 0),
(440882, '雷州市', NULL, '广东|湛江|雷州市', 4408, 8, '0000-00-00 00:00:00', 0),
(440881, '廉江市', NULL, '广东|湛江|廉江市', 4408, 7, '0000-00-00 00:00:00', 0),
(440825, '徐闻县', NULL, '广东|湛江|徐闻县', 4408, 6, '0000-00-00 00:00:00', 0),
(440823, '遂溪县', NULL, '广东|湛江|遂溪县', 4408, 5, '0000-00-00 00:00:00', 0),
(440811, '麻章区', NULL, '广东|湛江|麻章区', 4408, 4, '0000-00-00 00:00:00', 0),
(440804, '坡头区', NULL, '广东|湛江|坡头区', 4408, 3, '0000-00-00 00:00:00', 0),
(440803, '霞山区', NULL, '广东|湛江|霞山区', 4408, 2, '0000-00-00 00:00:00', 0),
(440802, '赤坎区', NULL, '广东|湛江|赤坎区', 4408, 1, '0000-00-00 00:00:00', 0),
(440785, '恩平市', NULL, '广东|江门|恩平市', 4407, 7, '0000-00-00 00:00:00', 0),
(440784, '鹤山市', NULL, '广东|江门|鹤山市', 4407, 6, '0000-00-00 00:00:00', 0),
(440783, '开平市', NULL, '广东|江门|开平市', 4407, 5, '0000-00-00 00:00:00', 0),
(440781, '台山市', NULL, '广东|江门|台山市', 4407, 4, '0000-00-00 00:00:00', 0),
(440705, '新会区', NULL, '广东|江门|新会区', 4407, 3, '0000-00-00 00:00:00', 0),
(440704, '江海区', NULL, '广东|江门|江海区', 4407, 2, '0000-00-00 00:00:00', 0),
(440703, '蓬江区', NULL, '广东|江门|蓬江区', 4407, 1, '0000-00-00 00:00:00', 0),
(440608, '高明区', NULL, '广东|佛山|高明区', 4406, 5, '0000-00-00 00:00:00', 0),
(440607, '三水区', NULL, '广东|佛山|三水区', 4406, 4, '0000-00-00 00:00:00', 0),
(440606, '顺德区', NULL, '广东|佛山|顺德区', 4406, 3, '0000-00-00 00:00:00', 0),
(440605, '南海区', NULL, '广东|佛山|南海区', 4406, 2, '0000-00-00 00:00:00', 0),
(440604, '禅城区', NULL, '广东|佛山|禅城区', 4406, 1, '0000-00-00 00:00:00', 0),
(440523, '南澳县', NULL, '广东|汕头|南澳县', 4405, 7, '0000-00-00 00:00:00', 0),
(440515, '澄海区', NULL, '广东|汕头|澄海区', 4405, 6, '0000-00-00 00:00:00', 0),
(440514, '潮南区', NULL, '广东|汕头|潮南区', 4405, 5, '0000-00-00 00:00:00', 0),
(440513, '潮阳区', NULL, '广东|汕头|潮阳区', 4405, 4, '0000-00-00 00:00:00', 0),
(440512, '濠江区', NULL, '广东|汕头|濠江区', 4405, 3, '0000-00-00 00:00:00', 0),
(440511, '金平区', NULL, '广东|汕头|金平区', 4405, 2, '0000-00-00 00:00:00', 0),
(440507, '龙湖区', NULL, '广东|汕头|龙湖区', 4405, 1, '0000-00-00 00:00:00', 0),
(440404, '金湾区', NULL, '广东|珠海|金湾区', 4404, 3, '0000-00-00 00:00:00', 0),
(440403, '斗门区', NULL, '广东|珠海|斗门区', 4404, 2, '0000-00-00 00:00:00', 0),
(440402, '香洲区', NULL, '广东|珠海|香洲区', 4404, 1, '0000-00-00 00:00:00', 0),
(440308, '盐田区', NULL, '广东|深圳|盐田区', 4403, 6, '0000-00-00 00:00:00', 0),
(440307, '龙岗区', NULL, '广东|深圳|龙岗区', 4403, 5, '0000-00-00 00:00:00', 0),
(440306, '宝安区', NULL, '广东|深圳|宝安区', 4403, 4, '0000-00-00 00:00:00', 0),
(440305, '南山区', NULL, '广东|深圳|南山区', 4403, 3, '0000-00-00 00:00:00', 0),
(440304, '福田区', NULL, '广东|深圳|福田区', 4403, 2, '0000-00-00 00:00:00', 0),
(440303, '罗湖区', NULL, '广东|深圳|罗湖区', 4403, 1, '0000-00-00 00:00:00', 0),
(440282, '南雄市', NULL, '广东|韶关|南雄市', 4402, 10, '0000-00-00 00:00:00', 0),
(440281, '乐昌市', NULL, '广东|韶关|乐昌市', 4402, 9, '0000-00-00 00:00:00', 0),
(440233, '新丰县', NULL, '广东|韶关|新丰县', 4402, 8, '0000-00-00 00:00:00', 0),
(440232, '乳源瑶族自治县', NULL, '广东|韶关|乳源瑶族自治县', 4402, 7, '0000-00-00 00:00:00', 0),
(440229, '翁源县', NULL, '广东|韶关|翁源县', 4402, 6, '0000-00-00 00:00:00', 0),
(440224, '仁化县', NULL, '广东|韶关|仁化县', 4402, 5, '0000-00-00 00:00:00', 0),
(440222, '始兴县', NULL, '广东|韶关|始兴县', 4402, 4, '0000-00-00 00:00:00', 0),
(440205, '曲江区', NULL, '广东|韶关|曲江区', 4402, 3, '0000-00-00 00:00:00', 0),
(440204, '浈江区', NULL, '广东|韶关|浈江区', 4402, 2, '0000-00-00 00:00:00', 0),
(440203, '武江区', NULL, '广东|韶关|武江区', 4402, 1, '0000-00-00 00:00:00', 0),
(440184, '从化市', NULL, '广东|广州|从化市', 4401, 12, '0000-00-00 00:00:00', 0),
(440183, '增城市', NULL, '广东|广州|增城市', 4401, 11, '0000-00-00 00:00:00', 0),
(440116, '萝岗区', NULL, '广东|广州|萝岗区', 4401, 10, '0000-00-00 00:00:00', 0),
(440115, '南沙区', NULL, '广东|广州|南沙区', 4401, 9, '0000-00-00 00:00:00', 0),
(440114, '花都区', NULL, '广东|广州|花都区', 4401, 8, '0000-00-00 00:00:00', 0),
(440113, '番禺区', NULL, '广东|广州|番禺区', 4401, 7, '0000-00-00 00:00:00', 0),
(440112, '黄埔区', NULL, '广东|广州|黄埔区', 4401, 6, '0000-00-00 00:00:00', 0),
(440111, '白云区', NULL, '广东|广州|白云区', 4401, 5, '0000-00-00 00:00:00', 0),
(440106, '天河区', NULL, '广东|广州|天河区', 4401, 4, '0000-00-00 00:00:00', 0),
(440105, '海珠区', NULL, '广东|广州|海珠区', 4401, 3, '0000-00-00 00:00:00', 0),
(440104, '越秀区', NULL, '广东|广州|越秀区', 4401, 2, '0000-00-00 00:00:00', 0),
(440103, '荔湾区', NULL, '广东|广州|荔湾区', 4401, 1, '0000-00-00 00:00:00', 0),
(433130, '龙山县', NULL, '湖南|湘西|龙山县', 4331, 8, '0000-00-00 00:00:00', 0),
(433127, '永顺县', NULL, '湖南|湘西|永顺县', 4331, 7, '0000-00-00 00:00:00', 0),
(433126, '古丈县', NULL, '湖南|湘西|古丈县', 4331, 6, '0000-00-00 00:00:00', 0),
(433125, '保靖县', NULL, '湖南|湘西|保靖县', 4331, 5, '0000-00-00 00:00:00', 0),
(433124, '花垣县', NULL, '湖南|湘西|花垣县', 4331, 4, '0000-00-00 00:00:00', 0),
(433123, '凤凰县', NULL, '湖南|湘西|凤凰县', 4331, 3, '0000-00-00 00:00:00', 0),
(433122, '泸溪县', NULL, '湖南|湘西|泸溪县', 4331, 2, '0000-00-00 00:00:00', 0),
(433101, '吉首市', NULL, '湖南|湘西|吉首市', 4331, 1, '0000-00-00 00:00:00', 0),
(431382, '涟源市', NULL, '湖南|娄底|涟源市', 4313, 5, '0000-00-00 00:00:00', 0),
(431381, '冷水江市', NULL, '湖南|娄底|冷水江市', 4313, 4, '0000-00-00 00:00:00', 0),
(431322, '新化县', NULL, '湖南|娄底|新化县', 4313, 3, '0000-00-00 00:00:00', 0),
(431321, '双峰县', NULL, '湖南|娄底|双峰县', 4313, 2, '0000-00-00 00:00:00', 0),
(431302, '娄星区', NULL, '湖南|娄底|娄星区', 4313, 1, '0000-00-00 00:00:00', 0),
(431281, '洪江市', NULL, '湖南|怀化|洪江市', 4312, 12, '0000-00-00 00:00:00', 0),
(431230, '通道侗族自治县', NULL, '湖南|怀化|通道侗族自治县', 4312, 11, '0000-00-00 00:00:00', 0),
(431229, '靖州苗族侗族自治县', NULL, '湖南|怀化|靖州苗族侗族自治县', 4312, 10, '0000-00-00 00:00:00', 0),
(431228, '芷江侗族自治县', NULL, '湖南|怀化|芷江侗族自治县', 4312, 9, '0000-00-00 00:00:00', 0),
(431227, '新晃侗族自治县', NULL, '湖南|怀化|新晃侗族自治县', 4312, 8, '0000-00-00 00:00:00', 0),
(431226, '麻阳苗族自治县', NULL, '湖南|怀化|麻阳苗族自治县', 4312, 7, '0000-00-00 00:00:00', 0),
(431225, '会同县', NULL, '湖南|怀化|会同县', 4312, 6, '0000-00-00 00:00:00', 0),
(431224, '溆浦县', NULL, '湖南|怀化|溆浦县', 4312, 5, '0000-00-00 00:00:00', 0),
(431223, '辰溪县', NULL, '湖南|怀化|辰溪县', 4312, 4, '0000-00-00 00:00:00', 0),
(431222, '沅陵县', NULL, '湖南|怀化|沅陵县', 4312, 3, '0000-00-00 00:00:00', 0),
(431221, '中方县', NULL, '湖南|怀化|中方县', 4312, 2, '0000-00-00 00:00:00', 0),
(431202, '鹤城区', NULL, '湖南|怀化|鹤城区', 4312, 1, '0000-00-00 00:00:00', 0),
(431129, '江华瑶族自治县', NULL, '湖南|永州|江华瑶族自治县', 4311, 11, '0000-00-00 00:00:00', 0),
(431128, '新田县', NULL, '湖南|永州|新田县', 4311, 10, '0000-00-00 00:00:00', 0),
(431127, '蓝山县', NULL, '湖南|永州|蓝山县', 4311, 9, '0000-00-00 00:00:00', 0),
(431126, '宁远县', NULL, '湖南|永州|宁远县', 4311, 8, '0000-00-00 00:00:00', 0),
(431125, '江永县', NULL, '湖南|永州|江永县', 4311, 7, '0000-00-00 00:00:00', 0),
(431124, '道县', NULL, '湖南|永州|道县', 4311, 6, '0000-00-00 00:00:00', 0),
(431123, '双牌县', NULL, '湖南|永州|双牌县', 4311, 5, '0000-00-00 00:00:00', 0),
(431122, '东安县', NULL, '湖南|永州|东安县', 4311, 4, '0000-00-00 00:00:00', 0),
(431121, '祁阳县', NULL, '湖南|永州|祁阳县', 4311, 3, '0000-00-00 00:00:00', 0),
(431103, '冷水滩区', NULL, '湖南|永州|冷水滩区', 4311, 2, '0000-00-00 00:00:00', 0),
(431102, '零陵区', NULL, '湖南|永州|零陵区', 4311, 1, '0000-00-00 00:00:00', 0),
(431081, '资兴市', NULL, '湖南|郴州|资兴市', 4310, 11, '0000-00-00 00:00:00', 0),
(431028, '安仁县', NULL, '湖南|郴州|安仁县', 4310, 10, '0000-00-00 00:00:00', 0),
(431027, '桂东县', NULL, '湖南|郴州|桂东县', 4310, 9, '0000-00-00 00:00:00', 0),
(431026, '汝城县', NULL, '湖南|郴州|汝城县', 4310, 8, '0000-00-00 00:00:00', 0),
(431025, '临武县', NULL, '湖南|郴州|临武县', 4310, 7, '0000-00-00 00:00:00', 0),
(431024, '嘉禾县', NULL, '湖南|郴州|嘉禾县', 4310, 6, '0000-00-00 00:00:00', 0),
(431023, '永兴县', NULL, '湖南|郴州|永兴县', 4310, 5, '0000-00-00 00:00:00', 0),
(431022, '宜章县', NULL, '湖南|郴州|宜章县', 4310, 4, '0000-00-00 00:00:00', 0),
(431021, '桂阳县', NULL, '湖南|郴州|桂阳县', 4310, 3, '0000-00-00 00:00:00', 0),
(431003, '苏仙区', NULL, '湖南|郴州|苏仙区', 4310, 2, '0000-00-00 00:00:00', 0),
(431002, '北湖区', NULL, '湖南|郴州|北湖区', 4310, 1, '0000-00-00 00:00:00', 0),
(430981, '沅江市', NULL, '湖南|益阳|沅江市', 4309, 6, '0000-00-00 00:00:00', 0),
(430923, '安化县', NULL, '湖南|益阳|安化县', 4309, 5, '0000-00-00 00:00:00', 0),
(430922, '桃江县', NULL, '湖南|益阳|桃江县', 4309, 4, '0000-00-00 00:00:00', 0),
(430921, '南县', NULL, '湖南|益阳|南县', 4309, 3, '0000-00-00 00:00:00', 0),
(430903, '赫山区', NULL, '湖南|益阳|赫山区', 4309, 2, '0000-00-00 00:00:00', 0),
(430902, '资阳区', NULL, '湖南|益阳|资阳区', 4309, 1, '0000-00-00 00:00:00', 0),
(430822, '桑植县', NULL, '湖南|张家界|桑植县', 4308, 4, '0000-00-00 00:00:00', 0),
(430821, '慈利县', NULL, '湖南|张家界|慈利县', 4308, 3, '0000-00-00 00:00:00', 0),
(430811, '武陵源区', NULL, '湖南|张家界|武陵源区', 4308, 2, '0000-00-00 00:00:00', 0),
(430802, '永定区', NULL, '湖南|张家界|永定区', 4308, 1, '0000-00-00 00:00:00', 0),
(430781, '津市市', NULL, '湖南|常德|津市市', 4307, 9, '0000-00-00 00:00:00', 0),
(430726, '石门县', NULL, '湖南|常德|石门县', 4307, 8, '0000-00-00 00:00:00', 0),
(430725, '桃源县', NULL, '湖南|常德|桃源县', 4307, 7, '0000-00-00 00:00:00', 0),
(430724, '临澧县', NULL, '湖南|常德|临澧县', 4307, 6, '0000-00-00 00:00:00', 0),
(430723, '澧县', NULL, '湖南|常德|澧县', 4307, 5, '0000-00-00 00:00:00', 0),
(430722, '汉寿县', NULL, '湖南|常德|汉寿县', 4307, 4, '0000-00-00 00:00:00', 0),
(430721, '安乡县', NULL, '湖南|常德|安乡县', 4307, 3, '0000-00-00 00:00:00', 0),
(430703, '鼎城区', NULL, '湖南|常德|鼎城区', 4307, 2, '0000-00-00 00:00:00', 0),
(430702, '武陵区', NULL, '湖南|常德|武陵区', 4307, 1, '0000-00-00 00:00:00', 0),
(430682, '临湘市', NULL, '湖南|岳阳|临湘市', 4306, 9, '0000-00-00 00:00:00', 0),
(430681, '汨罗市', NULL, '湖南|岳阳|汨罗市', 4306, 8, '0000-00-00 00:00:00', 0),
(430626, '平江县', NULL, '湖南|岳阳|平江县', 4306, 7, '0000-00-00 00:00:00', 0),
(430624, '湘阴县', NULL, '湖南|岳阳|湘阴县', 4306, 6, '0000-00-00 00:00:00', 0),
(430623, '华容县', NULL, '湖南|岳阳|华容县', 4306, 5, '0000-00-00 00:00:00', 0),
(430621, '岳阳县', NULL, '湖南|岳阳|岳阳县', 4306, 4, '0000-00-00 00:00:00', 0),
(430611, '君山区', NULL, '湖南|岳阳|君山区', 4306, 3, '0000-00-00 00:00:00', 0),
(430603, '云溪区', NULL, '湖南|岳阳|云溪区', 4306, 2, '0000-00-00 00:00:00', 0),
(430602, '岳阳楼区', NULL, '湖南|岳阳|岳阳楼区', 4306, 1, '0000-00-00 00:00:00', 0),
(430581, '武冈市', NULL, '湖南|邵阳|武冈市', 4305, 12, '0000-00-00 00:00:00', 0),
(430529, '城步苗族自治县', NULL, '湖南|邵阳|城步苗族自治县', 4305, 11, '0000-00-00 00:00:00', 0),
(430528, '新宁县', NULL, '湖南|邵阳|新宁县', 4305, 10, '0000-00-00 00:00:00', 0),
(430527, '绥宁县', NULL, '湖南|邵阳|绥宁县', 4305, 9, '0000-00-00 00:00:00', 0),
(430525, '洞口县', NULL, '湖南|邵阳|洞口县', 4305, 8, '0000-00-00 00:00:00', 0),
(430524, '隆回县', NULL, '湖南|邵阳|隆回县', 4305, 7, '0000-00-00 00:00:00', 0),
(430523, '邵阳县', NULL, '湖南|邵阳|邵阳县', 4305, 6, '0000-00-00 00:00:00', 0),
(430522, '新邵县', NULL, '湖南|邵阳|新邵县', 4305, 5, '0000-00-00 00:00:00', 0),
(430521, '邵东县', NULL, '湖南|邵阳|邵东县', 4305, 4, '0000-00-00 00:00:00', 0),
(430511, '北塔区', NULL, '湖南|邵阳|北塔区', 4305, 3, '0000-00-00 00:00:00', 0),
(430503, '大祥区', NULL, '湖南|邵阳|大祥区', 4305, 2, '0000-00-00 00:00:00', 0),
(430502, '双清区', NULL, '湖南|邵阳|双清区', 4305, 1, '0000-00-00 00:00:00', 0),
(430482, '常宁市', NULL, '湖南|衡阳|常宁市', 4304, 12, '0000-00-00 00:00:00', 0),
(430481, '耒阳市', NULL, '湖南|衡阳|耒阳市', 4304, 11, '0000-00-00 00:00:00', 0),
(430426, '祁东县', NULL, '湖南|衡阳|祁东县', 4304, 10, '0000-00-00 00:00:00', 0),
(430424, '衡东县', NULL, '湖南|衡阳|衡东县', 4304, 9, '0000-00-00 00:00:00', 0),
(430423, '衡山县', NULL, '湖南|衡阳|衡山县', 4304, 8, '0000-00-00 00:00:00', 0),
(430422, '衡南县', NULL, '湖南|衡阳|衡南县', 4304, 7, '0000-00-00 00:00:00', 0),
(430421, '衡阳县', NULL, '湖南|衡阳|衡阳县', 4304, 6, '0000-00-00 00:00:00', 0),
(430412, '南岳区', NULL, '湖南|衡阳|南岳区', 4304, 5, '0000-00-00 00:00:00', 0),
(430408, '蒸湘区', NULL, '湖南|衡阳|蒸湘区', 4304, 4, '0000-00-00 00:00:00', 0),
(430407, '石鼓区', NULL, '湖南|衡阳|石鼓区', 4304, 3, '0000-00-00 00:00:00', 0),
(430406, '雁峰区', NULL, '湖南|衡阳|雁峰区', 4304, 2, '0000-00-00 00:00:00', 0),
(430405, '珠晖区', NULL, '湖南|衡阳|珠晖区', 4304, 1, '0000-00-00 00:00:00', 0),
(430382, '韶山市', NULL, '湖南|湘潭|韶山市', 4303, 5, '0000-00-00 00:00:00', 0),
(430381, '湘乡市', NULL, '湖南|湘潭|湘乡市', 4303, 4, '0000-00-00 00:00:00', 0),
(430321, '湘潭县', NULL, '湖南|湘潭|湘潭县', 4303, 3, '0000-00-00 00:00:00', 0),
(430304, '岳塘区', NULL, '湖南|湘潭|岳塘区', 4303, 2, '0000-00-00 00:00:00', 0),
(430302, '雨湖区', NULL, '湖南|湘潭|雨湖区', 4303, 1, '0000-00-00 00:00:00', 0),
(430281, '醴陵市', NULL, '湖南|株洲|醴陵市', 4302, 9, '0000-00-00 00:00:00', 0),
(430225, '炎陵县', NULL, '湖南|株洲|炎陵县', 4302, 8, '0000-00-00 00:00:00', 0),
(430224, '茶陵县', NULL, '湖南|株洲|茶陵县', 4302, 7, '0000-00-00 00:00:00', 0),
(430223, '攸县', NULL, '湖南|株洲|攸县', 4302, 6, '0000-00-00 00:00:00', 0),
(430221, '株洲县', NULL, '湖南|株洲|株洲县', 4302, 5, '0000-00-00 00:00:00', 0),
(430211, '天元区', NULL, '湖南|株洲|天元区', 4302, 4, '0000-00-00 00:00:00', 0),
(430204, '石峰区', NULL, '湖南|株洲|石峰区', 4302, 3, '0000-00-00 00:00:00', 0),
(430203, '芦淞区', NULL, '湖南|株洲|芦淞区', 4302, 2, '0000-00-00 00:00:00', 0),
(430202, '荷塘区', NULL, '湖南|株洲|荷塘区', 4302, 1, '0000-00-00 00:00:00', 0),
(430181, '浏阳市', NULL, '湖南|长沙|浏阳市', 4301, 9, '0000-00-00 00:00:00', 0),
(430124, '宁乡县', NULL, '湖南|长沙|宁乡县', 4301, 8, '0000-00-00 00:00:00', 0),
(430122, '望城县', NULL, '湖南|长沙|望城县', 4301, 7, '0000-00-00 00:00:00', 0),
(430121, '长沙县', NULL, '湖南|长沙|长沙县', 4301, 6, '0000-00-00 00:00:00', 0),
(430111, '雨花区', NULL, '湖南|长沙|雨花区', 4301, 5, '0000-00-00 00:00:00', 0),
(430105, '开福区', NULL, '湖南|长沙|开福区', 4301, 4, '0000-00-00 00:00:00', 0),
(430104, '岳麓区', NULL, '湖南|长沙|岳麓区', 4301, 3, '0000-00-00 00:00:00', 0),
(430103, '天心区', NULL, '湖南|长沙|天心区', 4301, 2, '0000-00-00 00:00:00', 0),
(430102, '芙蓉区', NULL, '湖南|长沙|芙蓉区', 4301, 1, '0000-00-00 00:00:00', 0),
(423200, '神农架', NULL, '湖北|神农架|神农架', 4232, 1, '0000-00-00 00:00:00', 0),
(423100, '天门', NULL, '湖北|天门|天门', 4231, 1, '0000-00-00 00:00:00', 0),
(423000, '潜江', NULL, '湖北|潜江|潜江', 4230, 1, '0000-00-00 00:00:00', 0),
(422900, '仙桃', NULL, '湖北|仙桃|仙桃', 4229, 1, '0000-00-00 00:00:00', 0),
(422828, '鹤峰县', NULL, '湖北|恩施|鹤峰县', 4228, 8, '0000-00-00 00:00:00', 0),
(422827, '来凤县', NULL, '湖北|恩施|来凤县', 4228, 7, '0000-00-00 00:00:00', 0),
(422826, '咸丰县', NULL, '湖北|恩施|咸丰县', 4228, 6, '0000-00-00 00:00:00', 0),
(422825, '宣恩县', NULL, '湖北|恩施|宣恩县', 4228, 5, '0000-00-00 00:00:00', 0),
(422823, '巴东县', NULL, '湖北|恩施|巴东县', 4228, 4, '0000-00-00 00:00:00', 0),
(422822, '建始县', NULL, '湖北|恩施|建始县', 4228, 3, '0000-00-00 00:00:00', 0),
(422802, '利川市', NULL, '湖北|恩施|利川市', 4228, 2, '0000-00-00 00:00:00', 0),
(422801, '恩施市', NULL, '湖北|恩施|恩施市', 4228, 1, '0000-00-00 00:00:00', 0),
(421321, '随县', NULL, '湖北|随州|随县', 4213, 3, '0000-00-00 00:00:00', 0),
(421381, '广水市', NULL, '湖北|随州|广水市', 4213, 2, '0000-00-00 00:00:00', 0),
(421302, '曾都区', NULL, '湖北|随州|曾都区', 4213, 1, '0000-00-00 00:00:00', 0),
(421281, '赤壁市', NULL, '湖北|咸宁|赤壁市', 4212, 6, '0000-00-00 00:00:00', 0),
(421224, '通山县', NULL, '湖北|咸宁|通山县', 4212, 5, '0000-00-00 00:00:00', 0),
(421223, '崇阳县', NULL, '湖北|咸宁|崇阳县', 4212, 4, '0000-00-00 00:00:00', 0),
(421222, '通城县', NULL, '湖北|咸宁|通城县', 4212, 3, '0000-00-00 00:00:00', 0),
(421221, '嘉鱼县', NULL, '湖北|咸宁|嘉鱼县', 4212, 2, '0000-00-00 00:00:00', 0),
(421202, '咸安区', NULL, '湖北|咸宁|咸安区', 4212, 1, '0000-00-00 00:00:00', 0),
(421182, '武穴市', NULL, '湖北|黄冈|武穴市', 4211, 10, '0000-00-00 00:00:00', 0),
(421181, '麻城市', NULL, '湖北|黄冈|麻城市', 4211, 9, '0000-00-00 00:00:00', 0),
(421127, '黄梅县', NULL, '湖北|黄冈|黄梅县', 4211, 8, '0000-00-00 00:00:00', 0),
(421126, '蕲春县', NULL, '湖北|黄冈|蕲春县', 4211, 7, '0000-00-00 00:00:00', 0),
(421125, '浠水县', NULL, '湖北|黄冈|浠水县', 4211, 6, '0000-00-00 00:00:00', 0),
(421124, '英山县', NULL, '湖北|黄冈|英山县', 4211, 5, '0000-00-00 00:00:00', 0),
(421123, '罗田县', NULL, '湖北|黄冈|罗田县', 4211, 4, '0000-00-00 00:00:00', 0),
(421122, '红安县', NULL, '湖北|黄冈|红安县', 4211, 3, '0000-00-00 00:00:00', 0),
(421121, '团风县', NULL, '湖北|黄冈|团风县', 4211, 2, '0000-00-00 00:00:00', 0),
(421102, '黄州区', NULL, '湖北|黄冈|黄州区', 4211, 1, '0000-00-00 00:00:00', 0),
(421087, '松滋市', NULL, '湖北|荆州|松滋市', 4210, 8, '0000-00-00 00:00:00', 0),
(421083, '洪湖市', NULL, '湖北|荆州|洪湖市', 4210, 7, '0000-00-00 00:00:00', 0),
(421081, '石首市', NULL, '湖北|荆州|石首市', 4210, 6, '0000-00-00 00:00:00', 0),
(421024, '江陵县', NULL, '湖北|荆州|江陵县', 4210, 5, '0000-00-00 00:00:00', 0),
(421023, '监利县', NULL, '湖北|荆州|监利县', 4210, 4, '0000-00-00 00:00:00', 0),
(421022, '公安县', NULL, '湖北|荆州|公安县', 4210, 3, '0000-00-00 00:00:00', 0),
(421003, '荆州区', NULL, '湖北|荆州|荆州区', 4210, 2, '0000-00-00 00:00:00', 0),
(421002, '沙市区', NULL, '湖北|荆州|沙市区', 4210, 1, '0000-00-00 00:00:00', 0),
(420984, '汉川市', NULL, '湖北|孝感|汉川市', 4209, 7, '0000-00-00 00:00:00', 0),
(420982, '安陆市', NULL, '湖北|孝感|安陆市', 4209, 6, '0000-00-00 00:00:00', 0),
(420981, '应城市', NULL, '湖北|孝感|应城市', 4209, 5, '0000-00-00 00:00:00', 0),
(420923, '云梦县', NULL, '湖北|孝感|云梦县', 4209, 4, '0000-00-00 00:00:00', 0),
(420922, '大悟县', NULL, '湖北|孝感|大悟县', 4209, 3, '0000-00-00 00:00:00', 0),
(420921, '孝昌县', NULL, '湖北|孝感|孝昌县', 4209, 2, '0000-00-00 00:00:00', 0),
(420902, '孝南区', NULL, '湖北|孝感|孝南区', 4209, 1, '0000-00-00 00:00:00', 0),
(420881, '钟祥市', NULL, '湖北|荆门|钟祥市', 4208, 5, '0000-00-00 00:00:00', 0),
(420822, '沙洋县', NULL, '湖北|荆门|沙洋县', 4208, 4, '0000-00-00 00:00:00', 0),
(420821, '京山县', NULL, '湖北|荆门|京山县', 4208, 3, '0000-00-00 00:00:00', 0),
(420804, '掇刀区', NULL, '湖北|荆门|掇刀区', 4208, 2, '0000-00-00 00:00:00', 0),
(420802, '东宝区', NULL, '湖北|荆门|东宝区', 4208, 1, '0000-00-00 00:00:00', 0),
(420704, '鄂城区', NULL, '湖北|鄂州|鄂城区', 4207, 3, '0000-00-00 00:00:00', 0),
(420703, '华容区', NULL, '湖北|鄂州|华容区', 4207, 2, '0000-00-00 00:00:00', 0),
(420702, '梁子湖区', NULL, '湖北|鄂州|梁子湖区', 4207, 1, '0000-00-00 00:00:00', 0),
(420684, '宜城市', NULL, '湖北|襄樊|宜城市', 4206, 9, '0000-00-00 00:00:00', 0),
(420683, '枣阳市', NULL, '湖北|襄樊|枣阳市', 4206, 8, '0000-00-00 00:00:00', 0),
(420682, '老河口市', NULL, '湖北|襄樊|老河口市', 4206, 7, '0000-00-00 00:00:00', 0),
(420626, '保康县', NULL, '湖北|襄樊|保康县', 4206, 6, '0000-00-00 00:00:00', 0),
(420625, '谷城县', NULL, '湖北|襄樊|谷城县', 4206, 5, '0000-00-00 00:00:00', 0),
(420624, '南漳县', NULL, '湖北|襄樊|南漳县', 4206, 4, '0000-00-00 00:00:00', 0),
(420607, '襄阳区', NULL, '湖北|襄樊|襄阳区', 4206, 3, '0000-00-00 00:00:00', 0),
(420606, '樊城区', NULL, '湖北|襄樊|樊城区', 4206, 2, '0000-00-00 00:00:00', 0),
(420602, '襄城区', NULL, '湖北|襄樊|襄城区', 4206, 1, '0000-00-00 00:00:00', 0),
(420583, '枝江市', NULL, '湖北|宜昌|枝江市', 4205, 13, '0000-00-00 00:00:00', 0),
(420582, '当阳市', NULL, '湖北|宜昌|当阳市', 4205, 12, '0000-00-00 00:00:00', 0),
(420581, '宜都市', NULL, '湖北|宜昌|宜都市', 4205, 11, '0000-00-00 00:00:00', 0),
(420529, '五峰土家族自治县', NULL, '湖北|宜昌|五峰土家族自治县', 4205, 10, '0000-00-00 00:00:00', 0),
(420528, '长阳土家族自治县', NULL, '湖北|宜昌|长阳土家族自治县', 4205, 9, '0000-00-00 00:00:00', 0),
(420527, '秭归县', NULL, '湖北|宜昌|秭归县', 4205, 8, '0000-00-00 00:00:00', 0),
(420526, '兴山县', NULL, '湖北|宜昌|兴山县', 4205, 7, '0000-00-00 00:00:00', 0),
(420525, '远安县', NULL, '湖北|宜昌|远安县', 4205, 6, '0000-00-00 00:00:00', 0),
(420506, '夷陵区', NULL, '湖北|宜昌|夷陵区', 4205, 5, '0000-00-00 00:00:00', 0),
(420505, '猇亭区', NULL, '湖北|宜昌|猇亭区', 4205, 4, '0000-00-00 00:00:00', 0),
(420504, '点军区', NULL, '湖北|宜昌|点军区', 4205, 3, '0000-00-00 00:00:00', 0),
(420503, '伍家岗区', NULL, '湖北|宜昌|伍家岗区', 4205, 2, '0000-00-00 00:00:00', 0),
(420502, '西陵区', NULL, '湖北|宜昌|西陵区', 4205, 1, '0000-00-00 00:00:00', 0),
(420381, '丹江口市', NULL, '湖北|十堰|丹江口市', 4203, 8, '0000-00-00 00:00:00', 0),
(420325, '房县', NULL, '湖北|十堰|房县', 4203, 7, '0000-00-00 00:00:00', 0),
(420324, '竹溪县', NULL, '湖北|十堰|竹溪县', 4203, 6, '0000-00-00 00:00:00', 0),
(420323, '竹山县', NULL, '湖北|十堰|竹山县', 4203, 5, '0000-00-00 00:00:00', 0),
(420322, '郧西县', NULL, '湖北|十堰|郧西县', 4203, 4, '0000-00-00 00:00:00', 0),
(420321, '郧县', NULL, '湖北|十堰|郧县', 4203, 3, '0000-00-00 00:00:00', 0),
(420303, '张湾区', NULL, '湖北|十堰|张湾区', 4203, 2, '0000-00-00 00:00:00', 0),
(420302, '茅箭区', NULL, '湖北|十堰|茅箭区', 4203, 1, '0000-00-00 00:00:00', 0),
(420281, '大冶市', NULL, '湖北|黄石|大冶市', 4202, 6, '0000-00-00 00:00:00', 0),
(420222, '阳新县', NULL, '湖北|黄石|阳新县', 4202, 5, '0000-00-00 00:00:00', 0),
(420205, '铁山区', NULL, '湖北|黄石|铁山区', 4202, 4, '0000-00-00 00:00:00', 0),
(420204, '下陆区', NULL, '湖北|黄石|下陆区', 4202, 3, '0000-00-00 00:00:00', 0),
(420203, '西塞山区', NULL, '湖北|黄石|西塞山区', 4202, 2, '0000-00-00 00:00:00', 0),
(420202, '黄石港区', NULL, '湖北|黄石|黄石港区', 4202, 1, '0000-00-00 00:00:00', 0),
(420117, '新洲区', NULL, '湖北|武汉|新洲区', 4201, 13, '0000-00-00 00:00:00', 0),
(420116, '黄陂区', NULL, '湖北|武汉|黄陂区', 4201, 12, '0000-00-00 00:00:00', 0),
(420115, '江夏区', NULL, '湖北|武汉|江夏区', 4201, 11, '0000-00-00 00:00:00', 0),
(420114, '蔡甸区', NULL, '湖北|武汉|蔡甸区', 4201, 10, '0000-00-00 00:00:00', 0),
(420113, '汉南区', NULL, '湖北|武汉|汉南区', 4201, 9, '0000-00-00 00:00:00', 0),
(420112, '东西湖区', NULL, '湖北|武汉|东西湖区', 4201, 8, '0000-00-00 00:00:00', 0),
(420111, '洪山区', NULL, '湖北|武汉|洪山区', 4201, 7, '0000-00-00 00:00:00', 0),
(420107, '青山区', NULL, '湖北|武汉|青山区', 4201, 6, '0000-00-00 00:00:00', 0),
(420106, '武昌区', NULL, '湖北|武汉|武昌区', 4201, 5, '0000-00-00 00:00:00', 0),
(420105, '汉阳区', NULL, '湖北|武汉|汉阳区', 4201, 4, '0000-00-00 00:00:00', 0),
(420104, '硚口区', NULL, '湖北|武汉|硚口区', 4201, 3, '0000-00-00 00:00:00', 0),
(420103, '江汉区', NULL, '湖北|武汉|江汉区', 4201, 2, '0000-00-00 00:00:00', 0),
(420102, '江岸区', NULL, '湖北|武汉|江岸区', 4201, 1, '0000-00-00 00:00:00', 0),
(411800, '济源', NULL, '河南|济源|济源', 4118, 1, '0000-00-00 00:00:00', 0),
(411729, '新蔡县', NULL, '河南|驻马店|新蔡县', 4117, 10, '0000-00-00 00:00:00', 0),
(411728, '遂平县', NULL, '河南|驻马店|遂平县', 4117, 9, '0000-00-00 00:00:00', 0),
(411727, '汝南县', NULL, '河南|驻马店|汝南县', 4117, 8, '0000-00-00 00:00:00', 0),
(411726, '泌阳县', NULL, '河南|驻马店|泌阳县', 4117, 7, '0000-00-00 00:00:00', 0),
(411725, '确山县', NULL, '河南|驻马店|确山县', 4117, 6, '0000-00-00 00:00:00', 0),
(411724, '正阳县', NULL, '河南|驻马店|正阳县', 4117, 5, '0000-00-00 00:00:00', 0),
(411723, '平舆县', NULL, '河南|驻马店|平舆县', 4117, 4, '0000-00-00 00:00:00', 0),
(411722, '上蔡县', NULL, '河南|驻马店|上蔡县', 4117, 3, '0000-00-00 00:00:00', 0),
(411721, '西平县', NULL, '河南|驻马店|西平县', 4117, 2, '0000-00-00 00:00:00', 0),
(411702, '驿城区', NULL, '河南|驻马店|驿城区', 4117, 1, '0000-00-00 00:00:00', 0),
(411681, '项城市', NULL, '河南|周口|项城市', 4116, 10, '0000-00-00 00:00:00', 0),
(411628, '鹿邑县', NULL, '河南|周口|鹿邑县', 4116, 9, '0000-00-00 00:00:00', 0),
(411627, '太康县', NULL, '河南|周口|太康县', 4116, 8, '0000-00-00 00:00:00', 0),
(411626, '淮阳县', NULL, '河南|周口|淮阳县', 4116, 7, '0000-00-00 00:00:00', 0),
(411625, '郸城县', NULL, '河南|周口|郸城县', 4116, 6, '0000-00-00 00:00:00', 0),
(411624, '沈丘县', NULL, '河南|周口|沈丘县', 4116, 5, '0000-00-00 00:00:00', 0),
(411623, '商水县', NULL, '河南|周口|商水县', 4116, 4, '0000-00-00 00:00:00', 0),
(411622, '西华县', NULL, '河南|周口|西华县', 4116, 3, '0000-00-00 00:00:00', 0),
(411621, '扶沟县', NULL, '河南|周口|扶沟县', 4116, 2, '0000-00-00 00:00:00', 0),
(411602, '川汇区', NULL, '河南|周口|川汇区', 4116, 1, '0000-00-00 00:00:00', 0),
(411528, '息县', NULL, '河南|信阳|息县', 4115, 10, '0000-00-00 00:00:00', 0),
(411527, '淮滨县', NULL, '河南|信阳|淮滨县', 4115, 9, '0000-00-00 00:00:00', 0),
(411526, '潢川县', NULL, '河南|信阳|潢川县', 4115, 8, '0000-00-00 00:00:00', 0),
(411525, '固始县', NULL, '河南|信阳|固始县', 4115, 7, '0000-00-00 00:00:00', 0),
(411524, '商城县', NULL, '河南|信阳|商城县', 4115, 6, '0000-00-00 00:00:00', 0),
(411523, '新县', NULL, '河南|信阳|新县', 4115, 5, '0000-00-00 00:00:00', 0),
(411522, '光山县', NULL, '河南|信阳|光山县', 4115, 4, '0000-00-00 00:00:00', 0),
(411521, '罗山县', NULL, '河南|信阳|罗山县', 4115, 3, '0000-00-00 00:00:00', 0),
(411503, '平桥区', NULL, '河南|信阳|平桥区', 4115, 2, '0000-00-00 00:00:00', 0),
(411502, '浉河区', NULL, '河南|信阳|浉河区', 4115, 1, '0000-00-00 00:00:00', 0),
(411481, '永城市', NULL, '河南|商丘|永城市', 4114, 9, '0000-00-00 00:00:00', 0),
(411426, '夏邑县', NULL, '河南|商丘|夏邑县', 4114, 8, '0000-00-00 00:00:00', 0),
(411425, '虞城县', NULL, '河南|商丘|虞城县', 4114, 7, '0000-00-00 00:00:00', 0),
(411424, '柘城县', NULL, '河南|商丘|柘城县', 4114, 6, '0000-00-00 00:00:00', 0),
(411423, '宁陵县', NULL, '河南|商丘|宁陵县', 4114, 5, '0000-00-00 00:00:00', 0),
(411422, '睢县', NULL, '河南|商丘|睢县', 4114, 4, '0000-00-00 00:00:00', 0),
(411421, '民权县', NULL, '河南|商丘|民权县', 4114, 3, '0000-00-00 00:00:00', 0),
(411403, '睢阳区', NULL, '河南|商丘|睢阳区', 4114, 2, '0000-00-00 00:00:00', 0),
(411402, '梁园区', NULL, '河南|商丘|梁园区', 4114, 1, '0000-00-00 00:00:00', 0),
(411381, '邓州市', NULL, '河南|南阳|邓州市', 4113, 13, '0000-00-00 00:00:00', 0),
(411330, '桐柏县', NULL, '河南|南阳|桐柏县', 4113, 12, '0000-00-00 00:00:00', 0),
(411329, '新野县', NULL, '河南|南阳|新野县', 4113, 11, '0000-00-00 00:00:00', 0),
(411328, '唐河县', NULL, '河南|南阳|唐河县', 4113, 10, '0000-00-00 00:00:00', 0),
(411327, '社旗县', NULL, '河南|南阳|社旗县', 4113, 9, '0000-00-00 00:00:00', 0),
(411326, '淅川县', NULL, '河南|南阳|淅川县', 4113, 8, '0000-00-00 00:00:00', 0),
(411325, '内乡县', NULL, '河南|南阳|内乡县', 4113, 7, '0000-00-00 00:00:00', 0),
(411324, '镇平县', NULL, '河南|南阳|镇平县', 4113, 6, '0000-00-00 00:00:00', 0),
(411323, '西峡县', NULL, '河南|南阳|西峡县', 4113, 5, '0000-00-00 00:00:00', 0),
(411322, '方城县', NULL, '河南|南阳|方城县', 4113, 4, '0000-00-00 00:00:00', 0),
(411321, '南召县', NULL, '河南|南阳|南召县', 4113, 3, '0000-00-00 00:00:00', 0),
(411303, '卧龙区', NULL, '河南|南阳|卧龙区', 4113, 2, '0000-00-00 00:00:00', 0),
(411302, '宛城区', NULL, '河南|南阳|宛城区', 4113, 1, '0000-00-00 00:00:00', 0),
(411282, '灵宝市', NULL, '河南|三门峡|灵宝市', 4112, 6, '0000-00-00 00:00:00', 0),
(411281, '义马市', NULL, '河南|三门峡|义马市', 4112, 5, '0000-00-00 00:00:00', 0),
(411224, '卢氏县', NULL, '河南|三门峡|卢氏县', 4112, 4, '0000-00-00 00:00:00', 0),
(411222, '陕县', NULL, '河南|三门峡|陕县', 4112, 3, '0000-00-00 00:00:00', 0),
(411221, '渑池县', NULL, '河南|三门峡|渑池县', 4112, 2, '0000-00-00 00:00:00', 0),
(411202, '湖滨区', NULL, '河南|三门峡|湖滨区', 4112, 1, '0000-00-00 00:00:00', 0),
(411122, '临颍县', NULL, '河南|漯河|临颍县', 4111, 5, '0000-00-00 00:00:00', 0),
(411121, '舞阳县', NULL, '河南|漯河|舞阳县', 4111, 4, '0000-00-00 00:00:00', 0),
(411104, '召陵区', NULL, '河南|漯河|召陵区', 4111, 3, '0000-00-00 00:00:00', 0),
(411103, '郾城区', NULL, '河南|漯河|郾城区', 4111, 2, '0000-00-00 00:00:00', 0),
(411102, '源汇区', NULL, '河南|漯河|源汇区', 4111, 1, '0000-00-00 00:00:00', 0),
(411082, '长葛市', NULL, '河南|许昌|长葛市', 4110, 6, '0000-00-00 00:00:00', 0),
(411081, '禹州市', NULL, '河南|许昌|禹州市', 4110, 5, '0000-00-00 00:00:00', 0),
(411025, '襄城县', NULL, '河南|许昌|襄城县', 4110, 4, '0000-00-00 00:00:00', 0),
(411024, '鄢陵县', NULL, '河南|许昌|鄢陵县', 4110, 3, '0000-00-00 00:00:00', 0),
(411023, '许昌县', NULL, '河南|许昌|许昌县', 4110, 2, '0000-00-00 00:00:00', 0),
(411002, '魏都区', NULL, '河南|许昌|魏都区', 4110, 1, '0000-00-00 00:00:00', 0),
(410928, '濮阳县', NULL, '河南|濮阳|濮阳县', 4109, 6, '0000-00-00 00:00:00', 0),
(410927, '台前县', NULL, '河南|濮阳|台前县', 4109, 5, '0000-00-00 00:00:00', 0),
(410926, '范县', NULL, '河南|濮阳|范县', 4109, 4, '0000-00-00 00:00:00', 0),
(410923, '南乐县', NULL, '河南|濮阳|南乐县', 4109, 3, '0000-00-00 00:00:00', 0),
(410922, '清丰县', NULL, '河南|濮阳|清丰县', 4109, 2, '0000-00-00 00:00:00', 0),
(410902, '华龙区', NULL, '河南|濮阳|华龙区', 4109, 1, '0000-00-00 00:00:00', 0),
(410883, '孟州市', NULL, '河南|焦作|孟州市', 4108, 10, '0000-00-00 00:00:00', 0),
(410882, '沁阳市', NULL, '河南|焦作|沁阳市', 4108, 9, '0000-00-00 00:00:00', 0),
(410825, '温县', NULL, '河南|焦作|温县', 4108, 8, '0000-00-00 00:00:00', 0),
(410823, '武陟县', NULL, '河南|焦作|武陟县', 4108, 7, '0000-00-00 00:00:00', 0),
(410822, '博爱县', NULL, '河南|焦作|博爱县', 4108, 6, '0000-00-00 00:00:00', 0),
(410821, '修武县', NULL, '河南|焦作|修武县', 4108, 5, '0000-00-00 00:00:00', 0),
(410811, '山阳区', NULL, '河南|焦作|山阳区', 4108, 4, '0000-00-00 00:00:00', 0),
(410804, '马村区', NULL, '河南|焦作|马村区', 4108, 3, '0000-00-00 00:00:00', 0),
(410803, '中站区', NULL, '河南|焦作|中站区', 4108, 2, '0000-00-00 00:00:00', 0),
(410802, '解放区', NULL, '河南|焦作|解放区', 4108, 1, '0000-00-00 00:00:00', 0),
(410782, '辉县市', NULL, '河南|新乡|辉县市', 4107, 12, '0000-00-00 00:00:00', 0),
(410781, '卫辉市', NULL, '河南|新乡|卫辉市', 4107, 11, '0000-00-00 00:00:00', 0),
(410728, '长垣县', NULL, '河南|新乡|长垣县', 4107, 10, '0000-00-00 00:00:00', 0),
(410727, '封丘县', NULL, '河南|新乡|封丘县', 4107, 9, '0000-00-00 00:00:00', 0),
(410726, '延津县', NULL, '河南|新乡|延津县', 4107, 8, '0000-00-00 00:00:00', 0),
(410725, '原阳县', NULL, '河南|新乡|原阳县', 4107, 7, '0000-00-00 00:00:00', 0),
(410724, '获嘉县', NULL, '河南|新乡|获嘉县', 4107, 6, '0000-00-00 00:00:00', 0),
(410721, '新乡县', NULL, '河南|新乡|新乡县', 4107, 5, '0000-00-00 00:00:00', 0),
(410711, '牧野区', NULL, '河南|新乡|牧野区', 4107, 4, '0000-00-00 00:00:00', 0),
(410704, '凤泉区', NULL, '河南|新乡|凤泉区', 4107, 3, '0000-00-00 00:00:00', 0),
(410703, '卫滨区', NULL, '河南|新乡|卫滨区', 4107, 2, '0000-00-00 00:00:00', 0),
(410702, '红旗区', NULL, '河南|新乡|红旗区', 4107, 1, '0000-00-00 00:00:00', 0),
(410622, '淇县', NULL, '河南|鹤壁|淇县', 4106, 5, '0000-00-00 00:00:00', 0),
(410621, '浚县', NULL, '河南|鹤壁|浚县', 4106, 4, '0000-00-00 00:00:00', 0),
(410611, '淇滨区', NULL, '河南|鹤壁|淇滨区', 4106, 3, '0000-00-00 00:00:00', 0),
(410603, '山城区', NULL, '河南|鹤壁|山城区', 4106, 2, '0000-00-00 00:00:00', 0),
(410602, '鹤山区', NULL, '河南|鹤壁|鹤山区', 4106, 1, '0000-00-00 00:00:00', 0),
(410581, '林州市', NULL, '河南|安阳|林州市', 4105, 9, '0000-00-00 00:00:00', 0),
(410527, '内黄县', NULL, '河南|安阳|内黄县', 4105, 8, '0000-00-00 00:00:00', 0),
(410526, '滑县', NULL, '河南|安阳|滑县', 4105, 7, '0000-00-00 00:00:00', 0),
(410523, '汤阴县', NULL, '河南|安阳|汤阴县', 4105, 6, '0000-00-00 00:00:00', 0),
(410522, '安阳县', NULL, '河南|安阳|安阳县', 4105, 5, '0000-00-00 00:00:00', 0),
(410506, '龙安区', NULL, '河南|安阳|龙安区', 4105, 4, '0000-00-00 00:00:00', 0),
(410505, '殷都区', NULL, '河南|安阳|殷都区', 4105, 3, '0000-00-00 00:00:00', 0),
(410503, '北关区', NULL, '河南|安阳|北关区', 4105, 2, '0000-00-00 00:00:00', 0),
(410502, '文峰区', NULL, '河南|安阳|文峰区', 4105, 1, '0000-00-00 00:00:00', 0),
(410482, '汝州市', NULL, '河南|平顶山|汝州市', 4104, 10, '0000-00-00 00:00:00', 0),
(410481, '舞钢市', NULL, '河南|平顶山|舞钢市', 4104, 9, '0000-00-00 00:00:00', 0),
(410425, '郏县', NULL, '河南|平顶山|郏县', 4104, 8, '0000-00-00 00:00:00', 0),
(410423, '鲁山县', NULL, '河南|平顶山|鲁山县', 4104, 7, '0000-00-00 00:00:00', 0),
(410422, '叶县', NULL, '河南|平顶山|叶县', 4104, 6, '0000-00-00 00:00:00', 0),
(410421, '宝丰县', NULL, '河南|平顶山|宝丰县', 4104, 5, '0000-00-00 00:00:00', 0),
(410411, '湛河区', NULL, '河南|平顶山|湛河区', 4104, 4, '0000-00-00 00:00:00', 0),
(410404, '石龙区', NULL, '河南|平顶山|石龙区', 4104, 3, '0000-00-00 00:00:00', 0),
(410403, '卫东区', NULL, '河南|平顶山|卫东区', 4104, 2, '0000-00-00 00:00:00', 0),
(410402, '新华区', NULL, '河南|平顶山|新华区', 4104, 1, '0000-00-00 00:00:00', 0),
(410381, '偃师市', NULL, '河南|洛阳|偃师市', 4103, 15, '0000-00-00 00:00:00', 0),
(410329, '伊川县', NULL, '河南|洛阳|伊川县', 4103, 14, '0000-00-00 00:00:00', 0),
(410328, '洛宁县', NULL, '河南|洛阳|洛宁县', 4103, 13, '0000-00-00 00:00:00', 0),
(410327, '宜阳县', NULL, '河南|洛阳|宜阳县', 4103, 12, '0000-00-00 00:00:00', 0),
(410326, '汝阳县', NULL, '河南|洛阳|汝阳县', 4103, 11, '0000-00-00 00:00:00', 0),
(410325, '嵩县', NULL, '河南|洛阳|嵩县', 4103, 10, '0000-00-00 00:00:00', 0),
(410324, '栾川县', NULL, '河南|洛阳|栾川县', 4103, 9, '0000-00-00 00:00:00', 0),
(410323, '新安县', NULL, '河南|洛阳|新安县', 4103, 8, '0000-00-00 00:00:00', 0),
(410322, '孟津县', NULL, '河南|洛阳|孟津县', 4103, 7, '0000-00-00 00:00:00', 0),
(410307, '洛龙区', NULL, '河南|洛阳|洛龙区', 4103, 6, '0000-00-00 00:00:00', 0),
(410306, '吉利区', NULL, '河南|洛阳|吉利区', 4103, 5, '0000-00-00 00:00:00', 0),
(410305, '涧西区', NULL, '河南|洛阳|涧西区', 4103, 4, '0000-00-00 00:00:00', 0),
(410304, '廛河回族区', NULL, '河南|洛阳|廛河回族区', 4103, 3, '0000-00-00 00:00:00', 0),
(410303, '西工区', NULL, '河南|洛阳|西工区', 4103, 2, '0000-00-00 00:00:00', 0),
(410302, '老城区', NULL, '河南|洛阳|老城区', 4103, 1, '0000-00-00 00:00:00', 0),
(410225, '兰考县', NULL, '河南|开封|兰考县', 4102, 10, '0000-00-00 00:00:00', 0),
(410224, '开封县', NULL, '河南|开封|开封县', 4102, 9, '0000-00-00 00:00:00', 0),
(410223, '尉氏县', NULL, '河南|开封|尉氏县', 4102, 8, '0000-00-00 00:00:00', 0),
(410222, '通许县', NULL, '河南|开封|通许县', 4102, 7, '0000-00-00 00:00:00', 0),
(410221, '杞县', NULL, '河南|开封|杞县', 4102, 6, '0000-00-00 00:00:00', 0),
(410211, '金明区', NULL, '河南|开封|金明区', 4102, 5, '0000-00-00 00:00:00', 0),
(410205, '禹王台区', NULL, '河南|开封|禹王台区', 4102, 4, '0000-00-00 00:00:00', 0),
(410204, '鼓楼区', NULL, '河南|开封|鼓楼区', 4102, 3, '0000-00-00 00:00:00', 0),
(410203, '顺河回族区', NULL, '河南|开封|顺河回族区', 4102, 2, '0000-00-00 00:00:00', 0),
(410202, '龙亭区', NULL, '河南|开封|龙亭区', 4102, 1, '0000-00-00 00:00:00', 0),
(410185, '登封市', NULL, '河南|郑州|登封市', 4101, 12, '0000-00-00 00:00:00', 0),
(410184, '新郑市', NULL, '河南|郑州|新郑市', 4101, 11, '0000-00-00 00:00:00', 0),
(410183, '新密市', NULL, '河南|郑州|新密市', 4101, 10, '0000-00-00 00:00:00', 0),
(410182, '荥阳市', NULL, '河南|郑州|荥阳市', 4101, 9, '0000-00-00 00:00:00', 0),
(410181, '巩义市', NULL, '河南|郑州|巩义市', 4101, 8, '0000-00-00 00:00:00', 0),
(410122, '中牟县', NULL, '河南|郑州|中牟县', 4101, 7, '0000-00-00 00:00:00', 0),
(410108, '惠济区', NULL, '河南|郑州|惠济区', 4101, 6, '0000-00-00 00:00:00', 0),
(410106, '上街区', NULL, '河南|郑州|上街区', 4101, 5, '0000-00-00 00:00:00', 0),
(410105, '金水区', NULL, '河南|郑州|金水区', 4101, 4, '0000-00-00 00:00:00', 0),
(410104, '管城回族区', NULL, '河南|郑州|管城回族区', 4101, 3, '0000-00-00 00:00:00', 0),
(410103, '二七区', NULL, '河南|郑州|二七区', 4101, 2, '0000-00-00 00:00:00', 0),
(410102, '中原区', NULL, '河南|郑州|中原区', 4101, 1, '0000-00-00 00:00:00', 0),
(371728, '东明县', NULL, '山东|菏泽|东明县', 3717, 9, '0000-00-00 00:00:00', 0),
(371727, '定陶县', NULL, '山东|菏泽|定陶县', 3717, 8, '0000-00-00 00:00:00', 0),
(371726, '鄄城县', NULL, '山东|菏泽|鄄城县', 3717, 7, '0000-00-00 00:00:00', 0),
(371725, '郓城县', NULL, '山东|菏泽|郓城县', 3717, 6, '0000-00-00 00:00:00', 0),
(371724, '巨野县', NULL, '山东|菏泽|巨野县', 3717, 5, '0000-00-00 00:00:00', 0),
(371723, '成武县', NULL, '山东|菏泽|成武县', 3717, 4, '0000-00-00 00:00:00', 0),
(371722, '单县', NULL, '山东|菏泽|单县', 3717, 3, '0000-00-00 00:00:00', 0),
(371721, '曹县', NULL, '山东|菏泽|曹县', 3717, 2, '0000-00-00 00:00:00', 0),
(371702, '牡丹区', NULL, '山东|菏泽|牡丹区', 3717, 1, '0000-00-00 00:00:00', 0),
(371626, '邹平县', NULL, '山东|滨州|邹平县', 3716, 7, '0000-00-00 00:00:00', 0),
(371625, '博兴县', NULL, '山东|滨州|博兴县', 3716, 6, '0000-00-00 00:00:00', 0),
(371624, '沾化县', NULL, '山东|滨州|沾化县', 3716, 5, '0000-00-00 00:00:00', 0),
(371623, '无棣县', NULL, '山东|滨州|无棣县', 3716, 4, '0000-00-00 00:00:00', 0),
(371622, '阳信县', NULL, '山东|滨州|阳信县', 3716, 3, '0000-00-00 00:00:00', 0),
(371621, '惠民县', NULL, '山东|滨州|惠民县', 3716, 2, '0000-00-00 00:00:00', 0),
(371602, '滨城区', NULL, '山东|滨州|滨城区', 3716, 1, '0000-00-00 00:00:00', 0),
(371581, '临清市', NULL, '山东|聊城|临清市', 3715, 8, '0000-00-00 00:00:00', 0),
(371526, '高唐县', NULL, '山东|聊城|高唐县', 3715, 7, '0000-00-00 00:00:00', 0),
(371525, '冠县', NULL, '山东|聊城|冠县', 3715, 6, '0000-00-00 00:00:00', 0),
(371524, '东阿县', NULL, '山东|聊城|东阿县', 3715, 5, '0000-00-00 00:00:00', 0),
(371523, '茌平县', NULL, '山东|聊城|茌平县', 3715, 4, '0000-00-00 00:00:00', 0),
(371522, '莘县', NULL, '山东|聊城|莘县', 3715, 3, '0000-00-00 00:00:00', 0),
(371521, '阳谷县', NULL, '山东|聊城|阳谷县', 3715, 2, '0000-00-00 00:00:00', 0),
(371502, '东昌府区', NULL, '山东|聊城|东昌府区', 3715, 1, '0000-00-00 00:00:00', 0),
(371482, '禹城市', NULL, '山东|德州|禹城市', 3714, 11, '0000-00-00 00:00:00', 0),
(371481, '乐陵市', NULL, '山东|德州|乐陵市', 3714, 10, '0000-00-00 00:00:00', 0),
(371428, '武城县', NULL, '山东|德州|武城县', 3714, 9, '0000-00-00 00:00:00', 0),
(371427, '夏津县', NULL, '山东|德州|夏津县', 3714, 8, '0000-00-00 00:00:00', 0),
(371426, '平原县', NULL, '山东|德州|平原县', 3714, 7, '0000-00-00 00:00:00', 0),
(371425, '齐河县', NULL, '山东|德州|齐河县', 3714, 6, '0000-00-00 00:00:00', 0),
(371424, '临邑县', NULL, '山东|德州|临邑县', 3714, 5, '0000-00-00 00:00:00', 0),
(371423, '庆云县', NULL, '山东|德州|庆云县', 3714, 4, '0000-00-00 00:00:00', 0),
(371422, '宁津县', NULL, '山东|德州|宁津县', 3714, 3, '0000-00-00 00:00:00', 0),
(371421, '陵县', NULL, '山东|德州|陵县', 3714, 2, '0000-00-00 00:00:00', 0),
(371402, '德城区', NULL, '山东|德州|德城区', 3714, 1, '0000-00-00 00:00:00', 0),
(371329, '临沭县', NULL, '山东|临沂|临沭县', 3713, 12, '0000-00-00 00:00:00', 0),
(371328, '蒙阴县', NULL, '山东|临沂|蒙阴县', 3713, 11, '0000-00-00 00:00:00', 0),
(371327, '莒南县', NULL, '山东|临沂|莒南县', 3713, 10, '0000-00-00 00:00:00', 0),
(371326, '平邑县', NULL, '山东|临沂|平邑县', 3713, 9, '0000-00-00 00:00:00', 0),
(371325, '费县', NULL, '山东|临沂|费县', 3713, 8, '0000-00-00 00:00:00', 0),
(371324, '苍山县', NULL, '山东|临沂|苍山县', 3713, 7, '0000-00-00 00:00:00', 0),
(371323, '沂水县', NULL, '山东|临沂|沂水县', 3713, 6, '0000-00-00 00:00:00', 0),
(371322, '郯城县', NULL, '山东|临沂|郯城县', 3713, 5, '0000-00-00 00:00:00', 0),
(371321, '沂南县', NULL, '山东|临沂|沂南县', 3713, 4, '0000-00-00 00:00:00', 0),
(371312, '河东区', NULL, '山东|临沂|河东区', 3713, 3, '0000-00-00 00:00:00', 0),
(371311, '罗庄区', NULL, '山东|临沂|罗庄区', 3713, 2, '0000-00-00 00:00:00', 0);
INSERT INTO `city` (`id`, `name`, `first_letter`, `description`, `parent_id`, `sort_num`, `create_time`, `author`) VALUES
(371302, '兰山区', NULL, '山东|临沂|兰山区', 3713, 1, '0000-00-00 00:00:00', 0),
(371203, '钢城区', NULL, '山东|莱芜|钢城区', 3712, 2, '0000-00-00 00:00:00', 0),
(371202, '莱城区', NULL, '山东|莱芜|莱城区', 3712, 1, '0000-00-00 00:00:00', 0),
(371122, '莒县', NULL, '山东|日照|莒县', 3711, 4, '0000-00-00 00:00:00', 0),
(371121, '五莲县', NULL, '山东|日照|五莲县', 3711, 3, '0000-00-00 00:00:00', 0),
(371103, '岚山区', NULL, '山东|日照|岚山区', 3711, 2, '0000-00-00 00:00:00', 0),
(371102, '东港区', NULL, '山东|日照|东港区', 3711, 1, '0000-00-00 00:00:00', 0),
(371083, '乳山市', NULL, '山东|威海|乳山市', 3710, 4, '0000-00-00 00:00:00', 0),
(371082, '荣成市', NULL, '山东|威海|荣成市', 3710, 3, '0000-00-00 00:00:00', 0),
(371081, '文登市', NULL, '山东|威海|文登市', 3710, 2, '0000-00-00 00:00:00', 0),
(371002, '环翠区', NULL, '山东|威海|环翠区', 3710, 1, '0000-00-00 00:00:00', 0),
(370983, '肥城市', NULL, '山东|泰安|肥城市', 3709, 6, '0000-00-00 00:00:00', 0),
(370982, '新泰市', NULL, '山东|泰安|新泰市', 3709, 5, '0000-00-00 00:00:00', 0),
(370923, '东平县', NULL, '山东|泰安|东平县', 3709, 4, '0000-00-00 00:00:00', 0),
(370921, '宁阳县', NULL, '山东|泰安|宁阳县', 3709, 3, '0000-00-00 00:00:00', 0),
(370903, '岱岳区', NULL, '山东|泰安|岱岳区', 3709, 2, '0000-00-00 00:00:00', 0),
(370902, '泰山区', NULL, '山东|泰安|泰山区', 3709, 1, '0000-00-00 00:00:00', 0),
(370883, '邹城市', NULL, '山东|济宁|邹城市', 3708, 12, '0000-00-00 00:00:00', 0),
(370882, '兖州市', NULL, '山东|济宁|兖州市', 3708, 11, '0000-00-00 00:00:00', 0),
(370881, '曲阜市', NULL, '山东|济宁|曲阜市', 3708, 10, '0000-00-00 00:00:00', 0),
(370832, '梁山县', NULL, '山东|济宁|梁山县', 3708, 9, '0000-00-00 00:00:00', 0),
(370831, '泗水县', NULL, '山东|济宁|泗水县', 3708, 8, '0000-00-00 00:00:00', 0),
(370830, '汶上县', NULL, '山东|济宁|汶上县', 3708, 7, '0000-00-00 00:00:00', 0),
(370829, '嘉祥县', NULL, '山东|济宁|嘉祥县', 3708, 6, '0000-00-00 00:00:00', 0),
(370828, '金乡县', NULL, '山东|济宁|金乡县', 3708, 5, '0000-00-00 00:00:00', 0),
(370827, '鱼台县', NULL, '山东|济宁|鱼台县', 3708, 4, '0000-00-00 00:00:00', 0),
(370826, '微山县', NULL, '山东|济宁|微山县', 3708, 3, '0000-00-00 00:00:00', 0),
(370811, '任城区', NULL, '山东|济宁|任城区', 3708, 2, '0000-00-00 00:00:00', 0),
(370802, '市中区', NULL, '山东|济宁|市中区', 3708, 1, '0000-00-00 00:00:00', 0),
(370786, '昌邑市', NULL, '山东|潍坊|昌邑市', 3707, 12, '0000-00-00 00:00:00', 0),
(370785, '高密市', NULL, '山东|潍坊|高密市', 3707, 11, '0000-00-00 00:00:00', 0),
(370784, '安丘市', NULL, '山东|潍坊|安丘市', 3707, 10, '0000-00-00 00:00:00', 0),
(370783, '寿光市', NULL, '山东|潍坊|寿光市', 3707, 9, '0000-00-00 00:00:00', 0),
(370782, '诸城市', NULL, '山东|潍坊|诸城市', 3707, 8, '0000-00-00 00:00:00', 0),
(370781, '青州市', NULL, '山东|潍坊|青州市', 3707, 7, '0000-00-00 00:00:00', 0),
(370725, '昌乐县', NULL, '山东|潍坊|昌乐县', 3707, 6, '0000-00-00 00:00:00', 0),
(370724, '临朐县', NULL, '山东|潍坊|临朐县', 3707, 5, '0000-00-00 00:00:00', 0),
(370705, '奎文区', NULL, '山东|潍坊|奎文区', 3707, 4, '0000-00-00 00:00:00', 0),
(370704, '坊子区', NULL, '山东|潍坊|坊子区', 3707, 3, '0000-00-00 00:00:00', 0),
(370703, '寒亭区', NULL, '山东|潍坊|寒亭区', 3707, 2, '0000-00-00 00:00:00', 0),
(370702, '潍城区', NULL, '山东|潍坊|潍城区', 3707, 1, '0000-00-00 00:00:00', 0),
(370687, '海阳市', NULL, '山东|烟台|海阳市', 3706, 12, '0000-00-00 00:00:00', 0),
(370686, '栖霞市', NULL, '山东|烟台|栖霞市', 3706, 11, '0000-00-00 00:00:00', 0),
(370685, '招远市', NULL, '山东|烟台|招远市', 3706, 10, '0000-00-00 00:00:00', 0),
(370684, '蓬莱市', NULL, '山东|烟台|蓬莱市', 3706, 9, '0000-00-00 00:00:00', 0),
(370683, '莱州市', NULL, '山东|烟台|莱州市', 3706, 8, '0000-00-00 00:00:00', 0),
(370682, '莱阳市', NULL, '山东|烟台|莱阳市', 3706, 7, '0000-00-00 00:00:00', 0),
(370681, '龙口市', NULL, '山东|烟台|龙口市', 3706, 6, '0000-00-00 00:00:00', 0),
(370634, '长岛县', NULL, '山东|烟台|长岛县', 3706, 5, '0000-00-00 00:00:00', 0),
(370613, '莱山区', NULL, '山东|烟台|莱山区', 3706, 4, '0000-00-00 00:00:00', 0),
(370612, '牟平区', NULL, '山东|烟台|牟平区', 3706, 3, '0000-00-00 00:00:00', 0),
(370611, '福山区', NULL, '山东|烟台|福山区', 3706, 2, '0000-00-00 00:00:00', 0),
(370602, '芝罘区', NULL, '山东|烟台|芝罘区', 3706, 1, '0000-00-00 00:00:00', 0),
(370523, '广饶县', NULL, '山东|东营|广饶县', 3705, 5, '0000-00-00 00:00:00', 0),
(370522, '利津县', NULL, '山东|东营|利津县', 3705, 4, '0000-00-00 00:00:00', 0),
(370521, '垦利县', NULL, '山东|东营|垦利县', 3705, 3, '0000-00-00 00:00:00', 0),
(370503, '河口区', NULL, '山东|东营|河口区', 3705, 2, '0000-00-00 00:00:00', 0),
(370502, '东营区', NULL, '山东|东营|东营区', 3705, 1, '0000-00-00 00:00:00', 0),
(370481, '滕州市', NULL, '山东|枣庄|滕州市', 3704, 6, '0000-00-00 00:00:00', 0),
(370406, '山亭区', NULL, '山东|枣庄|山亭区', 3704, 5, '0000-00-00 00:00:00', 0),
(370405, '台儿庄区', NULL, '山东|枣庄|台儿庄区', 3704, 4, '0000-00-00 00:00:00', 0),
(370404, '峄城区', NULL, '山东|枣庄|峄城区', 3704, 3, '0000-00-00 00:00:00', 0),
(370403, '薛城区', NULL, '山东|枣庄|薛城区', 3704, 2, '0000-00-00 00:00:00', 0),
(370402, '市中区', NULL, '山东|枣庄|市中区', 3704, 1, '0000-00-00 00:00:00', 0),
(370323, '沂源县', NULL, '山东|淄博|沂源县', 3703, 8, '0000-00-00 00:00:00', 0),
(370322, '高青县', NULL, '山东|淄博|高青县', 3703, 7, '0000-00-00 00:00:00', 0),
(370321, '桓台县', NULL, '山东|淄博|桓台县', 3703, 6, '0000-00-00 00:00:00', 0),
(370306, '周村区', NULL, '山东|淄博|周村区', 3703, 5, '0000-00-00 00:00:00', 0),
(370305, '临淄区', NULL, '山东|淄博|临淄区', 3703, 4, '0000-00-00 00:00:00', 0),
(370304, '博山区', NULL, '山东|淄博|博山区', 3703, 3, '0000-00-00 00:00:00', 0),
(370303, '张店区', NULL, '山东|淄博|张店区', 3703, 2, '0000-00-00 00:00:00', 0),
(370302, '淄川区', NULL, '山东|淄博|淄川区', 3703, 1, '0000-00-00 00:00:00', 0),
(370285, '莱西市', NULL, '山东|青岛|莱西市', 3702, 12, '0000-00-00 00:00:00', 0),
(370284, '胶南市', NULL, '山东|青岛|胶南市', 3702, 11, '0000-00-00 00:00:00', 0),
(370283, '平度市', NULL, '山东|青岛|平度市', 3702, 10, '0000-00-00 00:00:00', 0),
(370282, '即墨市', NULL, '山东|青岛|即墨市', 3702, 9, '0000-00-00 00:00:00', 0),
(370281, '胶州市', NULL, '山东|青岛|胶州市', 3702, 8, '0000-00-00 00:00:00', 0),
(370214, '城阳区', NULL, '山东|青岛|城阳区', 3702, 7, '0000-00-00 00:00:00', 0),
(370213, '李沧区', NULL, '山东|青岛|李沧区', 3702, 6, '0000-00-00 00:00:00', 0),
(370212, '崂山区', NULL, '山东|青岛|崂山区', 3702, 5, '0000-00-00 00:00:00', 0),
(370211, '黄岛区', NULL, '山东|青岛|黄岛区', 3702, 4, '0000-00-00 00:00:00', 0),
(370205, '四方区', NULL, '山东|青岛|四方区', 3702, 3, '0000-00-00 00:00:00', 0),
(370203, '市北区', NULL, '山东|青岛|市北区', 3702, 2, '0000-00-00 00:00:00', 0),
(370202, '市南区', NULL, '山东|青岛|市南区', 3702, 1, '0000-00-00 00:00:00', 0),
(370181, '章丘市', NULL, '山东|济南|章丘市', 3701, 10, '0000-00-00 00:00:00', 0),
(370126, '商河县', NULL, '山东|济南|商河县', 3701, 9, '0000-00-00 00:00:00', 0),
(370125, '济阳县', NULL, '山东|济南|济阳县', 3701, 8, '0000-00-00 00:00:00', 0),
(370124, '平阴县', NULL, '山东|济南|平阴县', 3701, 7, '0000-00-00 00:00:00', 0),
(370113, '长清区', NULL, '山东|济南|长清区', 3701, 6, '0000-00-00 00:00:00', 0),
(370112, '历城区', NULL, '山东|济南|历城区', 3701, 5, '0000-00-00 00:00:00', 0),
(370105, '天桥区', NULL, '山东|济南|天桥区', 3701, 4, '0000-00-00 00:00:00', 0),
(370104, '槐荫区', NULL, '山东|济南|槐荫区', 3701, 3, '0000-00-00 00:00:00', 0),
(370103, '市中区', NULL, '山东|济南|市中区', 3701, 2, '0000-00-00 00:00:00', 0),
(370102, '历下区', NULL, '山东|济南|历下区', 3701, 1, '0000-00-00 00:00:00', 0),
(361181, '德兴市', NULL, '江西|上饶|德兴市', 3611, 12, '0000-00-00 00:00:00', 0),
(361130, '婺源县', NULL, '江西|上饶|婺源县', 3611, 11, '0000-00-00 00:00:00', 0),
(361129, '万年县', NULL, '江西|上饶|万年县', 3611, 10, '0000-00-00 00:00:00', 0),
(361128, '鄱阳县', NULL, '江西|上饶|鄱阳县', 3611, 9, '0000-00-00 00:00:00', 0),
(361127, '余干县', NULL, '江西|上饶|余干县', 3611, 8, '0000-00-00 00:00:00', 0),
(361126, '弋阳县', NULL, '江西|上饶|弋阳县', 3611, 7, '0000-00-00 00:00:00', 0),
(361125, '横峰县', NULL, '江西|上饶|横峰县', 3611, 6, '0000-00-00 00:00:00', 0),
(361124, '铅山县', NULL, '江西|上饶|铅山县', 3611, 5, '0000-00-00 00:00:00', 0),
(361123, '玉山县', NULL, '江西|上饶|玉山县', 3611, 4, '0000-00-00 00:00:00', 0),
(361122, '广丰县', NULL, '江西|上饶|广丰县', 3611, 3, '0000-00-00 00:00:00', 0),
(361121, '上饶县', NULL, '江西|上饶|上饶县', 3611, 2, '0000-00-00 00:00:00', 0),
(361102, '信州区', NULL, '江西|上饶|信州区', 3611, 1, '0000-00-00 00:00:00', 0),
(361030, '广昌县', NULL, '江西|抚州|广昌县', 3610, 11, '0000-00-00 00:00:00', 0),
(361029, '东乡县', NULL, '江西|抚州|东乡县', 3610, 10, '0000-00-00 00:00:00', 0),
(361028, '资溪县', NULL, '江西|抚州|资溪县', 3610, 9, '0000-00-00 00:00:00', 0),
(361027, '金溪县', NULL, '江西|抚州|金溪县', 3610, 8, '0000-00-00 00:00:00', 0),
(361026, '宜黄县', NULL, '江西|抚州|宜黄县', 3610, 7, '0000-00-00 00:00:00', 0),
(361025, '乐安县', NULL, '江西|抚州|乐安县', 3610, 6, '0000-00-00 00:00:00', 0),
(361024, '崇仁县', NULL, '江西|抚州|崇仁县', 3610, 5, '0000-00-00 00:00:00', 0),
(361023, '南丰县', NULL, '江西|抚州|南丰县', 3610, 4, '0000-00-00 00:00:00', 0),
(361022, '黎川县', NULL, '江西|抚州|黎川县', 3610, 3, '0000-00-00 00:00:00', 0),
(361021, '南城县', NULL, '江西|抚州|南城县', 3610, 2, '0000-00-00 00:00:00', 0),
(361002, '临川区', NULL, '江西|抚州|临川区', 3610, 1, '0000-00-00 00:00:00', 0),
(360983, '高安市', NULL, '江西|宜春|高安市', 3609, 10, '0000-00-00 00:00:00', 0),
(360982, '樟树市', NULL, '江西|宜春|樟树市', 3609, 9, '0000-00-00 00:00:00', 0),
(360981, '丰城市', NULL, '江西|宜春|丰城市', 3609, 8, '0000-00-00 00:00:00', 0),
(360926, '铜鼓县', NULL, '江西|宜春|铜鼓县', 3609, 7, '0000-00-00 00:00:00', 0),
(360925, '靖安县', NULL, '江西|宜春|靖安县', 3609, 6, '0000-00-00 00:00:00', 0),
(360924, '宜丰县', NULL, '江西|宜春|宜丰县', 3609, 5, '0000-00-00 00:00:00', 0),
(360923, '上高县', NULL, '江西|宜春|上高县', 3609, 4, '0000-00-00 00:00:00', 0),
(360922, '万载县', NULL, '江西|宜春|万载县', 3609, 3, '0000-00-00 00:00:00', 0),
(360921, '奉新县', NULL, '江西|宜春|奉新县', 3609, 2, '0000-00-00 00:00:00', 0),
(360902, '袁州区', NULL, '江西|宜春|袁州区', 3609, 1, '0000-00-00 00:00:00', 0),
(360881, '井冈山市', NULL, '江西|吉安|井冈山市', 3608, 13, '0000-00-00 00:00:00', 0),
(360830, '永新县', NULL, '江西|吉安|永新县', 3608, 12, '0000-00-00 00:00:00', 0),
(360829, '安福县', NULL, '江西|吉安|安福县', 3608, 11, '0000-00-00 00:00:00', 0),
(360828, '万安县', NULL, '江西|吉安|万安县', 3608, 10, '0000-00-00 00:00:00', 0),
(360827, '遂川县', NULL, '江西|吉安|遂川县', 3608, 9, '0000-00-00 00:00:00', 0),
(360826, '泰和县', NULL, '江西|吉安|泰和县', 3608, 8, '0000-00-00 00:00:00', 0),
(360825, '永丰县', NULL, '江西|吉安|永丰县', 3608, 7, '0000-00-00 00:00:00', 0),
(360824, '新干县', NULL, '江西|吉安|新干县', 3608, 6, '0000-00-00 00:00:00', 0),
(360823, '峡江县', NULL, '江西|吉安|峡江县', 3608, 5, '0000-00-00 00:00:00', 0),
(360822, '吉水县', NULL, '江西|吉安|吉水县', 3608, 4, '0000-00-00 00:00:00', 0),
(360821, '吉安县', NULL, '江西|吉安|吉安县', 3608, 3, '0000-00-00 00:00:00', 0),
(360803, '青原区', NULL, '江西|吉安|青原区', 3608, 2, '0000-00-00 00:00:00', 0),
(360802, '吉州区', NULL, '江西|吉安|吉州区', 3608, 1, '0000-00-00 00:00:00', 0),
(360782, '南康市', NULL, '江西|赣州|南康市', 3607, 18, '0000-00-00 00:00:00', 0),
(360781, '瑞金市', NULL, '江西|赣州|瑞金市', 3607, 17, '0000-00-00 00:00:00', 0),
(360735, '石城县', NULL, '江西|赣州|石城县', 3607, 16, '0000-00-00 00:00:00', 0),
(360734, '寻乌县', NULL, '江西|赣州|寻乌县', 3607, 15, '0000-00-00 00:00:00', 0),
(360733, '会昌县', NULL, '江西|赣州|会昌县', 3607, 14, '0000-00-00 00:00:00', 0),
(360732, '兴国县', NULL, '江西|赣州|兴国县', 3607, 13, '0000-00-00 00:00:00', 0),
(360731, '于都县', NULL, '江西|赣州|于都县', 3607, 12, '0000-00-00 00:00:00', 0),
(360730, '宁都县', NULL, '江西|赣州|宁都县', 3607, 11, '0000-00-00 00:00:00', 0),
(360729, '全南县', NULL, '江西|赣州|全南县', 3607, 10, '0000-00-00 00:00:00', 0),
(360728, '定南县', NULL, '江西|赣州|定南县', 3607, 9, '0000-00-00 00:00:00', 0),
(360727, '龙南县', NULL, '江西|赣州|龙南县', 3607, 8, '0000-00-00 00:00:00', 0),
(360726, '安远县', NULL, '江西|赣州|安远县', 3607, 7, '0000-00-00 00:00:00', 0),
(360725, '崇义县', NULL, '江西|赣州|崇义县', 3607, 6, '0000-00-00 00:00:00', 0),
(360724, '上犹县', NULL, '江西|赣州|上犹县', 3607, 5, '0000-00-00 00:00:00', 0),
(360723, '大余县', NULL, '江西|赣州|大余县', 3607, 4, '0000-00-00 00:00:00', 0),
(360722, '信丰县', NULL, '江西|赣州|信丰县', 3607, 3, '0000-00-00 00:00:00', 0),
(360721, '赣县', NULL, '江西|赣州|赣县', 3607, 2, '0000-00-00 00:00:00', 0),
(360702, '章贡区', NULL, '江西|赣州|章贡区', 3607, 1, '0000-00-00 00:00:00', 0),
(360681, '贵溪市', NULL, '江西|鹰潭|贵溪市', 3606, 3, '0000-00-00 00:00:00', 0),
(360622, '余江县', NULL, '江西|鹰潭|余江县', 3606, 2, '0000-00-00 00:00:00', 0),
(360602, '月湖区', NULL, '江西|鹰潭|月湖区', 3606, 1, '0000-00-00 00:00:00', 0),
(360521, '分宜县', NULL, '江西|新余|分宜县', 3605, 2, '0000-00-00 00:00:00', 0),
(360502, '渝水区', NULL, '江西|新余|渝水区', 3605, 1, '0000-00-00 00:00:00', 0),
(360481, '瑞昌市', NULL, '江西|九江|瑞昌市', 3604, 12, '0000-00-00 00:00:00', 0),
(360430, '彭泽县', NULL, '江西|九江|彭泽县', 3604, 11, '0000-00-00 00:00:00', 0),
(360429, '湖口县', NULL, '江西|九江|湖口县', 3604, 10, '0000-00-00 00:00:00', 0),
(360428, '都昌县', NULL, '江西|九江|都昌县', 3604, 9, '0000-00-00 00:00:00', 0),
(360427, '星子县', NULL, '江西|九江|星子县', 3604, 8, '0000-00-00 00:00:00', 0),
(360426, '德安县', NULL, '江西|九江|德安县', 3604, 7, '0000-00-00 00:00:00', 0),
(360425, '永修县', NULL, '江西|九江|永修县', 3604, 6, '0000-00-00 00:00:00', 0),
(360424, '修水县', NULL, '江西|九江|修水县', 3604, 5, '0000-00-00 00:00:00', 0),
(360423, '武宁县', NULL, '江西|九江|武宁县', 3604, 4, '0000-00-00 00:00:00', 0),
(360421, '九江县', NULL, '江西|九江|九江县', 3604, 3, '0000-00-00 00:00:00', 0),
(360403, '浔阳区', NULL, '江西|九江|浔阳区', 3604, 2, '0000-00-00 00:00:00', 0),
(360402, '庐山区', NULL, '江西|九江|庐山区', 3604, 1, '0000-00-00 00:00:00', 0),
(360323, '芦溪县', NULL, '江西|萍乡|芦溪县', 3603, 5, '0000-00-00 00:00:00', 0),
(360322, '上栗县', NULL, '江西|萍乡|上栗县', 3603, 4, '0000-00-00 00:00:00', 0),
(360321, '莲花县', NULL, '江西|萍乡|莲花县', 3603, 3, '0000-00-00 00:00:00', 0),
(360313, '湘东区', NULL, '江西|萍乡|湘东区', 3603, 2, '0000-00-00 00:00:00', 0),
(360302, '安源区', NULL, '江西|萍乡|安源区', 3603, 1, '0000-00-00 00:00:00', 0),
(360281, '乐平市', NULL, '江西|景德镇|乐平市', 3602, 4, '0000-00-00 00:00:00', 0),
(360222, '浮梁县', NULL, '江西|景德镇|浮梁县', 3602, 3, '0000-00-00 00:00:00', 0),
(360203, '珠山区', NULL, '江西|景德镇|珠山区', 3602, 2, '0000-00-00 00:00:00', 0),
(360202, '昌江区', NULL, '江西|景德镇|昌江区', 3602, 1, '0000-00-00 00:00:00', 0),
(360124, '进贤县', NULL, '江西|南昌|进贤县', 3601, 9, '0000-00-00 00:00:00', 0),
(360123, '安义县', NULL, '江西|南昌|安义县', 3601, 8, '0000-00-00 00:00:00', 0),
(360122, '新建县', NULL, '江西|南昌|新建县', 3601, 7, '0000-00-00 00:00:00', 0),
(360121, '南昌县', NULL, '江西|南昌|南昌县', 3601, 6, '0000-00-00 00:00:00', 0),
(360111, '青山湖区', NULL, '江西|南昌|青山湖区', 3601, 5, '0000-00-00 00:00:00', 0),
(360105, '湾里区', NULL, '江西|南昌|湾里区', 3601, 4, '0000-00-00 00:00:00', 0),
(360104, '青云谱区', NULL, '江西|南昌|青云谱区', 3601, 3, '0000-00-00 00:00:00', 0),
(360103, '西湖区', NULL, '江西|南昌|西湖区', 3601, 2, '0000-00-00 00:00:00', 0),
(360102, '东湖区', NULL, '江西|南昌|东湖区', 3601, 1, '0000-00-00 00:00:00', 0),
(350982, '福鼎市', NULL, '福建|宁德|福鼎市', 3509, 9, '0000-00-00 00:00:00', 0),
(350981, '福安市', NULL, '福建|宁德|福安市', 3509, 8, '0000-00-00 00:00:00', 0),
(350926, '柘荣县', NULL, '福建|宁德|柘荣县', 3509, 7, '0000-00-00 00:00:00', 0),
(350925, '周宁县', NULL, '福建|宁德|周宁县', 3509, 6, '0000-00-00 00:00:00', 0),
(350924, '寿宁县', NULL, '福建|宁德|寿宁县', 3509, 5, '0000-00-00 00:00:00', 0),
(350923, '屏南县', NULL, '福建|宁德|屏南县', 3509, 4, '0000-00-00 00:00:00', 0),
(350922, '古田县', NULL, '福建|宁德|古田县', 3509, 3, '0000-00-00 00:00:00', 0),
(350921, '霞浦县', NULL, '福建|宁德|霞浦县', 3509, 2, '0000-00-00 00:00:00', 0),
(350902, '蕉城区', NULL, '福建|宁德|蕉城区', 3509, 1, '0000-00-00 00:00:00', 0),
(350881, '漳平市', NULL, '福建|龙岩|漳平市', 3508, 7, '0000-00-00 00:00:00', 0),
(350825, '连城县', NULL, '福建|龙岩|连城县', 3508, 6, '0000-00-00 00:00:00', 0),
(350824, '武平县', NULL, '福建|龙岩|武平县', 3508, 5, '0000-00-00 00:00:00', 0),
(350823, '上杭县', NULL, '福建|龙岩|上杭县', 3508, 4, '0000-00-00 00:00:00', 0),
(350822, '永定县', NULL, '福建|龙岩|永定县', 3508, 3, '0000-00-00 00:00:00', 0),
(350821, '长汀县', NULL, '福建|龙岩|长汀县', 3508, 2, '0000-00-00 00:00:00', 0),
(350802, '新罗区', NULL, '福建|龙岩|新罗区', 3508, 1, '0000-00-00 00:00:00', 0),
(350784, '建阳市', NULL, '福建|南平|建阳市', 3507, 10, '0000-00-00 00:00:00', 0),
(350783, '建瓯市', NULL, '福建|南平|建瓯市', 3507, 9, '0000-00-00 00:00:00', 0),
(350782, '武夷山市', NULL, '福建|南平|武夷山市', 3507, 8, '0000-00-00 00:00:00', 0),
(350781, '邵武市', NULL, '福建|南平|邵武市', 3507, 7, '0000-00-00 00:00:00', 0),
(350725, '政和县', NULL, '福建|南平|政和县', 3507, 6, '0000-00-00 00:00:00', 0),
(350724, '松溪县', NULL, '福建|南平|松溪县', 3507, 5, '0000-00-00 00:00:00', 0),
(350723, '光泽县', NULL, '福建|南平|光泽县', 3507, 4, '0000-00-00 00:00:00', 0),
(350722, '浦城县', NULL, '福建|南平|浦城县', 3507, 3, '0000-00-00 00:00:00', 0),
(350721, '顺昌县', NULL, '福建|南平|顺昌县', 3507, 2, '0000-00-00 00:00:00', 0),
(350702, '延平区', NULL, '福建|南平|延平区', 3507, 1, '0000-00-00 00:00:00', 0),
(350681, '龙海市', NULL, '福建|漳州|龙海市', 3506, 11, '0000-00-00 00:00:00', 0),
(350629, '华安县', NULL, '福建|漳州|华安县', 3506, 10, '0000-00-00 00:00:00', 0),
(350628, '平和县', NULL, '福建|漳州|平和县', 3506, 9, '0000-00-00 00:00:00', 0),
(350627, '南靖县', NULL, '福建|漳州|南靖县', 3506, 8, '0000-00-00 00:00:00', 0),
(350626, '东山县', NULL, '福建|漳州|东山县', 3506, 7, '0000-00-00 00:00:00', 0),
(350625, '长泰县', NULL, '福建|漳州|长泰县', 3506, 6, '0000-00-00 00:00:00', 0),
(350624, '诏安县', NULL, '福建|漳州|诏安县', 3506, 5, '0000-00-00 00:00:00', 0),
(350623, '漳浦县', NULL, '福建|漳州|漳浦县', 3506, 4, '0000-00-00 00:00:00', 0),
(350622, '云霄县', NULL, '福建|漳州|云霄县', 3506, 3, '0000-00-00 00:00:00', 0),
(350603, '龙文区', NULL, '福建|漳州|龙文区', 3506, 2, '0000-00-00 00:00:00', 0),
(350602, '芗城区', NULL, '福建|漳州|芗城区', 3506, 1, '0000-00-00 00:00:00', 0),
(350583, '南安市', NULL, '福建|泉州|南安市', 3505, 12, '0000-00-00 00:00:00', 0),
(350582, '晋江市', NULL, '福建|泉州|晋江市', 3505, 11, '0000-00-00 00:00:00', 0),
(350581, '石狮市', NULL, '福建|泉州|石狮市', 3505, 10, '0000-00-00 00:00:00', 0),
(350527, '金门县', NULL, '福建|泉州|金门县', 3505, 9, '0000-00-00 00:00:00', 0),
(350526, '德化县', NULL, '福建|泉州|德化县', 3505, 8, '0000-00-00 00:00:00', 0),
(350525, '永春县', NULL, '福建|泉州|永春县', 3505, 7, '0000-00-00 00:00:00', 0),
(350524, '安溪县', NULL, '福建|泉州|安溪县', 3505, 6, '0000-00-00 00:00:00', 0),
(350521, '惠安县', NULL, '福建|泉州|惠安县', 3505, 5, '0000-00-00 00:00:00', 0),
(350505, '泉港区', NULL, '福建|泉州|泉港区', 3505, 4, '0000-00-00 00:00:00', 0),
(350504, '洛江区', NULL, '福建|泉州|洛江区', 3505, 3, '0000-00-00 00:00:00', 0),
(350503, '丰泽区', NULL, '福建|泉州|丰泽区', 3505, 2, '0000-00-00 00:00:00', 0),
(350502, '鲤城区', NULL, '福建|泉州|鲤城区', 3505, 1, '0000-00-00 00:00:00', 0),
(350481, '永安市', NULL, '福建|三明|永安市', 3504, 12, '0000-00-00 00:00:00', 0),
(350430, '建宁县', NULL, '福建|三明|建宁县', 3504, 11, '0000-00-00 00:00:00', 0),
(350429, '泰宁县', NULL, '福建|三明|泰宁县', 3504, 10, '0000-00-00 00:00:00', 0),
(350428, '将乐县', NULL, '福建|三明|将乐县', 3504, 9, '0000-00-00 00:00:00', 0),
(350427, '沙县', NULL, '福建|三明|沙县', 3504, 8, '0000-00-00 00:00:00', 0),
(350426, '尤溪县', NULL, '福建|三明|尤溪县', 3504, 7, '0000-00-00 00:00:00', 0),
(350425, '大田县', NULL, '福建|三明|大田县', 3504, 6, '0000-00-00 00:00:00', 0),
(350424, '宁化县', NULL, '福建|三明|宁化县', 3504, 5, '0000-00-00 00:00:00', 0),
(350423, '清流县', NULL, '福建|三明|清流县', 3504, 4, '0000-00-00 00:00:00', 0),
(350421, '明溪县', NULL, '福建|三明|明溪县', 3504, 3, '0000-00-00 00:00:00', 0),
(350403, '三元区', NULL, '福建|三明|三元区', 3504, 2, '0000-00-00 00:00:00', 0),
(350402, '梅列区', NULL, '福建|三明|梅列区', 3504, 1, '0000-00-00 00:00:00', 0),
(350322, '仙游县', NULL, '福建|莆田|仙游县', 3503, 5, '0000-00-00 00:00:00', 0),
(350305, '秀屿区', NULL, '福建|莆田|秀屿区', 3503, 4, '0000-00-00 00:00:00', 0),
(350304, '荔城区', NULL, '福建|莆田|荔城区', 3503, 3, '0000-00-00 00:00:00', 0),
(350303, '涵江区', NULL, '福建|莆田|涵江区', 3503, 2, '0000-00-00 00:00:00', 0),
(350302, '城厢区', NULL, '福建|莆田|城厢区', 3503, 1, '0000-00-00 00:00:00', 0),
(350213, '翔安区', NULL, '福建|厦门|翔安区', 3502, 6, '0000-00-00 00:00:00', 0),
(350212, '同安区', NULL, '福建|厦门|同安区', 3502, 5, '0000-00-00 00:00:00', 0),
(350211, '集美区', NULL, '福建|厦门|集美区', 3502, 4, '0000-00-00 00:00:00', 0),
(350206, '湖里区', NULL, '福建|厦门|湖里区', 3502, 3, '0000-00-00 00:00:00', 0),
(350205, '海沧区', NULL, '福建|厦门|海沧区', 3502, 2, '0000-00-00 00:00:00', 0),
(350203, '思明区', NULL, '福建|厦门|思明区', 3502, 1, '0000-00-00 00:00:00', 0),
(350182, '长乐市', NULL, '福建|福州|长乐市', 3501, 13, '0000-00-00 00:00:00', 0),
(350181, '福清市', NULL, '福建|福州|福清市', 3501, 12, '0000-00-00 00:00:00', 0),
(350128, '平潭县', NULL, '福建|福州|平潭县', 3501, 11, '0000-00-00 00:00:00', 0),
(350125, '永泰县', NULL, '福建|福州|永泰县', 3501, 10, '0000-00-00 00:00:00', 0),
(350124, '闽清县', NULL, '福建|福州|闽清县', 3501, 9, '0000-00-00 00:00:00', 0),
(350123, '罗源县', NULL, '福建|福州|罗源县', 3501, 8, '0000-00-00 00:00:00', 0),
(350122, '连江县', NULL, '福建|福州|连江县', 3501, 7, '0000-00-00 00:00:00', 0),
(350121, '闽侯县', NULL, '福建|福州|闽侯县', 3501, 6, '0000-00-00 00:00:00', 0),
(350111, '晋安区', NULL, '福建|福州|晋安区', 3501, 5, '0000-00-00 00:00:00', 0),
(350105, '马尾区', NULL, '福建|福州|马尾区', 3501, 4, '0000-00-00 00:00:00', 0),
(350104, '仓山区', NULL, '福建|福州|仓山区', 3501, 3, '0000-00-00 00:00:00', 0),
(350103, '台江区', NULL, '福建|福州|台江区', 3501, 2, '0000-00-00 00:00:00', 0),
(350102, '鼓楼区', NULL, '福建|福州|鼓楼区', 3501, 1, '0000-00-00 00:00:00', 0),
(341881, '宁国市', NULL, '安徽|宣城|宁国市', 3418, 7, '0000-00-00 00:00:00', 0),
(341825, '旌德县', NULL, '安徽|宣城|旌德县', 3418, 6, '0000-00-00 00:00:00', 0),
(341824, '绩溪县', NULL, '安徽|宣城|绩溪县', 3418, 5, '0000-00-00 00:00:00', 0),
(341823, '泾县', NULL, '安徽|宣城|泾县', 3418, 4, '0000-00-00 00:00:00', 0),
(341822, '广德县', NULL, '安徽|宣城|广德县', 3418, 3, '0000-00-00 00:00:00', 0),
(341821, '郎溪县', NULL, '安徽|宣城|郎溪县', 3418, 2, '0000-00-00 00:00:00', 0),
(341802, '宣州区', NULL, '安徽|宣城|宣州区', 3418, 1, '0000-00-00 00:00:00', 0),
(341723, '青阳县', NULL, '安徽|池州|青阳县', 3417, 4, '0000-00-00 00:00:00', 0),
(341722, '石台县', NULL, '安徽|池州|石台县', 3417, 3, '0000-00-00 00:00:00', 0),
(341721, '东至县', NULL, '安徽|池州|东至县', 3417, 2, '0000-00-00 00:00:00', 0),
(341702, '贵池区', NULL, '安徽|池州|贵池区', 3417, 1, '0000-00-00 00:00:00', 0),
(341623, '利辛县', NULL, '安徽|亳州|利辛县', 3416, 4, '0000-00-00 00:00:00', 0),
(341622, '蒙城县', NULL, '安徽|亳州|蒙城县', 3416, 3, '0000-00-00 00:00:00', 0),
(341621, '涡阳县', NULL, '安徽|亳州|涡阳县', 3416, 2, '0000-00-00 00:00:00', 0),
(341602, '谯城区', NULL, '安徽|亳州|谯城区', 3416, 1, '0000-00-00 00:00:00', 0),
(341525, '霍山县', NULL, '安徽|六安|霍山县', 3415, 7, '0000-00-00 00:00:00', 0),
(341524, '金寨县', NULL, '安徽|六安|金寨县', 3415, 6, '0000-00-00 00:00:00', 0),
(341523, '舒城县', NULL, '安徽|六安|舒城县', 3415, 5, '0000-00-00 00:00:00', 0),
(341522, '霍邱县', NULL, '安徽|六安|霍邱县', 3415, 4, '0000-00-00 00:00:00', 0),
(341521, '寿县', NULL, '安徽|六安|寿县', 3415, 3, '0000-00-00 00:00:00', 0),
(341503, '裕安区', NULL, '安徽|六安|裕安区', 3415, 2, '0000-00-00 00:00:00', 0),
(341502, '金安区', NULL, '安徽|六安|金安区', 3415, 1, '0000-00-00 00:00:00', 0),
(341424, '和县', NULL, '安徽|巢湖|和县', 3414, 5, '0000-00-00 00:00:00', 0),
(341423, '含山县', NULL, '安徽|巢湖|含山县', 3414, 4, '0000-00-00 00:00:00', 0),
(341422, '无为县', NULL, '安徽|巢湖|无为县', 3414, 3, '0000-00-00 00:00:00', 0),
(341421, '庐江县', NULL, '安徽|巢湖|庐江县', 3414, 2, '0000-00-00 00:00:00', 0),
(341402, '居巢区', NULL, '安徽|巢湖|居巢区', 3414, 1, '0000-00-00 00:00:00', 0),
(341324, '泗县', NULL, '安徽|宿州|泗县', 3413, 5, '0000-00-00 00:00:00', 0),
(341323, '灵璧县', NULL, '安徽|宿州|灵璧县', 3413, 4, '0000-00-00 00:00:00', 0),
(341322, '萧县', NULL, '安徽|宿州|萧县', 3413, 3, '0000-00-00 00:00:00', 0),
(341321, '砀山县', NULL, '安徽|宿州|砀山县', 3413, 2, '0000-00-00 00:00:00', 0),
(341302, '埇桥区', NULL, '安徽|宿州|埇桥区', 3413, 1, '0000-00-00 00:00:00', 0),
(341282, '界首市', NULL, '安徽|阜阳|界首市', 3412, 8, '0000-00-00 00:00:00', 0),
(341226, '颍上县', NULL, '安徽|阜阳|颍上县', 3412, 7, '0000-00-00 00:00:00', 0),
(341225, '阜南县', NULL, '安徽|阜阳|阜南县', 3412, 6, '0000-00-00 00:00:00', 0),
(341222, '太和县', NULL, '安徽|阜阳|太和县', 3412, 5, '0000-00-00 00:00:00', 0),
(341221, '临泉县', NULL, '安徽|阜阳|临泉县', 3412, 4, '0000-00-00 00:00:00', 0),
(341204, '颍泉区', NULL, '安徽|阜阳|颍泉区', 3412, 3, '0000-00-00 00:00:00', 0),
(341203, '颍东区', NULL, '安徽|阜阳|颍东区', 3412, 2, '0000-00-00 00:00:00', 0),
(341202, '颍州区', NULL, '安徽|阜阳|颍州区', 3412, 1, '0000-00-00 00:00:00', 0),
(341182, '明光市', NULL, '安徽|滁州|明光市', 3411, 8, '0000-00-00 00:00:00', 0),
(341181, '天长市', NULL, '安徽|滁州|天长市', 3411, 7, '0000-00-00 00:00:00', 0),
(341126, '凤阳县', NULL, '安徽|滁州|凤阳县', 3411, 6, '0000-00-00 00:00:00', 0),
(341125, '定远县', NULL, '安徽|滁州|定远县', 3411, 5, '0000-00-00 00:00:00', 0),
(341124, '全椒县', NULL, '安徽|滁州|全椒县', 3411, 4, '0000-00-00 00:00:00', 0),
(341122, '来安县', NULL, '安徽|滁州|来安县', 3411, 3, '0000-00-00 00:00:00', 0),
(341103, '南谯区', NULL, '安徽|滁州|南谯区', 3411, 2, '0000-00-00 00:00:00', 0),
(341102, '琅琊区', NULL, '安徽|滁州|琅琊区', 3411, 1, '0000-00-00 00:00:00', 0),
(341024, '祁门县', NULL, '安徽|黄山|祁门县', 3410, 7, '0000-00-00 00:00:00', 0),
(341023, '黟县', NULL, '安徽|黄山|黟县', 3410, 6, '0000-00-00 00:00:00', 0),
(341022, '休宁县', NULL, '安徽|黄山|休宁县', 3410, 5, '0000-00-00 00:00:00', 0),
(341021, '歙县', NULL, '安徽|黄山|歙县', 3410, 4, '0000-00-00 00:00:00', 0),
(341004, '徽州区', NULL, '安徽|黄山|徽州区', 3410, 3, '0000-00-00 00:00:00', 0),
(341003, '黄山区', NULL, '安徽|黄山|黄山区', 3410, 2, '0000-00-00 00:00:00', 0),
(341002, '屯溪区', NULL, '安徽|黄山|屯溪区', 3410, 1, '0000-00-00 00:00:00', 0),
(340881, '桐城市', NULL, '安徽|安庆|桐城市', 3408, 11, '0000-00-00 00:00:00', 0),
(340828, '岳西县', NULL, '安徽|安庆|岳西县', 3408, 10, '0000-00-00 00:00:00', 0),
(340827, '望江县', NULL, '安徽|安庆|望江县', 3408, 9, '0000-00-00 00:00:00', 0),
(340826, '宿松县', NULL, '安徽|安庆|宿松县', 3408, 8, '0000-00-00 00:00:00', 0),
(340825, '太湖县', NULL, '安徽|安庆|太湖县', 3408, 7, '0000-00-00 00:00:00', 0),
(340824, '潜山县', NULL, '安徽|安庆|潜山县', 3408, 6, '0000-00-00 00:00:00', 0),
(340823, '枞阳县', NULL, '安徽|安庆|枞阳县', 3408, 5, '0000-00-00 00:00:00', 0),
(340822, '怀宁县', NULL, '安徽|安庆|怀宁县', 3408, 4, '0000-00-00 00:00:00', 0),
(340811, '宜秀区', NULL, '安徽|安庆|宜秀区', 3408, 3, '0000-00-00 00:00:00', 0),
(340803, '大观区', NULL, '安徽|安庆|大观区', 3408, 2, '0000-00-00 00:00:00', 0),
(340802, '迎江区', NULL, '安徽|安庆|迎江区', 3408, 1, '0000-00-00 00:00:00', 0),
(340721, '铜陵县', NULL, '安徽|铜陵|铜陵县', 3407, 4, '0000-00-00 00:00:00', 0),
(340711, '郊区', NULL, '安徽|铜陵|郊区', 3407, 3, '0000-00-00 00:00:00', 0),
(340703, '狮子山区', NULL, '安徽|铜陵|狮子山区', 3407, 2, '0000-00-00 00:00:00', 0),
(340702, '铜官山区', NULL, '安徽|铜陵|铜官山区', 3407, 1, '0000-00-00 00:00:00', 0),
(340621, '濉溪县', NULL, '安徽|淮北|濉溪县', 3406, 4, '0000-00-00 00:00:00', 0),
(340604, '烈山区', NULL, '安徽|淮北|烈山区', 3406, 3, '0000-00-00 00:00:00', 0),
(340603, '相山区', NULL, '安徽|淮北|相山区', 3406, 2, '0000-00-00 00:00:00', 0),
(340602, '杜集区', NULL, '安徽|淮北|杜集区', 3406, 1, '0000-00-00 00:00:00', 0),
(340521, '当涂县', NULL, '安徽|马鞍山|当涂县', 3405, 4, '0000-00-00 00:00:00', 0),
(340504, '雨山区', NULL, '安徽|马鞍山|雨山区', 3405, 3, '0000-00-00 00:00:00', 0),
(340503, '花山区', NULL, '安徽|马鞍山|花山区', 3405, 2, '0000-00-00 00:00:00', 0),
(340502, '金家庄区', NULL, '安徽|马鞍山|金家庄区', 3405, 1, '0000-00-00 00:00:00', 0),
(340421, '凤台县', NULL, '安徽|淮南|凤台县', 3404, 6, '0000-00-00 00:00:00', 0),
(340406, '潘集区', NULL, '安徽|淮南|潘集区', 3404, 5, '0000-00-00 00:00:00', 0),
(340405, '八公山区', NULL, '安徽|淮南|八公山区', 3404, 4, '0000-00-00 00:00:00', 0),
(340404, '谢家集区', NULL, '安徽|淮南|谢家集区', 3404, 3, '0000-00-00 00:00:00', 0),
(340403, '田家庵区', NULL, '安徽|淮南|田家庵区', 3404, 2, '0000-00-00 00:00:00', 0),
(340402, '大通区', NULL, '安徽|淮南|大通区', 3404, 1, '0000-00-00 00:00:00', 0),
(340323, '固镇县', NULL, '安徽|蚌埠|固镇县', 3403, 7, '0000-00-00 00:00:00', 0),
(340322, '五河县', NULL, '安徽|蚌埠|五河县', 3403, 6, '0000-00-00 00:00:00', 0),
(340321, '怀远县', NULL, '安徽|蚌埠|怀远县', 3403, 5, '0000-00-00 00:00:00', 0),
(340311, '淮上区', NULL, '安徽|蚌埠|淮上区', 3403, 4, '0000-00-00 00:00:00', 0),
(340304, '禹会区', NULL, '安徽|蚌埠|禹会区', 3403, 3, '0000-00-00 00:00:00', 0),
(340303, '蚌山区', NULL, '安徽|蚌埠|蚌山区', 3403, 2, '0000-00-00 00:00:00', 0),
(340302, '龙子湖区', NULL, '安徽|蚌埠|龙子湖区', 3403, 1, '0000-00-00 00:00:00', 0),
(340223, '南陵县', NULL, '安徽|芜湖|南陵县', 3402, 7, '0000-00-00 00:00:00', 0),
(340222, '繁昌县', NULL, '安徽|芜湖|繁昌县', 3402, 6, '0000-00-00 00:00:00', 0),
(340221, '芜湖县', NULL, '安徽|芜湖|芜湖县', 3402, 5, '0000-00-00 00:00:00', 0),
(340208, '三山区', NULL, '安徽|芜湖|三山区', 3402, 4, '0000-00-00 00:00:00', 0),
(340207, '鸠江区', NULL, '安徽|芜湖|鸠江区', 3402, 3, '0000-00-00 00:00:00', 0),
(340203, '弋江区', NULL, '安徽|芜湖|弋江区', 3402, 2, '0000-00-00 00:00:00', 0),
(340202, '镜湖区', NULL, '安徽|芜湖|镜湖区', 3402, 1, '0000-00-00 00:00:00', 0),
(340123, '肥西县', NULL, '安徽|合肥|肥西县', 3401, 7, '0000-00-00 00:00:00', 0),
(340122, '肥东县', NULL, '安徽|合肥|肥东县', 3401, 6, '0000-00-00 00:00:00', 0),
(340121, '长丰县', NULL, '安徽|合肥|长丰县', 3401, 5, '0000-00-00 00:00:00', 0),
(340111, '包河区', NULL, '安徽|合肥|包河区', 3401, 4, '0000-00-00 00:00:00', 0),
(340104, '蜀山区', NULL, '安徽|合肥|蜀山区', 3401, 3, '0000-00-00 00:00:00', 0),
(340103, '庐阳区', NULL, '安徽|合肥|庐阳区', 3401, 2, '0000-00-00 00:00:00', 0),
(340102, '瑶海区', NULL, '安徽|合肥|瑶海区', 3401, 1, '0000-00-00 00:00:00', 0),
(331181, '龙泉市', NULL, '浙江|丽水|龙泉市', 3311, 9, '0000-00-00 00:00:00', 0),
(331127, '景宁畲族自治县', NULL, '浙江|丽水|景宁畲族自治县', 3311, 8, '0000-00-00 00:00:00', 0),
(331126, '庆元县', NULL, '浙江|丽水|庆元县', 3311, 7, '0000-00-00 00:00:00', 0),
(331125, '云和县', NULL, '浙江|丽水|云和县', 3311, 6, '0000-00-00 00:00:00', 0),
(331124, '松阳县', NULL, '浙江|丽水|松阳县', 3311, 5, '0000-00-00 00:00:00', 0),
(331123, '遂昌县', NULL, '浙江|丽水|遂昌县', 3311, 4, '0000-00-00 00:00:00', 0),
(331122, '缙云县', NULL, '浙江|丽水|缙云县', 3311, 3, '0000-00-00 00:00:00', 0),
(331121, '青田县', NULL, '浙江|丽水|青田县', 3311, 2, '0000-00-00 00:00:00', 0),
(331102, '莲都区', NULL, '浙江|丽水|莲都区', 3311, 1, '0000-00-00 00:00:00', 0),
(331082, '临海市', NULL, '浙江|台州|临海市', 3310, 9, '0000-00-00 00:00:00', 0),
(331081, '温岭市', NULL, '浙江|台州|温岭市', 3310, 8, '0000-00-00 00:00:00', 0),
(331024, '仙居县', NULL, '浙江|台州|仙居县', 3310, 7, '0000-00-00 00:00:00', 0),
(331023, '天台县', NULL, '浙江|台州|天台县', 3310, 6, '0000-00-00 00:00:00', 0),
(331022, '三门县', NULL, '浙江|台州|三门县', 3310, 5, '0000-00-00 00:00:00', 0),
(331021, '玉环县', NULL, '浙江|台州|玉环县', 3310, 4, '0000-00-00 00:00:00', 0),
(331004, '路桥区', NULL, '浙江|台州|路桥区', 3310, 3, '0000-00-00 00:00:00', 0),
(331003, '黄岩区', NULL, '浙江|台州|黄岩区', 3310, 2, '0000-00-00 00:00:00', 0),
(331002, '椒江区', NULL, '浙江|台州|椒江区', 3310, 1, '0000-00-00 00:00:00', 0),
(330922, '嵊泗县', NULL, '浙江|舟山|嵊泗县', 3309, 4, '0000-00-00 00:00:00', 0),
(330921, '岱山县', NULL, '浙江|舟山|岱山县', 3309, 3, '0000-00-00 00:00:00', 0),
(330903, '普陀区', NULL, '浙江|舟山|普陀区', 3309, 2, '0000-00-00 00:00:00', 0),
(330902, '定海区', NULL, '浙江|舟山|定海区', 3309, 1, '0000-00-00 00:00:00', 0),
(330881, '江山市', NULL, '浙江|衢州|江山市', 3308, 6, '0000-00-00 00:00:00', 0),
(330825, '龙游县', NULL, '浙江|衢州|龙游县', 3308, 5, '0000-00-00 00:00:00', 0),
(330824, '开化县', NULL, '浙江|衢州|开化县', 3308, 4, '0000-00-00 00:00:00', 0),
(330822, '常山县', NULL, '浙江|衢州|常山县', 3308, 3, '0000-00-00 00:00:00', 0),
(330803, '衢江区', NULL, '浙江|衢州|衢江区', 3308, 2, '0000-00-00 00:00:00', 0),
(330802, '柯城区', NULL, '浙江|衢州|柯城区', 3308, 1, '0000-00-00 00:00:00', 0),
(330784, '永康市', NULL, '浙江|金华|永康市', 3307, 9, '0000-00-00 00:00:00', 0),
(330783, '东阳市', NULL, '浙江|金华|东阳市', 3307, 8, '0000-00-00 00:00:00', 0),
(330782, '义乌市', NULL, '浙江|金华|义乌市', 3307, 7, '0000-00-00 00:00:00', 0),
(330781, '兰溪市', NULL, '浙江|金华|兰溪市', 3307, 6, '0000-00-00 00:00:00', 0),
(330727, '磐安县', NULL, '浙江|金华|磐安县', 3307, 5, '0000-00-00 00:00:00', 0),
(330726, '浦江县', NULL, '浙江|金华|浦江县', 3307, 4, '0000-00-00 00:00:00', 0),
(330723, '武义县', NULL, '浙江|金华|武义县', 3307, 3, '0000-00-00 00:00:00', 0),
(330703, '金东区', NULL, '浙江|金华|金东区', 3307, 2, '0000-00-00 00:00:00', 0),
(330702, '婺城区', NULL, '浙江|金华|婺城区', 3307, 1, '0000-00-00 00:00:00', 0),
(330683, '嵊州市', NULL, '浙江|绍兴|嵊州市', 3306, 6, '0000-00-00 00:00:00', 0),
(330682, '上虞市', NULL, '浙江|绍兴|上虞市', 3306, 5, '0000-00-00 00:00:00', 0),
(330681, '诸暨市', NULL, '浙江|绍兴|诸暨市', 3306, 4, '0000-00-00 00:00:00', 0),
(330624, '新昌县', NULL, '浙江|绍兴|新昌县', 3306, 3, '0000-00-00 00:00:00', 0),
(330621, '绍兴县', NULL, '浙江|绍兴|绍兴县', 3306, 2, '0000-00-00 00:00:00', 0),
(330602, '越城区', NULL, '浙江|绍兴|越城区', 3306, 1, '0000-00-00 00:00:00', 0),
(330523, '安吉县', NULL, '浙江|湖州|安吉县', 3305, 5, '0000-00-00 00:00:00', 0),
(330522, '长兴县', NULL, '浙江|湖州|长兴县', 3305, 4, '0000-00-00 00:00:00', 0),
(330521, '德清县', NULL, '浙江|湖州|德清县', 3305, 3, '0000-00-00 00:00:00', 0),
(330503, '南浔区', NULL, '浙江|湖州|南浔区', 3305, 2, '0000-00-00 00:00:00', 0),
(330502, '吴兴区', NULL, '浙江|湖州|吴兴区', 3305, 1, '0000-00-00 00:00:00', 0),
(330483, '桐乡市', NULL, '浙江|嘉兴|桐乡市', 3304, 7, '0000-00-00 00:00:00', 0),
(330482, '平湖市', NULL, '浙江|嘉兴|平湖市', 3304, 6, '0000-00-00 00:00:00', 0),
(330481, '海宁市', NULL, '浙江|嘉兴|海宁市', 3304, 5, '0000-00-00 00:00:00', 0),
(330424, '海盐县', NULL, '浙江|嘉兴|海盐县', 3304, 4, '0000-00-00 00:00:00', 0),
(330421, '嘉善县', NULL, '浙江|嘉兴|嘉善县', 3304, 3, '0000-00-00 00:00:00', 0),
(330411, '秀洲区', NULL, '浙江|嘉兴|秀洲区', 3304, 2, '0000-00-00 00:00:00', 0),
(330402, '南湖区', NULL, '浙江|嘉兴|南湖区', 3304, 1, '0000-00-00 00:00:00', 0),
(330382, '乐清市', NULL, '浙江|温州|乐清市', 3303, 11, '0000-00-00 00:00:00', 0),
(330381, '瑞安市', NULL, '浙江|温州|瑞安市', 3303, 10, '0000-00-00 00:00:00', 0),
(330329, '泰顺县', NULL, '浙江|温州|泰顺县', 3303, 9, '0000-00-00 00:00:00', 0),
(330328, '文成县', NULL, '浙江|温州|文成县', 3303, 8, '0000-00-00 00:00:00', 0),
(330327, '苍南县', NULL, '浙江|温州|苍南县', 3303, 7, '0000-00-00 00:00:00', 0),
(330326, '平阳县', NULL, '浙江|温州|平阳县', 3303, 6, '0000-00-00 00:00:00', 0),
(330324, '永嘉县', NULL, '浙江|温州|永嘉县', 3303, 5, '0000-00-00 00:00:00', 0),
(330322, '洞头县', NULL, '浙江|温州|洞头县', 3303, 4, '0000-00-00 00:00:00', 0),
(330304, '瓯海区', NULL, '浙江|温州|瓯海区', 3303, 3, '0000-00-00 00:00:00', 0),
(330303, '龙湾区', NULL, '浙江|温州|龙湾区', 3303, 2, '0000-00-00 00:00:00', 0),
(330302, '鹿城区', NULL, '浙江|温州|鹿城区', 3303, 1, '0000-00-00 00:00:00', 0),
(330283, '奉化市', NULL, '浙江|宁波|奉化市', 3302, 11, '0000-00-00 00:00:00', 0),
(330282, '慈溪市', NULL, '浙江|宁波|慈溪市', 3302, 10, '0000-00-00 00:00:00', 0),
(330281, '余姚市', NULL, '浙江|宁波|余姚市', 3302, 9, '0000-00-00 00:00:00', 0),
(330226, '宁海县', NULL, '浙江|宁波|宁海县', 3302, 8, '0000-00-00 00:00:00', 0),
(330225, '象山县', NULL, '浙江|宁波|象山县', 3302, 7, '0000-00-00 00:00:00', 0),
(330212, '鄞州区', NULL, '浙江|宁波|鄞州区', 3302, 6, '0000-00-00 00:00:00', 0),
(330211, '镇海区', NULL, '浙江|宁波|镇海区', 3302, 5, '0000-00-00 00:00:00', 0),
(330206, '北仑区', NULL, '浙江|宁波|北仑区', 3302, 4, '0000-00-00 00:00:00', 0),
(330205, '江北区', NULL, '浙江|宁波|江北区', 3302, 3, '0000-00-00 00:00:00', 0),
(330204, '江东区', NULL, '浙江|宁波|江东区', 3302, 2, '0000-00-00 00:00:00', 0),
(330203, '海曙区', NULL, '浙江|宁波|海曙区', 3302, 1, '0000-00-00 00:00:00', 0),
(330185, '临安市', NULL, '浙江|杭州|临安市', 3301, 13, '0000-00-00 00:00:00', 0),
(330183, '富阳市', NULL, '浙江|杭州|富阳市', 3301, 12, '0000-00-00 00:00:00', 0),
(330182, '建德市', NULL, '浙江|杭州|建德市', 3301, 11, '0000-00-00 00:00:00', 0),
(330127, '淳安县', NULL, '浙江|杭州|淳安县', 3301, 10, '0000-00-00 00:00:00', 0),
(330122, '桐庐县', NULL, '浙江|杭州|桐庐县', 3301, 9, '0000-00-00 00:00:00', 0),
(330110, '余杭区', NULL, '浙江|杭州|余杭区', 3301, 8, '0000-00-00 00:00:00', 0),
(330109, '萧山区', NULL, '浙江|杭州|萧山区', 3301, 7, '0000-00-00 00:00:00', 0),
(330108, '滨江区', NULL, '浙江|杭州|滨江区', 3301, 6, '0000-00-00 00:00:00', 0),
(330106, '西湖区', NULL, '浙江|杭州|西湖区', 3301, 5, '0000-00-00 00:00:00', 0),
(330105, '拱墅区', NULL, '浙江|杭州|拱墅区', 3301, 4, '0000-00-00 00:00:00', 0),
(330104, '江干区', NULL, '浙江|杭州|江干区', 3301, 3, '0000-00-00 00:00:00', 0),
(330103, '下城区', NULL, '浙江|杭州|下城区', 3301, 2, '0000-00-00 00:00:00', 0),
(330102, '上城区', NULL, '浙江|杭州|上城区', 3301, 1, '0000-00-00 00:00:00', 0),
(321324, '泗洪县', NULL, '江苏|宿迁|泗洪县', 3213, 5, '0000-00-00 00:00:00', 0),
(321323, '泗阳县', NULL, '江苏|宿迁|泗阳县', 3213, 4, '0000-00-00 00:00:00', 0),
(321322, '沭阳县', NULL, '江苏|宿迁|沭阳县', 3213, 3, '0000-00-00 00:00:00', 0),
(321311, '宿豫区', NULL, '江苏|宿迁|宿豫区', 3213, 2, '0000-00-00 00:00:00', 0),
(321302, '宿城区', NULL, '江苏|宿迁|宿城区', 3213, 1, '0000-00-00 00:00:00', 0),
(321284, '姜堰市', NULL, '江苏|泰州|姜堰市', 3212, 6, '0000-00-00 00:00:00', 0),
(321283, '泰兴市', NULL, '江苏|泰州|泰兴市', 3212, 5, '0000-00-00 00:00:00', 0),
(321282, '靖江市', NULL, '江苏|泰州|靖江市', 3212, 4, '0000-00-00 00:00:00', 0),
(321281, '兴化市', NULL, '江苏|泰州|兴化市', 3212, 3, '0000-00-00 00:00:00', 0),
(321203, '高港区', NULL, '江苏|泰州|高港区', 3212, 2, '0000-00-00 00:00:00', 0),
(321202, '海陵区', NULL, '江苏|泰州|海陵区', 3212, 1, '0000-00-00 00:00:00', 0),
(321183, '句容市', NULL, '江苏|镇江|句容市', 3211, 6, '0000-00-00 00:00:00', 0),
(321182, '扬中市', NULL, '江苏|镇江|扬中市', 3211, 5, '0000-00-00 00:00:00', 0),
(321181, '丹阳市', NULL, '江苏|镇江|丹阳市', 3211, 4, '0000-00-00 00:00:00', 0),
(321112, '丹徒区', NULL, '江苏|镇江|丹徒区', 3211, 3, '0000-00-00 00:00:00', 0),
(321111, '润州区', NULL, '江苏|镇江|润州区', 3211, 2, '0000-00-00 00:00:00', 0),
(321102, '京口区', NULL, '江苏|镇江|京口区', 3211, 1, '0000-00-00 00:00:00', 0),
(321088, '江都市', NULL, '江苏|扬州|江都市', 3210, 7, '0000-00-00 00:00:00', 0),
(321084, '高邮市', NULL, '江苏|扬州|高邮市', 3210, 6, '0000-00-00 00:00:00', 0),
(321081, '仪征市', NULL, '江苏|扬州|仪征市', 3210, 5, '0000-00-00 00:00:00', 0),
(321023, '宝应县', NULL, '江苏|扬州|宝应县', 3210, 4, '0000-00-00 00:00:00', 0),
(321011, '维扬区', NULL, '江苏|扬州|维扬区', 3210, 3, '0000-00-00 00:00:00', 0),
(321003, '邗江区', NULL, '江苏|扬州|邗江区', 3210, 2, '0000-00-00 00:00:00', 0),
(321002, '广陵区', NULL, '江苏|扬州|广陵区', 3210, 1, '0000-00-00 00:00:00', 0),
(320982, '大丰市', NULL, '江苏|盐城|大丰市', 3209, 9, '0000-00-00 00:00:00', 0),
(320981, '东台市', NULL, '江苏|盐城|东台市', 3209, 8, '0000-00-00 00:00:00', 0),
(320925, '建湖县', NULL, '江苏|盐城|建湖县', 3209, 7, '0000-00-00 00:00:00', 0),
(320924, '射阳县', NULL, '江苏|盐城|射阳县', 3209, 6, '0000-00-00 00:00:00', 0),
(320923, '阜宁县', NULL, '江苏|盐城|阜宁县', 3209, 5, '0000-00-00 00:00:00', 0),
(320922, '滨海县', NULL, '江苏|盐城|滨海县', 3209, 4, '0000-00-00 00:00:00', 0),
(320921, '响水县', NULL, '江苏|盐城|响水县', 3209, 3, '0000-00-00 00:00:00', 0),
(320903, '盐都区', NULL, '江苏|盐城|盐都区', 3209, 2, '0000-00-00 00:00:00', 0),
(320902, '亭湖区', NULL, '江苏|盐城|亭湖区', 3209, 1, '0000-00-00 00:00:00', 0),
(320831, '金湖县', NULL, '江苏|淮安|金湖县', 3208, 8, '0000-00-00 00:00:00', 0),
(320830, '盱眙县', NULL, '江苏|淮安|盱眙县', 3208, 7, '0000-00-00 00:00:00', 0),
(320829, '洪泽县', NULL, '江苏|淮安|洪泽县', 3208, 6, '0000-00-00 00:00:00', 0),
(320826, '涟水县', NULL, '江苏|淮安|涟水县', 3208, 5, '0000-00-00 00:00:00', 0),
(320811, '清浦区', NULL, '江苏|淮安|清浦区', 3208, 4, '0000-00-00 00:00:00', 0),
(320804, '淮阴区', NULL, '江苏|淮安|淮阴区', 3208, 3, '0000-00-00 00:00:00', 0),
(320803, '楚州区', NULL, '江苏|淮安|楚州区', 3208, 2, '0000-00-00 00:00:00', 0),
(320802, '清河区', NULL, '江苏|淮安|清河区', 3208, 1, '0000-00-00 00:00:00', 0),
(320724, '灌南县', NULL, '江苏|连云港|灌南县', 3207, 7, '0000-00-00 00:00:00', 0),
(320723, '灌云县', NULL, '江苏|连云港|灌云县', 3207, 6, '0000-00-00 00:00:00', 0),
(320722, '东海县', NULL, '江苏|连云港|东海县', 3207, 5, '0000-00-00 00:00:00', 0),
(320721, '赣榆县', NULL, '江苏|连云港|赣榆县', 3207, 4, '0000-00-00 00:00:00', 0),
(320706, '海州区', NULL, '江苏|连云港|海州区', 3207, 3, '0000-00-00 00:00:00', 0),
(320705, '新浦区', NULL, '江苏|连云港|新浦区', 3207, 2, '0000-00-00 00:00:00', 0),
(320703, '连云区', NULL, '江苏|连云港|连云区', 3207, 1, '0000-00-00 00:00:00', 0),
(320684, '海门市', NULL, '江苏|南通|海门市', 3206, 8, '0000-00-00 00:00:00', 0),
(320683, '通州市', NULL, '江苏|南通|通州市', 3206, 7, '0000-00-00 00:00:00', 0),
(320682, '如皋市', NULL, '江苏|南通|如皋市', 3206, 6, '0000-00-00 00:00:00', 0),
(320681, '启东市', NULL, '江苏|南通|启东市', 3206, 5, '0000-00-00 00:00:00', 0),
(320623, '如东县', NULL, '江苏|南通|如东县', 3206, 4, '0000-00-00 00:00:00', 0),
(320621, '海安县', NULL, '江苏|南通|海安县', 3206, 3, '0000-00-00 00:00:00', 0),
(320611, '港闸区', NULL, '江苏|南通|港闸区', 3206, 2, '0000-00-00 00:00:00', 0),
(320602, '崇川区', NULL, '江苏|南通|崇川区', 3206, 1, '0000-00-00 00:00:00', 0),
(320585, '太仓市', NULL, '江苏|苏州|太仓市', 3205, 11, '0000-00-00 00:00:00', 0),
(320584, '吴江市', NULL, '江苏|苏州|吴江市', 3205, 10, '0000-00-00 00:00:00', 0),
(320583, '昆山市', NULL, '江苏|苏州|昆山市', 3205, 9, '0000-00-00 00:00:00', 0),
(320582, '张家港市', NULL, '江苏|苏州|张家港市', 3205, 8, '0000-00-00 00:00:00', 0),
(320581, '常熟市', NULL, '江苏|苏州|常熟市', 3205, 7, '0000-00-00 00:00:00', 0),
(320507, '相城区', NULL, '江苏|苏州|相城区', 3205, 6, '0000-00-00 00:00:00', 0),
(320506, '吴中区', NULL, '江苏|苏州|吴中区', 3205, 5, '0000-00-00 00:00:00', 0),
(320505, '虎丘区', NULL, '江苏|苏州|虎丘区', 3205, 4, '0000-00-00 00:00:00', 0),
(320504, '金阊区', NULL, '江苏|苏州|金阊区', 3205, 3, '0000-00-00 00:00:00', 0),
(320503, '平江区', NULL, '江苏|苏州|平江区', 3205, 2, '0000-00-00 00:00:00', 0),
(320502, '沧浪区', NULL, '江苏|苏州|沧浪区', 3205, 1, '0000-00-00 00:00:00', 0),
(320482, '金坛市', NULL, '江苏|常州|金坛市', 3204, 7, '0000-00-00 00:00:00', 0),
(320481, '溧阳市', NULL, '江苏|常州|溧阳市', 3204, 6, '0000-00-00 00:00:00', 0),
(320412, '武进区', NULL, '江苏|常州|武进区', 3204, 5, '0000-00-00 00:00:00', 0),
(320411, '新北区', NULL, '江苏|常州|新北区', 3204, 4, '0000-00-00 00:00:00', 0),
(320405, '戚墅堰区', NULL, '江苏|常州|戚墅堰区', 3204, 3, '0000-00-00 00:00:00', 0),
(320404, '钟楼区', NULL, '江苏|常州|钟楼区', 3204, 2, '0000-00-00 00:00:00', 0),
(320402, '天宁区', NULL, '江苏|常州|天宁区', 3204, 1, '0000-00-00 00:00:00', 0),
(320382, '邳州市', NULL, '江苏|徐州|邳州市', 3203, 11, '0000-00-00 00:00:00', 0),
(320381, '新沂市', NULL, '江苏|徐州|新沂市', 3203, 10, '0000-00-00 00:00:00', 0),
(320324, '睢宁县', NULL, '江苏|徐州|睢宁县', 3203, 9, '0000-00-00 00:00:00', 0),
(320323, '铜山县', NULL, '江苏|徐州|铜山县', 3203, 8, '0000-00-00 00:00:00', 0),
(320322, '沛县', NULL, '江苏|徐州|沛县', 3203, 7, '0000-00-00 00:00:00', 0),
(320321, '丰县', NULL, '江苏|徐州|丰县', 3203, 6, '0000-00-00 00:00:00', 0),
(320311, '泉山区', NULL, '江苏|徐州|泉山区', 3203, 5, '0000-00-00 00:00:00', 0),
(320305, '贾汪区', NULL, '江苏|徐州|贾汪区', 3203, 4, '0000-00-00 00:00:00', 0),
(320304, '九里区', NULL, '江苏|徐州|九里区', 3203, 3, '0000-00-00 00:00:00', 0),
(320303, '云龙区', NULL, '江苏|徐州|云龙区', 3203, 2, '0000-00-00 00:00:00', 0),
(320302, '鼓楼区', NULL, '江苏|徐州|鼓楼区', 3203, 1, '0000-00-00 00:00:00', 0);
INSERT INTO `city` (`id`, `name`, `first_letter`, `description`, `parent_id`, `sort_num`, `create_time`, `author`) VALUES
(320282, '宜兴市', NULL, '江苏|无锡|宜兴市', 3202, 8, '0000-00-00 00:00:00', 0),
(320281, '江阴市', NULL, '江苏|无锡|江阴市', 3202, 7, '0000-00-00 00:00:00', 0),
(320211, '滨湖区', NULL, '江苏|无锡|滨湖区', 3202, 6, '0000-00-00 00:00:00', 0),
(320206, '惠山区', NULL, '江苏|无锡|惠山区', 3202, 5, '0000-00-00 00:00:00', 0),
(320205, '锡山区', NULL, '江苏|无锡|锡山区', 3202, 4, '0000-00-00 00:00:00', 0),
(320204, '北塘区', NULL, '江苏|无锡|北塘区', 3202, 3, '0000-00-00 00:00:00', 0),
(320203, '南长区', NULL, '江苏|无锡|南长区', 3202, 2, '0000-00-00 00:00:00', 0),
(320202, '崇安区', NULL, '江苏|无锡|崇安区', 3202, 1, '0000-00-00 00:00:00', 0),
(320125, '高淳县', NULL, '江苏|南京|高淳县', 3201, 13, '0000-00-00 00:00:00', 0),
(320124, '溧水县', NULL, '江苏|南京|溧水县', 3201, 12, '0000-00-00 00:00:00', 0),
(320116, '六合区', NULL, '江苏|南京|六合区', 3201, 11, '0000-00-00 00:00:00', 0),
(320115, '江宁区', NULL, '江苏|南京|江宁区', 3201, 10, '0000-00-00 00:00:00', 0),
(320114, '雨花台区', NULL, '江苏|南京|雨花台区', 3201, 9, '0000-00-00 00:00:00', 0),
(320113, '栖霞区', NULL, '江苏|南京|栖霞区', 3201, 8, '0000-00-00 00:00:00', 0),
(320111, '浦口区', NULL, '江苏|南京|浦口区', 3201, 7, '0000-00-00 00:00:00', 0),
(320107, '下关区', NULL, '江苏|南京|下关区', 3201, 6, '0000-00-00 00:00:00', 0),
(320106, '鼓楼区', NULL, '江苏|南京|鼓楼区', 3201, 5, '0000-00-00 00:00:00', 0),
(320105, '建邺区', NULL, '江苏|南京|建邺区', 3201, 4, '0000-00-00 00:00:00', 0),
(320104, '秦淮区', NULL, '江苏|南京|秦淮区', 3201, 3, '0000-00-00 00:00:00', 0),
(320103, '白下区', NULL, '江苏|南京|白下区', 3201, 2, '0000-00-00 00:00:00', 0),
(320102, '玄武区', NULL, '江苏|南京|玄武区', 3201, 1, '0000-00-00 00:00:00', 0),
(313030, '崇明县', NULL, '上海|崇明|崇明县', 3130, 1, '0000-00-00 00:00:00', 0),
(312918, '青浦区', NULL, '上海|青浦|青浦区', 3129, 1, '0000-00-00 00:00:00', 0),
(312620, '奉贤区', NULL, '上海|奉贤|奉贤区', 3126, 1, '0000-00-00 00:00:00', 0),
(311717, '松江区', NULL, '上海|松江|松江区', 3117, 1, '0000-00-00 00:00:00', 0),
(311616, '金山区', NULL, '上海|金山|金山区', 3116, 1, '0000-00-00 00:00:00', 0),
(311515, '浦东新区', NULL, '上海|浦东新区|浦东新区', 3115, 1, '0000-00-00 00:00:00', 0),
(311414, '嘉定区', NULL, '上海|嘉定|嘉定区', 3114, 1, '0000-00-00 00:00:00', 0),
(311313, '宝山区', NULL, '上海|宝山|宝山区', 3113, 1, '0000-00-00 00:00:00', 0),
(311212, '闵行区', NULL, '上海|闵行|闵行区', 3112, 1, '0000-00-00 00:00:00', 0),
(311010, '杨浦区', NULL, '上海|杨浦|杨浦区', 3110, 1, '0000-00-00 00:00:00', 0),
(310909, '虹口区', NULL, '上海|虹口|虹口区', 3109, 1, '0000-00-00 00:00:00', 0),
(310808, '闸北区', NULL, '上海|闸北|闸北区', 3108, 1, '0000-00-00 00:00:00', 0),
(310707, '普陀区', NULL, '上海|普陀|普陀区', 3107, 1, '0000-00-00 00:00:00', 0),
(310606, '静安区', NULL, '上海|静安|静安区', 3106, 1, '0000-00-00 00:00:00', 0),
(310505, '长宁区', NULL, '上海|长宁|长宁区', 3105, 1, '0000-00-00 00:00:00', 0),
(310404, '徐汇区', NULL, '上海|徐汇|徐汇区', 3104, 1, '0000-00-00 00:00:00', 0),
(310303, '卢湾区', NULL, '上海|卢湾|卢湾区', 3103, 1, '0000-00-00 00:00:00', 0),
(310101, '黄浦区', NULL, '上海|黄浦|黄浦区', 3101, 1, '0000-00-00 00:00:00', 0),
(232723, '漠河县', NULL, '黑龙江|大兴安岭|漠河县', 2327, 7, '0000-00-00 00:00:00', 0),
(232722, '塔河县', NULL, '黑龙江|大兴安岭|塔河县', 2327, 6, '0000-00-00 00:00:00', 0),
(232721, '呼玛县', NULL, '黑龙江|大兴安岭|呼玛县', 2327, 5, '0000-00-00 00:00:00', 0),
(232704, '呼中区', NULL, '黑龙江|大兴安岭|呼中区', 2327, 4, '0000-00-00 00:00:00', 0),
(232703, '新林区', NULL, '黑龙江|大兴安岭|新林区', 2327, 3, '0000-00-00 00:00:00', 0),
(232702, '松岭区', NULL, '黑龙江|大兴安岭|松岭区', 2327, 2, '0000-00-00 00:00:00', 0),
(232701, '加格达奇区', NULL, '黑龙江|大兴安岭|加格达奇区', 2327, 1, '0000-00-00 00:00:00', 0),
(231283, '海伦市', NULL, '黑龙江|绥化|海伦市', 2312, 10, '0000-00-00 00:00:00', 0),
(231282, '肇东市', NULL, '黑龙江|绥化|肇东市', 2312, 9, '0000-00-00 00:00:00', 0),
(231281, '安达市', NULL, '黑龙江|绥化|安达市', 2312, 8, '0000-00-00 00:00:00', 0),
(231226, '绥棱县', NULL, '黑龙江|绥化|绥棱县', 2312, 7, '0000-00-00 00:00:00', 0),
(231225, '明水县', NULL, '黑龙江|绥化|明水县', 2312, 6, '0000-00-00 00:00:00', 0),
(231224, '庆安县', NULL, '黑龙江|绥化|庆安县', 2312, 5, '0000-00-00 00:00:00', 0),
(231223, '青冈县', NULL, '黑龙江|绥化|青冈县', 2312, 4, '0000-00-00 00:00:00', 0),
(231222, '兰西县', NULL, '黑龙江|绥化|兰西县', 2312, 3, '0000-00-00 00:00:00', 0),
(231221, '望奎县', NULL, '黑龙江|绥化|望奎县', 2312, 2, '0000-00-00 00:00:00', 0),
(231202, '北林区', NULL, '黑龙江|绥化|北林区', 2312, 1, '0000-00-00 00:00:00', 0),
(231182, '五大连池市', NULL, '黑龙江|黑河|五大连池市', 2311, 6, '0000-00-00 00:00:00', 0),
(231181, '北安市', NULL, '黑龙江|黑河|北安市', 2311, 5, '0000-00-00 00:00:00', 0),
(231124, '孙吴县', NULL, '黑龙江|黑河|孙吴县', 2311, 4, '0000-00-00 00:00:00', 0),
(231123, '逊克县', NULL, '黑龙江|黑河|逊克县', 2311, 3, '0000-00-00 00:00:00', 0),
(231121, '嫩江县', NULL, '黑龙江|黑河|嫩江县', 2311, 2, '0000-00-00 00:00:00', 0),
(231102, '爱辉区', NULL, '黑龙江|黑河|爱辉区', 2311, 1, '0000-00-00 00:00:00', 0),
(231085, '穆棱市', NULL, '黑龙江|牡丹江|穆棱市', 2310, 10, '0000-00-00 00:00:00', 0),
(231084, '宁安市', NULL, '黑龙江|牡丹江|宁安市', 2310, 9, '0000-00-00 00:00:00', 0),
(231083, '海林市', NULL, '黑龙江|牡丹江|海林市', 2310, 8, '0000-00-00 00:00:00', 0),
(231081, '绥芬河市', NULL, '黑龙江|牡丹江|绥芬河市', 2310, 7, '0000-00-00 00:00:00', 0),
(231025, '林口县', NULL, '黑龙江|牡丹江|林口县', 2310, 6, '0000-00-00 00:00:00', 0),
(231024, '东宁县', NULL, '黑龙江|牡丹江|东宁县', 2310, 5, '0000-00-00 00:00:00', 0),
(231005, '西安区', NULL, '黑龙江|牡丹江|西安区', 2310, 4, '0000-00-00 00:00:00', 0),
(231004, '爱民区', NULL, '黑龙江|牡丹江|爱民区', 2310, 3, '0000-00-00 00:00:00', 0),
(231003, '阳明区', NULL, '黑龙江|牡丹江|阳明区', 2310, 2, '0000-00-00 00:00:00', 0),
(231002, '东安区', NULL, '黑龙江|牡丹江|东安区', 2310, 1, '0000-00-00 00:00:00', 0),
(230921, '勃利县', NULL, '黑龙江|七台河|勃利县', 2309, 4, '0000-00-00 00:00:00', 0),
(230904, '茄子河区', NULL, '黑龙江|七台河|茄子河区', 2309, 3, '0000-00-00 00:00:00', 0),
(230903, '桃山区', NULL, '黑龙江|七台河|桃山区', 2309, 2, '0000-00-00 00:00:00', 0),
(230902, '新兴区', NULL, '黑龙江|七台河|新兴区', 2309, 1, '0000-00-00 00:00:00', 0),
(230882, '富锦市', NULL, '黑龙江|佳木斯|富锦市', 2308, 10, '0000-00-00 00:00:00', 0),
(230881, '同江市', NULL, '黑龙江|佳木斯|同江市', 2308, 9, '0000-00-00 00:00:00', 0),
(230833, '抚远县', NULL, '黑龙江|佳木斯|抚远县', 2308, 8, '0000-00-00 00:00:00', 0),
(230828, '汤原县', NULL, '黑龙江|佳木斯|汤原县', 2308, 7, '0000-00-00 00:00:00', 0),
(230826, '桦川县', NULL, '黑龙江|佳木斯|桦川县', 2308, 6, '0000-00-00 00:00:00', 0),
(230822, '桦南县', NULL, '黑龙江|佳木斯|桦南县', 2308, 5, '0000-00-00 00:00:00', 0),
(230811, '郊区', NULL, '黑龙江|佳木斯|郊区', 2308, 4, '0000-00-00 00:00:00', 0),
(230805, '东风区', NULL, '黑龙江|佳木斯|东风区', 2308, 3, '0000-00-00 00:00:00', 0),
(230804, '前进区', NULL, '黑龙江|佳木斯|前进区', 2308, 2, '0000-00-00 00:00:00', 0),
(230803, '向阳区', NULL, '黑龙江|佳木斯|向阳区', 2308, 1, '0000-00-00 00:00:00', 0),
(230781, '铁力市', NULL, '黑龙江|伊春|铁力市', 2307, 17, '0000-00-00 00:00:00', 0),
(230722, '嘉荫县', NULL, '黑龙江|伊春|嘉荫县', 2307, 16, '0000-00-00 00:00:00', 0),
(230716, '上甘岭区', NULL, '黑龙江|伊春|上甘岭区', 2307, 15, '0000-00-00 00:00:00', 0),
(230715, '红星区', NULL, '黑龙江|伊春|红星区', 2307, 14, '0000-00-00 00:00:00', 0),
(230714, '乌伊岭区', NULL, '黑龙江|伊春|乌伊岭区', 2307, 13, '0000-00-00 00:00:00', 0),
(230713, '带岭区', NULL, '黑龙江|伊春|带岭区', 2307, 12, '0000-00-00 00:00:00', 0),
(230712, '汤旺河区', NULL, '黑龙江|伊春|汤旺河区', 2307, 11, '0000-00-00 00:00:00', 0),
(230711, '乌马河区', NULL, '黑龙江|伊春|乌马河区', 2307, 10, '0000-00-00 00:00:00', 0),
(230710, '五营区', NULL, '黑龙江|伊春|五营区', 2307, 9, '0000-00-00 00:00:00', 0),
(230709, '金山屯区', NULL, '黑龙江|伊春|金山屯区', 2307, 8, '0000-00-00 00:00:00', 0),
(230708, '美溪区', NULL, '黑龙江|伊春|美溪区', 2307, 7, '0000-00-00 00:00:00', 0),
(230707, '新青区', NULL, '黑龙江|伊春|新青区', 2307, 6, '0000-00-00 00:00:00', 0),
(230706, '翠峦区', NULL, '黑龙江|伊春|翠峦区', 2307, 5, '0000-00-00 00:00:00', 0),
(230705, '西林区', NULL, '黑龙江|伊春|西林区', 2307, 4, '0000-00-00 00:00:00', 0),
(230704, '友好区', NULL, '黑龙江|伊春|友好区', 2307, 3, '0000-00-00 00:00:00', 0),
(230703, '南岔区', NULL, '黑龙江|伊春|南岔区', 2307, 2, '0000-00-00 00:00:00', 0),
(230702, '伊春区', NULL, '黑龙江|伊春|伊春区', 2307, 1, '0000-00-00 00:00:00', 0),
(230624, '杜尔伯特蒙古族自治县', NULL, '黑龙江|大庆|杜尔伯特蒙古族自治县', 2306, 9, '0000-00-00 00:00:00', 0),
(230623, '林甸县', NULL, '黑龙江|大庆|林甸县', 2306, 8, '0000-00-00 00:00:00', 0),
(230622, '肇源县', NULL, '黑龙江|大庆|肇源县', 2306, 7, '0000-00-00 00:00:00', 0),
(230621, '肇州县', NULL, '黑龙江|大庆|肇州县', 2306, 6, '0000-00-00 00:00:00', 0),
(230606, '大同区', NULL, '黑龙江|大庆|大同区', 2306, 5, '0000-00-00 00:00:00', 0),
(230605, '红岗区', NULL, '黑龙江|大庆|红岗区', 2306, 4, '0000-00-00 00:00:00', 0),
(230604, '让胡路区', NULL, '黑龙江|大庆|让胡路区', 2306, 3, '0000-00-00 00:00:00', 0),
(230603, '龙凤区', NULL, '黑龙江|大庆|龙凤区', 2306, 2, '0000-00-00 00:00:00', 0),
(230602, '萨尔图区', NULL, '黑龙江|大庆|萨尔图区', 2306, 1, '0000-00-00 00:00:00', 0),
(230524, '饶河县', NULL, '黑龙江|双鸭山|饶河县', 2305, 8, '0000-00-00 00:00:00', 0),
(230523, '宝清县', NULL, '黑龙江|双鸭山|宝清县', 2305, 7, '0000-00-00 00:00:00', 0),
(230522, '友谊县', NULL, '黑龙江|双鸭山|友谊县', 2305, 6, '0000-00-00 00:00:00', 0),
(230521, '集贤县', NULL, '黑龙江|双鸭山|集贤县', 2305, 5, '0000-00-00 00:00:00', 0),
(230506, '宝山区', NULL, '黑龙江|双鸭山|宝山区', 2305, 4, '0000-00-00 00:00:00', 0),
(230505, '四方台区', NULL, '黑龙江|双鸭山|四方台区', 2305, 3, '0000-00-00 00:00:00', 0),
(230503, '岭东区', NULL, '黑龙江|双鸭山|岭东区', 2305, 2, '0000-00-00 00:00:00', 0),
(230502, '尖山区', NULL, '黑龙江|双鸭山|尖山区', 2305, 1, '0000-00-00 00:00:00', 0),
(230422, '绥滨县', NULL, '黑龙江|鹤岗|绥滨县', 2304, 8, '0000-00-00 00:00:00', 0),
(230421, '萝北县', NULL, '黑龙江|鹤岗|萝北县', 2304, 7, '0000-00-00 00:00:00', 0),
(230407, '兴山区', NULL, '黑龙江|鹤岗|兴山区', 2304, 6, '0000-00-00 00:00:00', 0),
(230406, '东山区', NULL, '黑龙江|鹤岗|东山区', 2304, 5, '0000-00-00 00:00:00', 0),
(230405, '兴安区', NULL, '黑龙江|鹤岗|兴安区', 2304, 4, '0000-00-00 00:00:00', 0),
(230404, '南山区', NULL, '黑龙江|鹤岗|南山区', 2304, 3, '0000-00-00 00:00:00', 0),
(230403, '工农区', NULL, '黑龙江|鹤岗|工农区', 2304, 2, '0000-00-00 00:00:00', 0),
(230402, '向阳区', NULL, '黑龙江|鹤岗|向阳区', 2304, 1, '0000-00-00 00:00:00', 0),
(230382, '密山市', NULL, '黑龙江|鸡西|密山市', 2303, 9, '0000-00-00 00:00:00', 0),
(230381, '虎林市', NULL, '黑龙江|鸡西|虎林市', 2303, 8, '0000-00-00 00:00:00', 0),
(230321, '鸡东县', NULL, '黑龙江|鸡西|鸡东县', 2303, 7, '0000-00-00 00:00:00', 0),
(230307, '麻山区', NULL, '黑龙江|鸡西|麻山区', 2303, 6, '0000-00-00 00:00:00', 0),
(230306, '城子河区', NULL, '黑龙江|鸡西|城子河区', 2303, 5, '0000-00-00 00:00:00', 0),
(230305, '梨树区', NULL, '黑龙江|鸡西|梨树区', 2303, 4, '0000-00-00 00:00:00', 0),
(230304, '滴道区', NULL, '黑龙江|鸡西|滴道区', 2303, 3, '0000-00-00 00:00:00', 0),
(230303, '恒山区', NULL, '黑龙江|鸡西|恒山区', 2303, 2, '0000-00-00 00:00:00', 0),
(230302, '鸡冠区', NULL, '黑龙江|鸡西|鸡冠区', 2303, 1, '0000-00-00 00:00:00', 0),
(230281, '讷河市', NULL, '黑龙江|齐齐哈尔|讷河市', 2302, 16, '0000-00-00 00:00:00', 0),
(230231, '拜泉县', NULL, '黑龙江|齐齐哈尔|拜泉县', 2302, 15, '0000-00-00 00:00:00', 0),
(230230, '克东县', NULL, '黑龙江|齐齐哈尔|克东县', 2302, 14, '0000-00-00 00:00:00', 0),
(230229, '克山县', NULL, '黑龙江|齐齐哈尔|克山县', 2302, 13, '0000-00-00 00:00:00', 0),
(230227, '富裕县', NULL, '黑龙江|齐齐哈尔|富裕县', 2302, 12, '0000-00-00 00:00:00', 0),
(230225, '甘南县', NULL, '黑龙江|齐齐哈尔|甘南县', 2302, 11, '0000-00-00 00:00:00', 0),
(230224, '泰来县', NULL, '黑龙江|齐齐哈尔|泰来县', 2302, 10, '0000-00-00 00:00:00', 0),
(230223, '依安县', NULL, '黑龙江|齐齐哈尔|依安县', 2302, 9, '0000-00-00 00:00:00', 0),
(230221, '龙江县', NULL, '黑龙江|齐齐哈尔|龙江县', 2302, 8, '0000-00-00 00:00:00', 0),
(230208, '梅里斯达斡尔族区', NULL, '黑龙江|齐齐哈尔|梅里斯达斡尔族区', 2302, 7, '0000-00-00 00:00:00', 0),
(230207, '碾子山区', NULL, '黑龙江|齐齐哈尔|碾子山区', 2302, 6, '0000-00-00 00:00:00', 0),
(230206, '富拉尔基区', NULL, '黑龙江|齐齐哈尔|富拉尔基区', 2302, 5, '0000-00-00 00:00:00', 0),
(230205, '昂昂溪区', NULL, '黑龙江|齐齐哈尔|昂昂溪区', 2302, 4, '0000-00-00 00:00:00', 0),
(230204, '铁锋区', NULL, '黑龙江|齐齐哈尔|铁锋区', 2302, 3, '0000-00-00 00:00:00', 0),
(230203, '建华区', NULL, '黑龙江|齐齐哈尔|建华区', 2302, 2, '0000-00-00 00:00:00', 0),
(230202, '龙沙区', NULL, '黑龙江|齐齐哈尔|龙沙区', 2302, 1, '0000-00-00 00:00:00', 0),
(230184, '五常市', NULL, '黑龙江|哈尔滨|五常市', 2301, 18, '0000-00-00 00:00:00', 0),
(230183, '尚志市', NULL, '黑龙江|哈尔滨|尚志市', 2301, 17, '0000-00-00 00:00:00', 0),
(230182, '双城市', NULL, '黑龙江|哈尔滨|双城市', 2301, 16, '0000-00-00 00:00:00', 0),
(230129, '延寿县', NULL, '黑龙江|哈尔滨|延寿县', 2301, 15, '0000-00-00 00:00:00', 0),
(230128, '通河县', NULL, '黑龙江|哈尔滨|通河县', 2301, 14, '0000-00-00 00:00:00', 0),
(230127, '木兰县', NULL, '黑龙江|哈尔滨|木兰县', 2301, 13, '0000-00-00 00:00:00', 0),
(230126, '巴彦县', NULL, '黑龙江|哈尔滨|巴彦县', 2301, 12, '0000-00-00 00:00:00', 0),
(230125, '宾县', NULL, '黑龙江|哈尔滨|宾县', 2301, 11, '0000-00-00 00:00:00', 0),
(230124, '方正县', NULL, '黑龙江|哈尔滨|方正县', 2301, 10, '0000-00-00 00:00:00', 0),
(230123, '依兰县', NULL, '黑龙江|哈尔滨|依兰县', 2301, 9, '0000-00-00 00:00:00', 0),
(230112, '阿城区', NULL, '黑龙江|哈尔滨|阿城区', 2301, 8, '0000-00-00 00:00:00', 0),
(230111, '呼兰区', NULL, '黑龙江|哈尔滨|呼兰区', 2301, 7, '0000-00-00 00:00:00', 0),
(230110, '香坊区', NULL, '黑龙江|哈尔滨|香坊区', 2301, 6, '0000-00-00 00:00:00', 0),
(230109, '松北区', NULL, '黑龙江|哈尔滨|松北区', 2301, 5, '0000-00-00 00:00:00', 0),
(230108, '平房区', NULL, '黑龙江|哈尔滨|平房区', 2301, 4, '0000-00-00 00:00:00', 0),
(230104, '道外区', NULL, '黑龙江|哈尔滨|道外区', 2301, 3, '0000-00-00 00:00:00', 0),
(230103, '南岗区', NULL, '黑龙江|哈尔滨|南岗区', 2301, 2, '0000-00-00 00:00:00', 0),
(230102, '道里区', NULL, '黑龙江|哈尔滨|道里区', 2301, 1, '0000-00-00 00:00:00', 0),
(222426, '安图县', NULL, '吉林|延边|安图县', 2224, 8, '0000-00-00 00:00:00', 0),
(222424, '汪清县', NULL, '吉林|延边|汪清县', 2224, 7, '0000-00-00 00:00:00', 0),
(222406, '和龙市', NULL, '吉林|延边|和龙市', 2224, 6, '0000-00-00 00:00:00', 0),
(222405, '龙井市', NULL, '吉林|延边|龙井市', 2224, 5, '0000-00-00 00:00:00', 0),
(222404, '珲春市', NULL, '吉林|延边|珲春市', 2224, 4, '0000-00-00 00:00:00', 0),
(222403, '敦化市', NULL, '吉林|延边|敦化市', 2224, 3, '0000-00-00 00:00:00', 0),
(222402, '图们市', NULL, '吉林|延边|图们市', 2224, 2, '0000-00-00 00:00:00', 0),
(222401, '延吉市', NULL, '吉林|延边|延吉市', 2224, 1, '0000-00-00 00:00:00', 0),
(220882, '大安市', NULL, '吉林|白城|大安市', 2208, 5, '0000-00-00 00:00:00', 0),
(220881, '洮南市', NULL, '吉林|白城|洮南市', 2208, 4, '0000-00-00 00:00:00', 0),
(220822, '通榆县', NULL, '吉林|白城|通榆县', 2208, 3, '0000-00-00 00:00:00', 0),
(220821, '镇赉县', NULL, '吉林|白城|镇赉县', 2208, 2, '0000-00-00 00:00:00', 0),
(220802, '洮北区', NULL, '吉林|白城|洮北区', 2208, 1, '0000-00-00 00:00:00', 0),
(220724, '扶余县', NULL, '吉林|松原|扶余县', 2207, 5, '0000-00-00 00:00:00', 0),
(220723, '乾安县', NULL, '吉林|松原|乾安县', 2207, 4, '0000-00-00 00:00:00', 0),
(220722, '长岭县', NULL, '吉林|松原|长岭县', 2207, 3, '0000-00-00 00:00:00', 0),
(220721, '前郭尔罗斯蒙古族自治县', NULL, '吉林|松原|前郭尔罗斯蒙古族自治县', 2207, 2, '0000-00-00 00:00:00', 0),
(220702, '宁江区', NULL, '吉林|松原|宁江区', 2207, 1, '0000-00-00 00:00:00', 0),
(220681, '临江市', NULL, '吉林|白山|临江市', 2206, 6, '0000-00-00 00:00:00', 0),
(220623, '长白朝鲜族自治县', NULL, '吉林|白山|长白朝鲜族自治县', 2206, 5, '0000-00-00 00:00:00', 0),
(220622, '靖宇县', NULL, '吉林|白山|靖宇县', 2206, 4, '0000-00-00 00:00:00', 0),
(220621, '抚松县', NULL, '吉林|白山|抚松县', 2206, 3, '0000-00-00 00:00:00', 0),
(220604, '江源区', NULL, '吉林|白山|江源区', 2206, 2, '0000-00-00 00:00:00', 0),
(220602, '八道江区', NULL, '吉林|白山|八道江区', 2206, 1, '0000-00-00 00:00:00', 0),
(220582, '集安市', NULL, '吉林|通化|集安市', 2205, 7, '0000-00-00 00:00:00', 0),
(220581, '梅河口市', NULL, '吉林|通化|梅河口市', 2205, 6, '0000-00-00 00:00:00', 0),
(220524, '柳河县', NULL, '吉林|通化|柳河县', 2205, 5, '0000-00-00 00:00:00', 0),
(220523, '辉南县', NULL, '吉林|通化|辉南县', 2205, 4, '0000-00-00 00:00:00', 0),
(220521, '通化县', NULL, '吉林|通化|通化县', 2205, 3, '0000-00-00 00:00:00', 0),
(220503, '二道江区', NULL, '吉林|通化|二道江区', 2205, 2, '0000-00-00 00:00:00', 0),
(220502, '东昌区', NULL, '吉林|通化|东昌区', 2205, 1, '0000-00-00 00:00:00', 0),
(220422, '东辽县', NULL, '吉林|辽源|东辽县', 2204, 4, '0000-00-00 00:00:00', 0),
(220421, '东丰县', NULL, '吉林|辽源|东丰县', 2204, 3, '0000-00-00 00:00:00', 0),
(220403, '西安区', NULL, '吉林|辽源|西安区', 2204, 2, '0000-00-00 00:00:00', 0),
(220402, '龙山区', NULL, '吉林|辽源|龙山区', 2204, 1, '0000-00-00 00:00:00', 0),
(220382, '双辽市', NULL, '吉林|四平|双辽市', 2203, 6, '0000-00-00 00:00:00', 0),
(220381, '公主岭市', NULL, '吉林|四平|公主岭市', 2203, 5, '0000-00-00 00:00:00', 0),
(220323, '伊通满族自治县', NULL, '吉林|四平|伊通满族自治县', 2203, 4, '0000-00-00 00:00:00', 0),
(220322, '梨树县', NULL, '吉林|四平|梨树县', 2203, 3, '0000-00-00 00:00:00', 0),
(220303, '铁东区', NULL, '吉林|四平|铁东区', 2203, 2, '0000-00-00 00:00:00', 0),
(220302, '铁西区', NULL, '吉林|四平|铁西区', 2203, 1, '0000-00-00 00:00:00', 0),
(220284, '磐石市', NULL, '吉林|吉林|磐石市', 2202, 9, '0000-00-00 00:00:00', 0),
(220283, '舒兰市', NULL, '吉林|吉林|舒兰市', 2202, 8, '0000-00-00 00:00:00', 0),
(220282, '桦甸市', NULL, '吉林|吉林|桦甸市', 2202, 7, '0000-00-00 00:00:00', 0),
(220281, '蛟河市', NULL, '吉林|吉林|蛟河市', 2202, 6, '0000-00-00 00:00:00', 0),
(220221, '永吉县', NULL, '吉林|吉林|永吉县', 2202, 5, '0000-00-00 00:00:00', 0),
(220211, '丰满区', NULL, '吉林|吉林|丰满区', 2202, 4, '0000-00-00 00:00:00', 0),
(220204, '船营区', NULL, '吉林|吉林|船营区', 2202, 3, '0000-00-00 00:00:00', 0),
(220203, '龙潭区', NULL, '吉林|吉林|龙潭区', 2202, 2, '0000-00-00 00:00:00', 0),
(220202, '昌邑区', NULL, '吉林|吉林|昌邑区', 2202, 1, '0000-00-00 00:00:00', 0),
(220183, '德惠市', NULL, '吉林|长春|德惠市', 2201, 10, '0000-00-00 00:00:00', 0),
(220182, '榆树市', NULL, '吉林|长春|榆树市', 2201, 9, '0000-00-00 00:00:00', 0),
(220181, '九台市', NULL, '吉林|长春|九台市', 2201, 8, '0000-00-00 00:00:00', 0),
(220122, '农安县', NULL, '吉林|长春|农安县', 2201, 7, '0000-00-00 00:00:00', 0),
(220112, '双阳区', NULL, '吉林|长春|双阳区', 2201, 6, '0000-00-00 00:00:00', 0),
(220106, '绿园区', NULL, '吉林|长春|绿园区', 2201, 5, '0000-00-00 00:00:00', 0),
(220105, '二道区', NULL, '吉林|长春|二道区', 2201, 4, '0000-00-00 00:00:00', 0),
(220104, '朝阳区', NULL, '吉林|长春|朝阳区', 2201, 3, '0000-00-00 00:00:00', 0),
(220103, '宽城区', NULL, '吉林|长春|宽城区', 2201, 2, '0000-00-00 00:00:00', 0),
(220102, '南关区', NULL, '吉林|长春|南关区', 2201, 1, '0000-00-00 00:00:00', 0),
(211481, '兴城市', NULL, '辽宁|葫芦岛|兴城市', 2114, 6, '0000-00-00 00:00:00', 0),
(211422, '建昌县', NULL, '辽宁|葫芦岛|建昌县', 2114, 5, '0000-00-00 00:00:00', 0),
(211421, '绥中县', NULL, '辽宁|葫芦岛|绥中县', 2114, 4, '0000-00-00 00:00:00', 0),
(211404, '南票区', NULL, '辽宁|葫芦岛|南票区', 2114, 3, '0000-00-00 00:00:00', 0),
(211403, '龙港区', NULL, '辽宁|葫芦岛|龙港区', 2114, 2, '0000-00-00 00:00:00', 0),
(211402, '连山区', NULL, '辽宁|葫芦岛|连山区', 2114, 1, '0000-00-00 00:00:00', 0),
(211382, '凌源市', NULL, '辽宁|朝阳|凌源市', 2113, 7, '0000-00-00 00:00:00', 0),
(211381, '北票市', NULL, '辽宁|朝阳|北票市', 2113, 6, '0000-00-00 00:00:00', 0),
(211324, '喀喇沁左翼蒙古族自治县', NULL, '辽宁|朝阳|喀喇沁左翼蒙古族自治县', 2113, 5, '0000-00-00 00:00:00', 0),
(211322, '建平县', NULL, '辽宁|朝阳|建平县', 2113, 4, '0000-00-00 00:00:00', 0),
(211321, '朝阳县', NULL, '辽宁|朝阳|朝阳县', 2113, 3, '0000-00-00 00:00:00', 0),
(211303, '龙城区', NULL, '辽宁|朝阳|龙城区', 2113, 2, '0000-00-00 00:00:00', 0),
(211302, '双塔区', NULL, '辽宁|朝阳|双塔区', 2113, 1, '0000-00-00 00:00:00', 0),
(211282, '开原市', NULL, '辽宁|铁岭|开原市', 2112, 7, '0000-00-00 00:00:00', 0),
(211281, '调兵山市', NULL, '辽宁|铁岭|调兵山市', 2112, 6, '0000-00-00 00:00:00', 0),
(211224, '昌图县', NULL, '辽宁|铁岭|昌图县', 2112, 5, '0000-00-00 00:00:00', 0),
(211223, '西丰县', NULL, '辽宁|铁岭|西丰县', 2112, 4, '0000-00-00 00:00:00', 0),
(211221, '铁岭县', NULL, '辽宁|铁岭|铁岭县', 2112, 3, '0000-00-00 00:00:00', 0),
(211204, '清河区', NULL, '辽宁|铁岭|清河区', 2112, 2, '0000-00-00 00:00:00', 0),
(211202, '银州区', NULL, '辽宁|铁岭|银州区', 2112, 1, '0000-00-00 00:00:00', 0),
(211122, '盘山县', NULL, '辽宁|盘锦|盘山县', 2111, 4, '0000-00-00 00:00:00', 0),
(211121, '大洼县', NULL, '辽宁|盘锦|大洼县', 2111, 3, '0000-00-00 00:00:00', 0),
(211103, '兴隆台区', NULL, '辽宁|盘锦|兴隆台区', 2111, 2, '0000-00-00 00:00:00', 0),
(211102, '双台子区', NULL, '辽宁|盘锦|双台子区', 2111, 1, '0000-00-00 00:00:00', 0),
(211081, '灯塔市', NULL, '辽宁|辽阳|灯塔市', 2110, 7, '0000-00-00 00:00:00', 0),
(211021, '辽阳县', NULL, '辽宁|辽阳|辽阳县', 2110, 6, '0000-00-00 00:00:00', 0),
(211011, '太子河区', NULL, '辽宁|辽阳|太子河区', 2110, 5, '0000-00-00 00:00:00', 0),
(211005, '弓长岭区', NULL, '辽宁|辽阳|弓长岭区', 2110, 4, '0000-00-00 00:00:00', 0),
(211004, '宏伟区', NULL, '辽宁|辽阳|宏伟区', 2110, 3, '0000-00-00 00:00:00', 0),
(211003, '文圣区', NULL, '辽宁|辽阳|文圣区', 2110, 2, '0000-00-00 00:00:00', 0),
(211002, '白塔区', NULL, '辽宁|辽阳|白塔区', 2110, 1, '0000-00-00 00:00:00', 0),
(210922, '彰武县', NULL, '辽宁|阜新|彰武县', 2109, 7, '0000-00-00 00:00:00', 0),
(210921, '阜新蒙古族自治县', NULL, '辽宁|阜新|阜新蒙古族自治县', 2109, 6, '0000-00-00 00:00:00', 0),
(210911, '细河区', NULL, '辽宁|阜新|细河区', 2109, 5, '0000-00-00 00:00:00', 0),
(210905, '清河门区', NULL, '辽宁|阜新|清河门区', 2109, 4, '0000-00-00 00:00:00', 0),
(210904, '太平区', NULL, '辽宁|阜新|太平区', 2109, 3, '0000-00-00 00:00:00', 0),
(210903, '新邱区', NULL, '辽宁|阜新|新邱区', 2109, 2, '0000-00-00 00:00:00', 0),
(210902, '海州区', NULL, '辽宁|阜新|海州区', 2109, 1, '0000-00-00 00:00:00', 0),
(210882, '大石桥市', NULL, '辽宁|营口|大石桥市', 2108, 6, '0000-00-00 00:00:00', 0),
(210881, '盖州市', NULL, '辽宁|营口|盖州市', 2108, 5, '0000-00-00 00:00:00', 0),
(210811, '老边区', NULL, '辽宁|营口|老边区', 2108, 4, '0000-00-00 00:00:00', 0),
(210804, '鲅鱼圈区', NULL, '辽宁|营口|鲅鱼圈区', 2108, 3, '0000-00-00 00:00:00', 0),
(210803, '西市区', NULL, '辽宁|营口|西市区', 2108, 2, '0000-00-00 00:00:00', 0),
(210802, '站前区', NULL, '辽宁|营口|站前区', 2108, 1, '0000-00-00 00:00:00', 0),
(210782, '北镇市', NULL, '辽宁|锦州|北镇市', 2107, 7, '0000-00-00 00:00:00', 0),
(210781, '凌海市', NULL, '辽宁|锦州|凌海市', 2107, 6, '0000-00-00 00:00:00', 0),
(210727, '义县', NULL, '辽宁|锦州|义县', 2107, 5, '0000-00-00 00:00:00', 0),
(210726, '黑山县', NULL, '辽宁|锦州|黑山县', 2107, 4, '0000-00-00 00:00:00', 0),
(210711, '太和区', NULL, '辽宁|锦州|太和区', 2107, 3, '0000-00-00 00:00:00', 0),
(210703, '凌河区', NULL, '辽宁|锦州|凌河区', 2107, 2, '0000-00-00 00:00:00', 0),
(210702, '古塔区', NULL, '辽宁|锦州|古塔区', 2107, 1, '0000-00-00 00:00:00', 0),
(210682, '凤城市', NULL, '辽宁|丹东|凤城市', 2106, 6, '0000-00-00 00:00:00', 0),
(210681, '东港市', NULL, '辽宁|丹东|东港市', 2106, 5, '0000-00-00 00:00:00', 0),
(210624, '宽甸满族自治县', NULL, '辽宁|丹东|宽甸满族自治县', 2106, 4, '0000-00-00 00:00:00', 0),
(210604, '振安区', NULL, '辽宁|丹东|振安区', 2106, 3, '0000-00-00 00:00:00', 0),
(210603, '振兴区', NULL, '辽宁|丹东|振兴区', 2106, 2, '0000-00-00 00:00:00', 0),
(210602, '元宝区', NULL, '辽宁|丹东|元宝区', 2106, 1, '0000-00-00 00:00:00', 0),
(210522, '桓仁满族自治县', NULL, '辽宁|本溪|桓仁满族自治县', 2105, 6, '0000-00-00 00:00:00', 0),
(210521, '本溪满族自治县', NULL, '辽宁|本溪|本溪满族自治县', 2105, 5, '0000-00-00 00:00:00', 0),
(210505, '南芬区', NULL, '辽宁|本溪|南芬区', 2105, 4, '0000-00-00 00:00:00', 0),
(210504, '明山区', NULL, '辽宁|本溪|明山区', 2105, 3, '0000-00-00 00:00:00', 0),
(210503, '溪湖区', NULL, '辽宁|本溪|溪湖区', 2105, 2, '0000-00-00 00:00:00', 0),
(210502, '平山区', NULL, '辽宁|本溪|平山区', 2105, 1, '0000-00-00 00:00:00', 0),
(210423, '清原满族自治县', NULL, '辽宁|抚顺|清原满族自治县', 2104, 7, '0000-00-00 00:00:00', 0),
(210422, '新宾满族自治县', NULL, '辽宁|抚顺|新宾满族自治县', 2104, 6, '0000-00-00 00:00:00', 0),
(210421, '抚顺县', NULL, '辽宁|抚顺|抚顺县', 2104, 5, '0000-00-00 00:00:00', 0),
(210411, '顺城区', NULL, '辽宁|抚顺|顺城区', 2104, 4, '0000-00-00 00:00:00', 0),
(210404, '望花区', NULL, '辽宁|抚顺|望花区', 2104, 3, '0000-00-00 00:00:00', 0),
(210403, '东洲区', NULL, '辽宁|抚顺|东洲区', 2104, 2, '0000-00-00 00:00:00', 0),
(210402, '新抚区', NULL, '辽宁|抚顺|新抚区', 2104, 1, '0000-00-00 00:00:00', 0),
(210381, '海城市', NULL, '辽宁|鞍山|海城市', 2103, 7, '0000-00-00 00:00:00', 0),
(210323, '岫岩满族自治县', NULL, '辽宁|鞍山|岫岩满族自治县', 2103, 6, '0000-00-00 00:00:00', 0),
(210321, '台安县', NULL, '辽宁|鞍山|台安县', 2103, 5, '0000-00-00 00:00:00', 0),
(210311, '千山区', NULL, '辽宁|鞍山|千山区', 2103, 4, '0000-00-00 00:00:00', 0),
(210304, '立山区', NULL, '辽宁|鞍山|立山区', 2103, 3, '0000-00-00 00:00:00', 0),
(210303, '铁西区', NULL, '辽宁|鞍山|铁西区', 2103, 2, '0000-00-00 00:00:00', 0),
(210302, '铁东区', NULL, '辽宁|鞍山|铁东区', 2103, 1, '0000-00-00 00:00:00', 0),
(210283, '庄河市', NULL, '辽宁|大连|庄河市', 2102, 10, '0000-00-00 00:00:00', 0),
(210282, '普兰店市', NULL, '辽宁|大连|普兰店市', 2102, 9, '0000-00-00 00:00:00', 0),
(210281, '瓦房店市', NULL, '辽宁|大连|瓦房店市', 2102, 8, '0000-00-00 00:00:00', 0),
(210224, '长海县', NULL, '辽宁|大连|长海县', 2102, 7, '0000-00-00 00:00:00', 0),
(210213, '金州区', NULL, '辽宁|大连|金州区', 2102, 6, '0000-00-00 00:00:00', 0),
(210212, '旅顺口区', NULL, '辽宁|大连|旅顺口区', 2102, 5, '0000-00-00 00:00:00', 0),
(210211, '甘井子区', NULL, '辽宁|大连|甘井子区', 2102, 4, '0000-00-00 00:00:00', 0),
(210204, '沙河口区', NULL, '辽宁|大连|沙河口区', 2102, 3, '0000-00-00 00:00:00', 0),
(210203, '西岗区', NULL, '辽宁|大连|西岗区', 2102, 2, '0000-00-00 00:00:00', 0),
(210202, '中山区', NULL, '辽宁|大连|中山区', 2102, 1, '0000-00-00 00:00:00', 0),
(210181, '新民市', NULL, '辽宁|沈阳|新民市', 2101, 13, '0000-00-00 00:00:00', 0),
(210124, '法库县', NULL, '辽宁|沈阳|法库县', 2101, 12, '0000-00-00 00:00:00', 0),
(210123, '康平县', NULL, '辽宁|沈阳|康平县', 2101, 11, '0000-00-00 00:00:00', 0),
(210122, '辽中县', NULL, '辽宁|沈阳|辽中县', 2101, 10, '0000-00-00 00:00:00', 0),
(210114, '于洪区', NULL, '辽宁|沈阳|于洪区', 2101, 9, '0000-00-00 00:00:00', 0),
(210113, '新城子区', NULL, '辽宁|沈阳|新城子区', 2101, 8, '0000-00-00 00:00:00', 0),
(210112, '东陵区', NULL, '辽宁|沈阳|东陵区', 2101, 7, '0000-00-00 00:00:00', 0),
(210111, '苏家屯区', NULL, '辽宁|沈阳|苏家屯区', 2101, 6, '0000-00-00 00:00:00', 0),
(210106, '铁西区', NULL, '辽宁|沈阳|铁西区', 2101, 5, '0000-00-00 00:00:00', 0),
(210105, '皇姑区', NULL, '辽宁|沈阳|皇姑区', 2101, 4, '0000-00-00 00:00:00', 0),
(210104, '大东区', NULL, '辽宁|沈阳|大东区', 2101, 3, '0000-00-00 00:00:00', 0),
(210103, '沈河区', NULL, '辽宁|沈阳|沈河区', 2101, 2, '0000-00-00 00:00:00', 0),
(210102, '和平区', NULL, '辽宁|沈阳|和平区', 2101, 1, '0000-00-00 00:00:00', 0),
(152923, '额济纳旗', NULL, '内蒙古|阿拉善|额济纳旗', 1529, 3, '0000-00-00 00:00:00', 0),
(152922, '阿拉善右旗', NULL, '内蒙古|阿拉善|阿拉善右旗', 1529, 2, '0000-00-00 00:00:00', 0),
(152921, '阿拉善左旗', NULL, '内蒙古|阿拉善|阿拉善左旗', 1529, 1, '0000-00-00 00:00:00', 0),
(152531, '多伦县', NULL, '内蒙古|锡林郭勒|多伦县', 1525, 12, '0000-00-00 00:00:00', 0),
(152530, '正蓝旗', NULL, '内蒙古|锡林郭勒|正蓝旗', 1525, 11, '0000-00-00 00:00:00', 0),
(152529, '正镶白旗', NULL, '内蒙古|锡林郭勒|正镶白旗', 1525, 10, '0000-00-00 00:00:00', 0),
(152528, '镶黄旗', NULL, '内蒙古|锡林郭勒|镶黄旗', 1525, 9, '0000-00-00 00:00:00', 0),
(152527, '太仆寺旗', NULL, '内蒙古|锡林郭勒|太仆寺旗', 1525, 8, '0000-00-00 00:00:00', 0),
(152526, '西乌珠穆沁旗', NULL, '内蒙古|锡林郭勒|西乌珠穆沁旗', 1525, 7, '0000-00-00 00:00:00', 0),
(152525, '东乌珠穆沁旗', NULL, '内蒙古|锡林郭勒|东乌珠穆沁旗', 1525, 6, '0000-00-00 00:00:00', 0),
(152524, '苏尼特右旗', NULL, '内蒙古|锡林郭勒|苏尼特右旗', 1525, 5, '0000-00-00 00:00:00', 0),
(152523, '苏尼特左旗', NULL, '内蒙古|锡林郭勒|苏尼特左旗', 1525, 4, '0000-00-00 00:00:00', 0),
(152522, '阿巴嘎旗', NULL, '内蒙古|锡林郭勒|阿巴嘎旗', 1525, 3, '0000-00-00 00:00:00', 0),
(152502, '锡林浩特市', NULL, '内蒙古|锡林郭勒|锡林浩特市', 1525, 2, '0000-00-00 00:00:00', 0),
(152501, '二连浩特市', NULL, '内蒙古|锡林郭勒|二连浩特市', 1525, 1, '0000-00-00 00:00:00', 0),
(152224, '突泉县', NULL, '内蒙古|兴安|突泉县', 1522, 6, '0000-00-00 00:00:00', 0),
(152223, '扎赉特旗', NULL, '内蒙古|兴安|扎赉特旗', 1522, 5, '0000-00-00 00:00:00', 0),
(152222, '科尔沁右翼中旗', NULL, '内蒙古|兴安|科尔沁右翼中旗', 1522, 4, '0000-00-00 00:00:00', 0),
(152221, '科尔沁右翼前旗', NULL, '内蒙古|兴安|科尔沁右翼前旗', 1522, 3, '0000-00-00 00:00:00', 0),
(152202, '阿尔山市', NULL, '内蒙古|兴安|阿尔山市', 1522, 2, '0000-00-00 00:00:00', 0),
(152201, '乌兰浩特市', NULL, '内蒙古|兴安|乌兰浩特市', 1522, 1, '0000-00-00 00:00:00', 0),
(150981, '丰镇市', NULL, '内蒙古|乌兰察布|丰镇市', 1509, 11, '0000-00-00 00:00:00', 0),
(150929, '四子王旗', NULL, '内蒙古|乌兰察布|四子王旗', 1509, 10, '0000-00-00 00:00:00', 0),
(150928, '察哈尔右翼后旗', NULL, '内蒙古|乌兰察布|察哈尔右翼后旗', 1509, 9, '0000-00-00 00:00:00', 0),
(150927, '察哈尔右翼中旗', NULL, '内蒙古|乌兰察布|察哈尔右翼中旗', 1509, 8, '0000-00-00 00:00:00', 0),
(150926, '察哈尔右翼前旗', NULL, '内蒙古|乌兰察布|察哈尔右翼前旗', 1509, 7, '0000-00-00 00:00:00', 0),
(150925, '凉城县', NULL, '内蒙古|乌兰察布|凉城县', 1509, 6, '0000-00-00 00:00:00', 0),
(150924, '兴和县', NULL, '内蒙古|乌兰察布|兴和县', 1509, 5, '0000-00-00 00:00:00', 0),
(150923, '商都县', NULL, '内蒙古|乌兰察布|商都县', 1509, 4, '0000-00-00 00:00:00', 0),
(150922, '化德县', NULL, '内蒙古|乌兰察布|化德县', 1509, 3, '0000-00-00 00:00:00', 0),
(150921, '卓资县', NULL, '内蒙古|乌兰察布|卓资县', 1509, 2, '0000-00-00 00:00:00', 0),
(150902, '集宁区', NULL, '内蒙古|乌兰察布|集宁区', 1509, 1, '0000-00-00 00:00:00', 0),
(150826, '杭锦后旗', NULL, '内蒙古|巴彦淖尔|杭锦后旗', 1508, 7, '0000-00-00 00:00:00', 0),
(150825, '乌拉特后旗', NULL, '内蒙古|巴彦淖尔|乌拉特后旗', 1508, 6, '0000-00-00 00:00:00', 0),
(150824, '乌拉特中旗', NULL, '内蒙古|巴彦淖尔|乌拉特中旗', 1508, 5, '0000-00-00 00:00:00', 0),
(150823, '乌拉特前旗', NULL, '内蒙古|巴彦淖尔|乌拉特前旗', 1508, 4, '0000-00-00 00:00:00', 0),
(150822, '磴口县', NULL, '内蒙古|巴彦淖尔|磴口县', 1508, 3, '0000-00-00 00:00:00', 0),
(150821, '五原县', NULL, '内蒙古|巴彦淖尔|五原县', 1508, 2, '0000-00-00 00:00:00', 0),
(150802, '临河区', NULL, '内蒙古|巴彦淖尔|临河区', 1508, 1, '0000-00-00 00:00:00', 0),
(150785, '根河市', NULL, '内蒙古|呼伦贝尔|根河市', 1507, 13, '0000-00-00 00:00:00', 0),
(150784, '额尔古纳市', NULL, '内蒙古|呼伦贝尔|额尔古纳市', 1507, 12, '0000-00-00 00:00:00', 0),
(150783, '扎兰屯市', NULL, '内蒙古|呼伦贝尔|扎兰屯市', 1507, 11, '0000-00-00 00:00:00', 0),
(150782, '牙克石市', NULL, '内蒙古|呼伦贝尔|牙克石市', 1507, 10, '0000-00-00 00:00:00', 0),
(150781, '满洲里市', NULL, '内蒙古|呼伦贝尔|满洲里市', 1507, 9, '0000-00-00 00:00:00', 0),
(150727, '新巴尔虎右旗', NULL, '内蒙古|呼伦贝尔|新巴尔虎右旗', 1507, 8, '0000-00-00 00:00:00', 0),
(150726, '新巴尔虎左旗', NULL, '内蒙古|呼伦贝尔|新巴尔虎左旗', 1507, 7, '0000-00-00 00:00:00', 0),
(150725, '陈巴尔虎旗', NULL, '内蒙古|呼伦贝尔|陈巴尔虎旗', 1507, 6, '0000-00-00 00:00:00', 0),
(150724, '鄂温克族自治旗', NULL, '内蒙古|呼伦贝尔|鄂温克族自治旗', 1507, 5, '0000-00-00 00:00:00', 0),
(150723, '鄂伦春自治旗', NULL, '内蒙古|呼伦贝尔|鄂伦春自治旗', 1507, 4, '0000-00-00 00:00:00', 0),
(150722, '莫力达瓦达斡尔族自治旗', NULL, '内蒙古|呼伦贝尔|莫力达瓦达斡尔族自治旗', 1507, 3, '0000-00-00 00:00:00', 0),
(150721, '阿荣旗', NULL, '内蒙古|呼伦贝尔|阿荣旗', 1507, 2, '0000-00-00 00:00:00', 0),
(150702, '海拉尔区', NULL, '内蒙古|呼伦贝尔|海拉尔区', 1507, 1, '0000-00-00 00:00:00', 0),
(150627, '伊金霍洛旗', NULL, '内蒙古|鄂尔多斯|伊金霍洛旗', 1506, 8, '0000-00-00 00:00:00', 0),
(150626, '乌审旗', NULL, '内蒙古|鄂尔多斯|乌审旗', 1506, 7, '0000-00-00 00:00:00', 0),
(150625, '杭锦旗', NULL, '内蒙古|鄂尔多斯|杭锦旗', 1506, 6, '0000-00-00 00:00:00', 0),
(150624, '鄂托克旗', NULL, '内蒙古|鄂尔多斯|鄂托克旗', 1506, 5, '0000-00-00 00:00:00', 0),
(150623, '鄂托克前旗', NULL, '内蒙古|鄂尔多斯|鄂托克前旗', 1506, 4, '0000-00-00 00:00:00', 0),
(150622, '准格尔旗', NULL, '内蒙古|鄂尔多斯|准格尔旗', 1506, 3, '0000-00-00 00:00:00', 0),
(150621, '达拉特旗', NULL, '内蒙古|鄂尔多斯|达拉特旗', 1506, 2, '0000-00-00 00:00:00', 0),
(150602, '东胜区', NULL, '内蒙古|鄂尔多斯|东胜区', 1506, 1, '0000-00-00 00:00:00', 0),
(150581, '霍林郭勒市', NULL, '内蒙古|通辽|霍林郭勒市', 1505, 8, '0000-00-00 00:00:00', 0),
(150526, '扎鲁特旗', NULL, '内蒙古|通辽|扎鲁特旗', 1505, 7, '0000-00-00 00:00:00', 0),
(150525, '奈曼旗', NULL, '内蒙古|通辽|奈曼旗', 1505, 6, '0000-00-00 00:00:00', 0),
(150524, '库伦旗', NULL, '内蒙古|通辽|库伦旗', 1505, 5, '0000-00-00 00:00:00', 0),
(150523, '开鲁县', NULL, '内蒙古|通辽|开鲁县', 1505, 4, '0000-00-00 00:00:00', 0),
(150522, '科尔沁左翼后旗', NULL, '内蒙古|通辽|科尔沁左翼后旗', 1505, 3, '0000-00-00 00:00:00', 0),
(150521, '科尔沁左翼中旗', NULL, '内蒙古|通辽|科尔沁左翼中旗', 1505, 2, '0000-00-00 00:00:00', 0),
(150502, '科尔沁区', NULL, '内蒙古|通辽|科尔沁区', 1505, 1, '0000-00-00 00:00:00', 0),
(150430, '敖汉旗', NULL, '内蒙古|赤峰|敖汉旗', 1504, 12, '0000-00-00 00:00:00', 0),
(150429, '宁城县', NULL, '内蒙古|赤峰|宁城县', 1504, 11, '0000-00-00 00:00:00', 0),
(150428, '喀喇沁旗', NULL, '内蒙古|赤峰|喀喇沁旗', 1504, 10, '0000-00-00 00:00:00', 0),
(150426, '翁牛特旗', NULL, '内蒙古|赤峰|翁牛特旗', 1504, 9, '0000-00-00 00:00:00', 0),
(150425, '克什克腾旗', NULL, '内蒙古|赤峰|克什克腾旗', 1504, 8, '0000-00-00 00:00:00', 0),
(150424, '林西县', NULL, '内蒙古|赤峰|林西县', 1504, 7, '0000-00-00 00:00:00', 0),
(150423, '巴林右旗', NULL, '内蒙古|赤峰|巴林右旗', 1504, 6, '0000-00-00 00:00:00', 0),
(150422, '巴林左旗', NULL, '内蒙古|赤峰|巴林左旗', 1504, 5, '0000-00-00 00:00:00', 0),
(150421, '阿鲁科尔沁旗', NULL, '内蒙古|赤峰|阿鲁科尔沁旗', 1504, 4, '0000-00-00 00:00:00', 0),
(150404, '松山区', NULL, '内蒙古|赤峰|松山区', 1504, 3, '0000-00-00 00:00:00', 0),
(150403, '元宝山区', NULL, '内蒙古|赤峰|元宝山区', 1504, 2, '0000-00-00 00:00:00', 0),
(150402, '红山区', NULL, '内蒙古|赤峰|红山区', 1504, 1, '0000-00-00 00:00:00', 0),
(150304, '乌达区', NULL, '内蒙古|乌海|乌达区', 1503, 3, '0000-00-00 00:00:00', 0),
(150303, '海南区', NULL, '内蒙古|乌海|海南区', 1503, 2, '0000-00-00 00:00:00', 0),
(150302, '海勃湾区', NULL, '内蒙古|乌海|海勃湾区', 1503, 1, '0000-00-00 00:00:00', 0),
(150223, '达尔罕茂明安联合旗', NULL, '内蒙古|包头|达尔罕茂明安联合旗', 1502, 9, '0000-00-00 00:00:00', 0),
(150222, '固阳县', NULL, '内蒙古|包头|固阳县', 1502, 8, '0000-00-00 00:00:00', 0),
(150221, '土默特右旗', NULL, '内蒙古|包头|土默特右旗', 1502, 7, '0000-00-00 00:00:00', 0),
(150207, '九原区', NULL, '内蒙古|包头|九原区', 1502, 6, '0000-00-00 00:00:00', 0),
(150206, '白云矿区', NULL, '内蒙古|包头|白云矿区', 1502, 5, '0000-00-00 00:00:00', 0),
(150205, '石拐区', NULL, '内蒙古|包头|石拐区', 1502, 4, '0000-00-00 00:00:00', 0),
(150204, '青山区', NULL, '内蒙古|包头|青山区', 1502, 3, '0000-00-00 00:00:00', 0),
(150203, '昆都仑区', NULL, '内蒙古|包头|昆都仑区', 1502, 2, '0000-00-00 00:00:00', 0),
(150202, '东河区', NULL, '内蒙古|包头|东河区', 1502, 1, '0000-00-00 00:00:00', 0),
(150125, '武川县', NULL, '内蒙古|呼和浩特|武川县', 1501, 9, '0000-00-00 00:00:00', 0),
(150124, '清水河县', NULL, '内蒙古|呼和浩特|清水河县', 1501, 8, '0000-00-00 00:00:00', 0),
(150123, '和林格尔县', NULL, '内蒙古|呼和浩特|和林格尔县', 1501, 7, '0000-00-00 00:00:00', 0),
(150122, '托克托县', NULL, '内蒙古|呼和浩特|托克托县', 1501, 6, '0000-00-00 00:00:00', 0),
(150121, '土默特左旗', NULL, '内蒙古|呼和浩特|土默特左旗', 1501, 5, '0000-00-00 00:00:00', 0),
(150105, '赛罕区', NULL, '内蒙古|呼和浩特|赛罕区', 1501, 4, '0000-00-00 00:00:00', 0),
(150104, '玉泉区', NULL, '内蒙古|呼和浩特|玉泉区', 1501, 3, '0000-00-00 00:00:00', 0),
(150103, '回民区', NULL, '内蒙古|呼和浩特|回民区', 1501, 2, '0000-00-00 00:00:00', 0),
(150102, '新城区', NULL, '内蒙古|呼和浩特|新城区', 1501, 1, '0000-00-00 00:00:00', 0),
(141182, '汾阳市', NULL, '山西|吕梁|汾阳市', 1411, 13, '0000-00-00 00:00:00', 0),
(141181, '孝义市', NULL, '山西|吕梁|孝义市', 1411, 12, '0000-00-00 00:00:00', 0),
(141130, '交口县', NULL, '山西|吕梁|交口县', 1411, 11, '0000-00-00 00:00:00', 0),
(141129, '中阳县', NULL, '山西|吕梁|中阳县', 1411, 10, '0000-00-00 00:00:00', 0),
(141128, '方山县', NULL, '山西|吕梁|方山县', 1411, 9, '0000-00-00 00:00:00', 0),
(141127, '岚县', NULL, '山西|吕梁|岚县', 1411, 8, '0000-00-00 00:00:00', 0),
(141126, '石楼县', NULL, '山西|吕梁|石楼县', 1411, 7, '0000-00-00 00:00:00', 0),
(141125, '柳林县', NULL, '山西|吕梁|柳林县', 1411, 6, '0000-00-00 00:00:00', 0),
(141124, '临县', NULL, '山西|吕梁|临县', 1411, 5, '0000-00-00 00:00:00', 0),
(141123, '兴县', NULL, '山西|吕梁|兴县', 1411, 4, '0000-00-00 00:00:00', 0),
(141122, '交城县', NULL, '山西|吕梁|交城县', 1411, 3, '0000-00-00 00:00:00', 0),
(141121, '文水县', NULL, '山西|吕梁|文水县', 1411, 2, '0000-00-00 00:00:00', 0),
(141102, '离石区', NULL, '山西|吕梁|离石区', 1411, 1, '0000-00-00 00:00:00', 0),
(141082, '霍州市', NULL, '山西|临汾|霍州市', 1410, 17, '0000-00-00 00:00:00', 0),
(141081, '侯马市', NULL, '山西|临汾|侯马市', 1410, 16, '0000-00-00 00:00:00', 0),
(141034, '汾西县', NULL, '山西|临汾|汾西县', 1410, 15, '0000-00-00 00:00:00', 0),
(141033, '蒲县', NULL, '山西|临汾|蒲县', 1410, 14, '0000-00-00 00:00:00', 0),
(141032, '永和县', NULL, '山西|临汾|永和县', 1410, 13, '0000-00-00 00:00:00', 0),
(141031, '隰县', NULL, '山西|临汾|隰县', 1410, 12, '0000-00-00 00:00:00', 0),
(141030, '大宁县', NULL, '山西|临汾|大宁县', 1410, 11, '0000-00-00 00:00:00', 0),
(141029, '乡宁县', NULL, '山西|临汾|乡宁县', 1410, 10, '0000-00-00 00:00:00', 0),
(141028, '吉县', NULL, '山西|临汾|吉县', 1410, 9, '0000-00-00 00:00:00', 0),
(141027, '浮山县', NULL, '山西|临汾|浮山县', 1410, 8, '0000-00-00 00:00:00', 0),
(141026, '安泽县', NULL, '山西|临汾|安泽县', 1410, 7, '0000-00-00 00:00:00', 0),
(141025, '古县', NULL, '山西|临汾|古县', 1410, 6, '0000-00-00 00:00:00', 0),
(141024, '洪洞县', NULL, '山西|临汾|洪洞县', 1410, 5, '0000-00-00 00:00:00', 0),
(141023, '襄汾县', NULL, '山西|临汾|襄汾县', 1410, 4, '0000-00-00 00:00:00', 0),
(141022, '翼城县', NULL, '山西|临汾|翼城县', 1410, 3, '0000-00-00 00:00:00', 0),
(141021, '曲沃县', NULL, '山西|临汾|曲沃县', 1410, 2, '0000-00-00 00:00:00', 0),
(141002, '尧都区', NULL, '山西|临汾|尧都区', 1410, 1, '0000-00-00 00:00:00', 0),
(140981, '原平市', NULL, '山西|忻州|原平市', 1409, 14, '0000-00-00 00:00:00', 0),
(140932, '偏关县', NULL, '山西|忻州|偏关县', 1409, 13, '0000-00-00 00:00:00', 0),
(140931, '保德县', NULL, '山西|忻州|保德县', 1409, 12, '0000-00-00 00:00:00', 0),
(140930, '河曲县', NULL, '山西|忻州|河曲县', 1409, 11, '0000-00-00 00:00:00', 0),
(140929, '岢岚县', NULL, '山西|忻州|岢岚县', 1409, 10, '0000-00-00 00:00:00', 0),
(140928, '五寨县', NULL, '山西|忻州|五寨县', 1409, 9, '0000-00-00 00:00:00', 0),
(140927, '神池县', NULL, '山西|忻州|神池县', 1409, 8, '0000-00-00 00:00:00', 0),
(140926, '静乐县', NULL, '山西|忻州|静乐县', 1409, 7, '0000-00-00 00:00:00', 0),
(140925, '宁武县', NULL, '山西|忻州|宁武县', 1409, 6, '0000-00-00 00:00:00', 0),
(140924, '繁峙县', NULL, '山西|忻州|繁峙县', 1409, 5, '0000-00-00 00:00:00', 0),
(140923, '代县', NULL, '山西|忻州|代县', 1409, 4, '0000-00-00 00:00:00', 0),
(140922, '五台县', NULL, '山西|忻州|五台县', 1409, 3, '0000-00-00 00:00:00', 0),
(140921, '定襄县', NULL, '山西|忻州|定襄县', 1409, 2, '0000-00-00 00:00:00', 0),
(140902, '忻府区', NULL, '山西|忻州|忻府区', 1409, 1, '0000-00-00 00:00:00', 0),
(140882, '河津市', NULL, '山西|运城|河津市', 1408, 13, '0000-00-00 00:00:00', 0),
(140881, '永济市', NULL, '山西|运城|永济市', 1408, 12, '0000-00-00 00:00:00', 0),
(140830, '芮城县', NULL, '山西|运城|芮城县', 1408, 11, '0000-00-00 00:00:00', 0),
(140829, '平陆县', NULL, '山西|运城|平陆县', 1408, 10, '0000-00-00 00:00:00', 0),
(140828, '夏县', NULL, '山西|运城|夏县', 1408, 9, '0000-00-00 00:00:00', 0),
(140827, '垣曲县', NULL, '山西|运城|垣曲县', 1408, 8, '0000-00-00 00:00:00', 0),
(140826, '绛县', NULL, '山西|运城|绛县', 1408, 7, '0000-00-00 00:00:00', 0),
(140825, '新绛县', NULL, '山西|运城|新绛县', 1408, 6, '0000-00-00 00:00:00', 0),
(140824, '稷山县', NULL, '山西|运城|稷山县', 1408, 5, '0000-00-00 00:00:00', 0),
(140823, '闻喜县', NULL, '山西|运城|闻喜县', 1408, 4, '0000-00-00 00:00:00', 0),
(140822, '万荣县', NULL, '山西|运城|万荣县', 1408, 3, '0000-00-00 00:00:00', 0),
(140821, '临猗县', NULL, '山西|运城|临猗县', 1408, 2, '0000-00-00 00:00:00', 0),
(140802, '盐湖区', NULL, '山西|运城|盐湖区', 1408, 1, '0000-00-00 00:00:00', 0),
(140781, '介休市', NULL, '山西|晋中|介休市', 1407, 11, '0000-00-00 00:00:00', 0),
(140729, '灵石县', NULL, '山西|晋中|灵石县', 1407, 10, '0000-00-00 00:00:00', 0),
(140728, '平遥县', NULL, '山西|晋中|平遥县', 1407, 9, '0000-00-00 00:00:00', 0),
(140727, '祁县', NULL, '山西|晋中|祁县', 1407, 8, '0000-00-00 00:00:00', 0),
(140726, '太谷县', NULL, '山西|晋中|太谷县', 1407, 7, '0000-00-00 00:00:00', 0),
(140725, '寿阳县', NULL, '山西|晋中|寿阳县', 1407, 6, '0000-00-00 00:00:00', 0),
(140724, '昔阳县', NULL, '山西|晋中|昔阳县', 1407, 5, '0000-00-00 00:00:00', 0),
(140723, '和顺县', NULL, '山西|晋中|和顺县', 1407, 4, '0000-00-00 00:00:00', 0),
(140722, '左权县', NULL, '山西|晋中|左权县', 1407, 3, '0000-00-00 00:00:00', 0),
(140721, '榆社县', NULL, '山西|晋中|榆社县', 1407, 2, '0000-00-00 00:00:00', 0),
(140702, '榆次区', NULL, '山西|晋中|榆次区', 1407, 1, '0000-00-00 00:00:00', 0),
(140624, '怀仁县', NULL, '山西|朔州|怀仁县', 1406, 6, '0000-00-00 00:00:00', 0),
(140623, '右玉县', NULL, '山西|朔州|右玉县', 1406, 5, '0000-00-00 00:00:00', 0),
(140622, '应县', NULL, '山西|朔州|应县', 1406, 4, '0000-00-00 00:00:00', 0),
(140621, '山阴县', NULL, '山西|朔州|山阴县', 1406, 3, '0000-00-00 00:00:00', 0),
(140603, '平鲁区', NULL, '山西|朔州|平鲁区', 1406, 2, '0000-00-00 00:00:00', 0),
(140602, '朔城区', NULL, '山西|朔州|朔城区', 1406, 1, '0000-00-00 00:00:00', 0),
(140581, '高平市', NULL, '山西|晋城|高平市', 1405, 6, '0000-00-00 00:00:00', 0),
(140525, '泽州县', NULL, '山西|晋城|泽州县', 1405, 5, '0000-00-00 00:00:00', 0),
(140524, '陵川县', NULL, '山西|晋城|陵川县', 1405, 4, '0000-00-00 00:00:00', 0),
(140522, '阳城县', NULL, '山西|晋城|阳城县', 1405, 3, '0000-00-00 00:00:00', 0),
(140521, '沁水县', NULL, '山西|晋城|沁水县', 1405, 2, '0000-00-00 00:00:00', 0),
(140502, '城区', NULL, '山西|晋城|城区', 1405, 1, '0000-00-00 00:00:00', 0),
(140481, '潞城市', NULL, '山西|长治|潞城市', 1404, 13, '0000-00-00 00:00:00', 0),
(140431, '沁源县', NULL, '山西|长治|沁源县', 1404, 12, '0000-00-00 00:00:00', 0),
(140430, '沁县', NULL, '山西|长治|沁县', 1404, 11, '0000-00-00 00:00:00', 0),
(140429, '武乡县', NULL, '山西|长治|武乡县', 1404, 10, '0000-00-00 00:00:00', 0),
(140428, '长子县', NULL, '山西|长治|长子县', 1404, 9, '0000-00-00 00:00:00', 0),
(140427, '壶关县', NULL, '山西|长治|壶关县', 1404, 8, '0000-00-00 00:00:00', 0),
(140426, '黎城县', NULL, '山西|长治|黎城县', 1404, 7, '0000-00-00 00:00:00', 0),
(140425, '平顺县', NULL, '山西|长治|平顺县', 1404, 6, '0000-00-00 00:00:00', 0),
(140424, '屯留县', NULL, '山西|长治|屯留县', 1404, 5, '0000-00-00 00:00:00', 0),
(140423, '襄垣县', NULL, '山西|长治|襄垣县', 1404, 4, '0000-00-00 00:00:00', 0),
(140421, '长治县', NULL, '山西|长治|长治县', 1404, 3, '0000-00-00 00:00:00', 0),
(140411, '郊区', NULL, '山西|长治|郊区', 1404, 2, '0000-00-00 00:00:00', 0),
(140402, '城区', NULL, '山西|长治|城区', 1404, 1, '0000-00-00 00:00:00', 0),
(140322, '盂县', NULL, '山西|阳泉|盂县', 1403, 5, '0000-00-00 00:00:00', 0),
(140321, '平定县', NULL, '山西|阳泉|平定县', 1403, 4, '0000-00-00 00:00:00', 0),
(140311, '郊区', NULL, '山西|阳泉|郊区', 1403, 3, '0000-00-00 00:00:00', 0),
(140303, '矿区', NULL, '山西|阳泉|矿区', 1403, 2, '0000-00-00 00:00:00', 0);
INSERT INTO `city` (`id`, `name`, `first_letter`, `description`, `parent_id`, `sort_num`, `create_time`, `author`) VALUES
(140302, '城区', NULL, '山西|阳泉|城区', 1403, 1, '0000-00-00 00:00:00', 0),
(140227, '大同县', NULL, '山西|大同|大同县', 1402, 11, '0000-00-00 00:00:00', 0),
(140226, '左云县', NULL, '山西|大同|左云县', 1402, 10, '0000-00-00 00:00:00', 0),
(140225, '浑源县', NULL, '山西|大同|浑源县', 1402, 9, '0000-00-00 00:00:00', 0),
(140224, '灵丘县', NULL, '山西|大同|灵丘县', 1402, 8, '0000-00-00 00:00:00', 0),
(140223, '广灵县', NULL, '山西|大同|广灵县', 1402, 7, '0000-00-00 00:00:00', 0),
(140222, '天镇县', NULL, '山西|大同|天镇县', 1402, 6, '0000-00-00 00:00:00', 0),
(140221, '阳高县', NULL, '山西|大同|阳高县', 1402, 5, '0000-00-00 00:00:00', 0),
(140212, '新荣区', NULL, '山西|大同|新荣区', 1402, 4, '0000-00-00 00:00:00', 0),
(140211, '南郊区', NULL, '山西|大同|南郊区', 1402, 3, '0000-00-00 00:00:00', 0),
(140203, '矿区', NULL, '山西|大同|矿区', 1402, 2, '0000-00-00 00:00:00', 0),
(140202, '城区', NULL, '山西|大同|城区', 1402, 1, '0000-00-00 00:00:00', 0),
(140181, '古交市', NULL, '山西|太原|古交市', 1401, 10, '0000-00-00 00:00:00', 0),
(140123, '娄烦县', NULL, '山西|太原|娄烦县', 1401, 9, '0000-00-00 00:00:00', 0),
(140122, '阳曲县', NULL, '山西|太原|阳曲县', 1401, 8, '0000-00-00 00:00:00', 0),
(140121, '清徐县', NULL, '山西|太原|清徐县', 1401, 7, '0000-00-00 00:00:00', 0),
(140110, '晋源区', NULL, '山西|太原|晋源区', 1401, 6, '0000-00-00 00:00:00', 0),
(140109, '万柏林区', NULL, '山西|太原|万柏林区', 1401, 5, '0000-00-00 00:00:00', 0),
(140108, '尖草坪区', NULL, '山西|太原|尖草坪区', 1401, 4, '0000-00-00 00:00:00', 0),
(140107, '杏花岭区', NULL, '山西|太原|杏花岭区', 1401, 3, '0000-00-00 00:00:00', 0),
(140106, '迎泽区', NULL, '山西|太原|迎泽区', 1401, 2, '0000-00-00 00:00:00', 0),
(140105, '小店区', NULL, '山西|太原|小店区', 1401, 1, '0000-00-00 00:00:00', 0),
(131182, '深州市', NULL, '河北|衡水|深州市', 1311, 11, '0000-00-00 00:00:00', 0),
(131181, '冀州市', NULL, '河北|衡水|冀州市', 1311, 10, '0000-00-00 00:00:00', 0),
(131128, '阜城县', NULL, '河北|衡水|阜城县', 1311, 9, '0000-00-00 00:00:00', 0),
(131127, '景县', NULL, '河北|衡水|景县', 1311, 8, '0000-00-00 00:00:00', 0),
(131126, '故城县', NULL, '河北|衡水|故城县', 1311, 7, '0000-00-00 00:00:00', 0),
(131125, '安平县', NULL, '河北|衡水|安平县', 1311, 6, '0000-00-00 00:00:00', 0),
(131124, '饶阳县', NULL, '河北|衡水|饶阳县', 1311, 5, '0000-00-00 00:00:00', 0),
(131123, '武强县', NULL, '河北|衡水|武强县', 1311, 4, '0000-00-00 00:00:00', 0),
(131122, '武邑县', NULL, '河北|衡水|武邑县', 1311, 3, '0000-00-00 00:00:00', 0),
(131121, '枣强县', NULL, '河北|衡水|枣强县', 1311, 2, '0000-00-00 00:00:00', 0),
(131102, '桃城区', NULL, '河北|衡水|桃城区', 1311, 1, '0000-00-00 00:00:00', 0),
(131082, '三河市', NULL, '河北|廊坊|三河市', 1310, 10, '0000-00-00 00:00:00', 0),
(131081, '霸州市', NULL, '河北|廊坊|霸州市', 1310, 9, '0000-00-00 00:00:00', 0),
(131028, '大厂回族自治县', NULL, '河北|廊坊|大厂回族自治县', 1310, 8, '0000-00-00 00:00:00', 0),
(131026, '文安县', NULL, '河北|廊坊|文安县', 1310, 7, '0000-00-00 00:00:00', 0),
(131025, '大城县', NULL, '河北|廊坊|大城县', 1310, 6, '0000-00-00 00:00:00', 0),
(131024, '香河县', NULL, '河北|廊坊|香河县', 1310, 5, '0000-00-00 00:00:00', 0),
(131023, '永清县', NULL, '河北|廊坊|永清县', 1310, 4, '0000-00-00 00:00:00', 0),
(131022, '固安县', NULL, '河北|廊坊|固安县', 1310, 3, '0000-00-00 00:00:00', 0),
(131003, '广阳区', NULL, '河北|廊坊|广阳区', 1310, 2, '0000-00-00 00:00:00', 0),
(131002, '安次区', NULL, '河北|廊坊|安次区', 1310, 1, '0000-00-00 00:00:00', 0),
(130984, '河间市', NULL, '河北|沧州|河间市', 1309, 16, '0000-00-00 00:00:00', 0),
(130983, '黄骅市', NULL, '河北|沧州|黄骅市', 1309, 15, '0000-00-00 00:00:00', 0),
(130982, '任丘市', NULL, '河北|沧州|任丘市', 1309, 14, '0000-00-00 00:00:00', 0),
(130981, '泊头市', NULL, '河北|沧州|泊头市', 1309, 13, '0000-00-00 00:00:00', 0),
(130930, '孟村回族自治县', NULL, '河北|沧州|孟村回族自治县', 1309, 12, '0000-00-00 00:00:00', 0),
(130929, '献县', NULL, '河北|沧州|献县', 1309, 11, '0000-00-00 00:00:00', 0),
(130928, '吴桥县', NULL, '河北|沧州|吴桥县', 1309, 10, '0000-00-00 00:00:00', 0),
(130927, '南皮县', NULL, '河北|沧州|南皮县', 1309, 9, '0000-00-00 00:00:00', 0),
(130926, '肃宁县', NULL, '河北|沧州|肃宁县', 1309, 8, '0000-00-00 00:00:00', 0),
(130925, '盐山县', NULL, '河北|沧州|盐山县', 1309, 7, '0000-00-00 00:00:00', 0),
(130924, '海兴县', NULL, '河北|沧州|海兴县', 1309, 6, '0000-00-00 00:00:00', 0),
(130923, '东光县', NULL, '河北|沧州|东光县', 1309, 5, '0000-00-00 00:00:00', 0),
(130922, '青县', NULL, '河北|沧州|青县', 1309, 4, '0000-00-00 00:00:00', 0),
(130921, '沧县', NULL, '河北|沧州|沧县', 1309, 3, '0000-00-00 00:00:00', 0),
(130903, '运河区', NULL, '河北|沧州|运河区', 1309, 2, '0000-00-00 00:00:00', 0),
(130902, '新华区', NULL, '河北|沧州|新华区', 1309, 1, '0000-00-00 00:00:00', 0),
(130828, '围场满族蒙古族自治县', NULL, '河北|承德|围场满族蒙古族自治县', 1308, 11, '0000-00-00 00:00:00', 0),
(130827, '宽城满族自治县', NULL, '河北|承德|宽城满族自治县', 1308, 10, '0000-00-00 00:00:00', 0),
(130826, '丰宁满族自治县', NULL, '河北|承德|丰宁满族自治县', 1308, 9, '0000-00-00 00:00:00', 0),
(130825, '隆化县', NULL, '河北|承德|隆化县', 1308, 8, '0000-00-00 00:00:00', 0),
(130824, '滦平县', NULL, '河北|承德|滦平县', 1308, 7, '0000-00-00 00:00:00', 0),
(130823, '平泉县', NULL, '河北|承德|平泉县', 1308, 6, '0000-00-00 00:00:00', 0),
(130822, '兴隆县', NULL, '河北|承德|兴隆县', 1308, 5, '0000-00-00 00:00:00', 0),
(130821, '承德县', NULL, '河北|承德|承德县', 1308, 4, '0000-00-00 00:00:00', 0),
(130804, '鹰手营子矿区', NULL, '河北|承德|鹰手营子矿区', 1308, 3, '0000-00-00 00:00:00', 0),
(130803, '双滦区', NULL, '河北|承德|双滦区', 1308, 2, '0000-00-00 00:00:00', 0),
(130802, '双桥区', NULL, '河北|承德|双桥区', 1308, 1, '0000-00-00 00:00:00', 0),
(130733, '崇礼县', NULL, '河北|张家口|崇礼县', 1307, 17, '0000-00-00 00:00:00', 0),
(130732, '赤城县', NULL, '河北|张家口|赤城县', 1307, 16, '0000-00-00 00:00:00', 0),
(130731, '涿鹿县', NULL, '河北|张家口|涿鹿县', 1307, 15, '0000-00-00 00:00:00', 0),
(130730, '怀来县', NULL, '河北|张家口|怀来县', 1307, 14, '0000-00-00 00:00:00', 0),
(130729, '万全县', NULL, '河北|张家口|万全县', 1307, 13, '0000-00-00 00:00:00', 0),
(130728, '怀安县', NULL, '河北|张家口|怀安县', 1307, 12, '0000-00-00 00:00:00', 0),
(130727, '阳原县', NULL, '河北|张家口|阳原县', 1307, 11, '0000-00-00 00:00:00', 0),
(130726, '蔚县', NULL, '河北|张家口|蔚县', 1307, 10, '0000-00-00 00:00:00', 0),
(130725, '尚义县', NULL, '河北|张家口|尚义县', 1307, 9, '0000-00-00 00:00:00', 0),
(130724, '沽源县', NULL, '河北|张家口|沽源县', 1307, 8, '0000-00-00 00:00:00', 0),
(130723, '康保县', NULL, '河北|张家口|康保县', 1307, 7, '0000-00-00 00:00:00', 0),
(130722, '张北县', NULL, '河北|张家口|张北县', 1307, 6, '0000-00-00 00:00:00', 0),
(130721, '宣化县', NULL, '河北|张家口|宣化县', 1307, 5, '0000-00-00 00:00:00', 0),
(130706, '下花园区', NULL, '河北|张家口|下花园区', 1307, 4, '0000-00-00 00:00:00', 0),
(130705, '宣化区', NULL, '河北|张家口|宣化区', 1307, 3, '0000-00-00 00:00:00', 0),
(130703, '桥西区', NULL, '河北|张家口|桥西区', 1307, 2, '0000-00-00 00:00:00', 0),
(130702, '桥东区', NULL, '河北|张家口|桥东区', 1307, 1, '0000-00-00 00:00:00', 0),
(130684, '高碑店市', NULL, '河北|保定|高碑店市', 1306, 25, '0000-00-00 00:00:00', 0),
(130683, '安国市', NULL, '河北|保定|安国市', 1306, 24, '0000-00-00 00:00:00', 0),
(130682, '定州市', NULL, '河北|保定|定州市', 1306, 23, '0000-00-00 00:00:00', 0),
(130681, '涿州市', NULL, '河北|保定|涿州市', 1306, 22, '0000-00-00 00:00:00', 0),
(130638, '雄县', NULL, '河北|保定|雄县', 1306, 21, '0000-00-00 00:00:00', 0),
(130637, '博野县', NULL, '河北|保定|博野县', 1306, 20, '0000-00-00 00:00:00', 0),
(130636, '顺平县', NULL, '河北|保定|顺平县', 1306, 19, '0000-00-00 00:00:00', 0),
(130635, '蠡县', NULL, '河北|保定|蠡县', 1306, 18, '0000-00-00 00:00:00', 0),
(130634, '曲阳县', NULL, '河北|保定|曲阳县', 1306, 17, '0000-00-00 00:00:00', 0),
(130633, '易县', NULL, '河北|保定|易县', 1306, 16, '0000-00-00 00:00:00', 0),
(130632, '安新县', NULL, '河北|保定|安新县', 1306, 15, '0000-00-00 00:00:00', 0),
(130631, '望都县', NULL, '河北|保定|望都县', 1306, 14, '0000-00-00 00:00:00', 0),
(130630, '涞源县', NULL, '河北|保定|涞源县', 1306, 13, '0000-00-00 00:00:00', 0),
(130629, '容城县', NULL, '河北|保定|容城县', 1306, 12, '0000-00-00 00:00:00', 0),
(130628, '高阳县', NULL, '河北|保定|高阳县', 1306, 11, '0000-00-00 00:00:00', 0),
(130627, '唐县', NULL, '河北|保定|唐县', 1306, 10, '0000-00-00 00:00:00', 0),
(130626, '定兴县', NULL, '河北|保定|定兴县', 1306, 9, '0000-00-00 00:00:00', 0),
(130625, '徐水县', NULL, '河北|保定|徐水县', 1306, 8, '0000-00-00 00:00:00', 0),
(130624, '阜平县', NULL, '河北|保定|阜平县', 1306, 7, '0000-00-00 00:00:00', 0),
(130623, '涞水县', NULL, '河北|保定|涞水县', 1306, 6, '0000-00-00 00:00:00', 0),
(130622, '清苑县', NULL, '河北|保定|清苑县', 1306, 5, '0000-00-00 00:00:00', 0),
(130621, '满城县', NULL, '河北|保定|满城县', 1306, 4, '0000-00-00 00:00:00', 0),
(130604, '南市区', NULL, '河北|保定|南市区', 1306, 3, '0000-00-00 00:00:00', 0),
(130603, '北市区', NULL, '河北|保定|北市区', 1306, 2, '0000-00-00 00:00:00', 0),
(130602, '新市区', NULL, '河北|保定|新市区', 1306, 1, '0000-00-00 00:00:00', 0),
(130582, '沙河市', NULL, '河北|邢台|沙河市', 1305, 19, '0000-00-00 00:00:00', 0),
(130581, '南宫市', NULL, '河北|邢台|南宫市', 1305, 18, '0000-00-00 00:00:00', 0),
(130535, '临西县', NULL, '河北|邢台|临西县', 1305, 17, '0000-00-00 00:00:00', 0),
(130534, '清河县', NULL, '河北|邢台|清河县', 1305, 16, '0000-00-00 00:00:00', 0),
(130533, '威县', NULL, '河北|邢台|威县', 1305, 15, '0000-00-00 00:00:00', 0),
(130532, '平乡县', NULL, '河北|邢台|平乡县', 1305, 14, '0000-00-00 00:00:00', 0),
(130531, '广宗县', NULL, '河北|邢台|广宗县', 1305, 13, '0000-00-00 00:00:00', 0),
(130530, '新河县', NULL, '河北|邢台|新河县', 1305, 12, '0000-00-00 00:00:00', 0),
(130529, '巨鹿县', NULL, '河北|邢台|巨鹿县', 1305, 11, '0000-00-00 00:00:00', 0),
(130528, '宁晋县', NULL, '河北|邢台|宁晋县', 1305, 10, '0000-00-00 00:00:00', 0),
(130527, '南和县', NULL, '河北|邢台|南和县', 1305, 9, '0000-00-00 00:00:00', 0),
(130526, '任县', NULL, '河北|邢台|任县', 1305, 8, '0000-00-00 00:00:00', 0),
(130525, '隆尧县', NULL, '河北|邢台|隆尧县', 1305, 7, '0000-00-00 00:00:00', 0),
(130524, '柏乡县', NULL, '河北|邢台|柏乡县', 1305, 6, '0000-00-00 00:00:00', 0),
(130523, '内丘县', NULL, '河北|邢台|内丘县', 1305, 5, '0000-00-00 00:00:00', 0),
(130522, '临城县', NULL, '河北|邢台|临城县', 1305, 4, '0000-00-00 00:00:00', 0),
(130521, '邢台县', NULL, '河北|邢台|邢台县', 1305, 3, '0000-00-00 00:00:00', 0),
(130503, '桥西区', NULL, '河北|邢台|桥西区', 1305, 2, '0000-00-00 00:00:00', 0),
(130502, '桥东区', NULL, '河北|邢台|桥东区', 1305, 1, '0000-00-00 00:00:00', 0),
(130481, '武安市', NULL, '河北|邯郸|武安市', 1304, 19, '0000-00-00 00:00:00', 0),
(130435, '曲周县', NULL, '河北|邯郸|曲周县', 1304, 18, '0000-00-00 00:00:00', 0),
(130434, '魏县', NULL, '河北|邯郸|魏县', 1304, 17, '0000-00-00 00:00:00', 0),
(130433, '馆陶县', NULL, '河北|邯郸|馆陶县', 1304, 16, '0000-00-00 00:00:00', 0),
(130432, '广平县', NULL, '河北|邯郸|广平县', 1304, 15, '0000-00-00 00:00:00', 0),
(130431, '鸡泽县', NULL, '河北|邯郸|鸡泽县', 1304, 14, '0000-00-00 00:00:00', 0),
(130430, '邱县', NULL, '河北|邯郸|邱县', 1304, 13, '0000-00-00 00:00:00', 0),
(130429, '永年县', NULL, '河北|邯郸|永年县', 1304, 12, '0000-00-00 00:00:00', 0),
(130428, '肥乡县', NULL, '河北|邯郸|肥乡县', 1304, 11, '0000-00-00 00:00:00', 0),
(130427, '磁县', NULL, '河北|邯郸|磁县', 1304, 10, '0000-00-00 00:00:00', 0),
(130426, '涉县', NULL, '河北|邯郸|涉县', 1304, 9, '0000-00-00 00:00:00', 0),
(130425, '大名县', NULL, '河北|邯郸|大名县', 1304, 8, '0000-00-00 00:00:00', 0),
(130424, '成安县', NULL, '河北|邯郸|成安县', 1304, 7, '0000-00-00 00:00:00', 0),
(130423, '临漳县', NULL, '河北|邯郸|临漳县', 1304, 6, '0000-00-00 00:00:00', 0),
(130421, '邯郸县', NULL, '河北|邯郸|邯郸县', 1304, 5, '0000-00-00 00:00:00', 0),
(130406, '峰峰矿区', NULL, '河北|邯郸|峰峰矿区', 1304, 4, '0000-00-00 00:00:00', 0),
(130404, '复兴区', NULL, '河北|邯郸|复兴区', 1304, 3, '0000-00-00 00:00:00', 0),
(130403, '丛台区', NULL, '河北|邯郸|丛台区', 1304, 2, '0000-00-00 00:00:00', 0),
(130402, '邯山区', NULL, '河北|邯郸|邯山区', 1304, 1, '0000-00-00 00:00:00', 0),
(130324, '卢龙县', NULL, '河北|秦皇岛|卢龙县', 1303, 7, '0000-00-00 00:00:00', 0),
(130323, '抚宁县', NULL, '河北|秦皇岛|抚宁县', 1303, 6, '0000-00-00 00:00:00', 0),
(130322, '昌黎县', NULL, '河北|秦皇岛|昌黎县', 1303, 5, '0000-00-00 00:00:00', 0),
(130321, '青龙满族自治县', NULL, '河北|秦皇岛|青龙满族自治县', 1303, 4, '0000-00-00 00:00:00', 0),
(130304, '北戴河区', NULL, '河北|秦皇岛|北戴河区', 1303, 3, '0000-00-00 00:00:00', 0),
(130303, '山海关区', NULL, '河北|秦皇岛|山海关区', 1303, 2, '0000-00-00 00:00:00', 0),
(130302, '海港区', NULL, '河北|秦皇岛|海港区', 1303, 1, '0000-00-00 00:00:00', 0),
(130283, '迁安市', NULL, '河北|唐山|迁安市', 1302, 14, '0000-00-00 00:00:00', 0),
(130281, '遵化市', NULL, '河北|唐山|遵化市', 1302, 13, '0000-00-00 00:00:00', 0),
(130230, '唐海县', NULL, '河北|唐山|唐海县', 1302, 12, '0000-00-00 00:00:00', 0),
(130229, '玉田县', NULL, '河北|唐山|玉田县', 1302, 11, '0000-00-00 00:00:00', 0),
(130227, '迁西县', NULL, '河北|唐山|迁西县', 1302, 10, '0000-00-00 00:00:00', 0),
(130225, '乐亭县', NULL, '河北|唐山|乐亭县', 1302, 9, '0000-00-00 00:00:00', 0),
(130224, '滦南县', NULL, '河北|唐山|滦南县', 1302, 8, '0000-00-00 00:00:00', 0),
(130223, '滦县', NULL, '河北|唐山|滦县', 1302, 7, '0000-00-00 00:00:00', 0),
(130208, '丰润区', NULL, '河北|唐山|丰润区', 1302, 6, '0000-00-00 00:00:00', 0),
(130207, '丰南区', NULL, '河北|唐山|丰南区', 1302, 5, '0000-00-00 00:00:00', 0),
(130205, '开平区', NULL, '河北|唐山|开平区', 1302, 4, '0000-00-00 00:00:00', 0),
(130204, '古冶区', NULL, '河北|唐山|古冶区', 1302, 3, '0000-00-00 00:00:00', 0),
(130203, '路北区', NULL, '河北|唐山|路北区', 1302, 2, '0000-00-00 00:00:00', 0),
(130202, '路南区', NULL, '河北|唐山|路南区', 1302, 1, '0000-00-00 00:00:00', 0),
(130185, '鹿泉市', NULL, '河北|石家庄|鹿泉市', 1301, 23, '0000-00-00 00:00:00', 0),
(130184, '新乐市', NULL, '河北|石家庄|新乐市', 1301, 22, '0000-00-00 00:00:00', 0),
(130183, '晋州市', NULL, '河北|石家庄|晋州市', 1301, 21, '0000-00-00 00:00:00', 0),
(130182, '藁城市', NULL, '河北|石家庄|藁城市', 1301, 20, '0000-00-00 00:00:00', 0),
(130181, '辛集市', NULL, '河北|石家庄|辛集市', 1301, 19, '0000-00-00 00:00:00', 0),
(130133, '赵县', NULL, '河北|石家庄|赵县', 1301, 18, '0000-00-00 00:00:00', 0),
(130132, '元氏县', NULL, '河北|石家庄|元氏县', 1301, 17, '0000-00-00 00:00:00', 0),
(130131, '平山县', NULL, '河北|石家庄|平山县', 1301, 16, '0000-00-00 00:00:00', 0),
(130130, '无极县', NULL, '河北|石家庄|无极县', 1301, 15, '0000-00-00 00:00:00', 0),
(130129, '赞皇县', NULL, '河北|石家庄|赞皇县', 1301, 14, '0000-00-00 00:00:00', 0),
(130128, '深泽县', NULL, '河北|石家庄|深泽县', 1301, 13, '0000-00-00 00:00:00', 0),
(130127, '高邑县', NULL, '河北|石家庄|高邑县', 1301, 12, '0000-00-00 00:00:00', 0),
(130126, '灵寿县', NULL, '河北|石家庄|灵寿县', 1301, 11, '0000-00-00 00:00:00', 0),
(130125, '行唐县', NULL, '河北|石家庄|行唐县', 1301, 10, '0000-00-00 00:00:00', 0),
(130124, '栾城县', NULL, '河北|石家庄|栾城县', 1301, 9, '0000-00-00 00:00:00', 0),
(130123, '正定县', NULL, '河北|石家庄|正定县', 1301, 8, '0000-00-00 00:00:00', 0),
(130121, '井陉县', NULL, '河北|石家庄|井陉县', 1301, 7, '0000-00-00 00:00:00', 0),
(130108, '裕华区', NULL, '河北|石家庄|裕华区', 1301, 6, '0000-00-00 00:00:00', 0),
(130107, '井陉矿区', NULL, '河北|石家庄|井陉矿区', 1301, 5, '0000-00-00 00:00:00', 0),
(130105, '新华区', NULL, '河北|石家庄|新华区', 1301, 4, '0000-00-00 00:00:00', 0),
(130104, '桥西区', NULL, '河北|石家庄|桥西区', 1301, 3, '0000-00-00 00:00:00', 0),
(130103, '桥东区', NULL, '河北|石家庄|桥东区', 1301, 2, '0000-00-00 00:00:00', 0),
(130102, '长安区', NULL, '河北|石家庄|长安区', 1301, 1, '0000-00-00 00:00:00', 0),
(122525, '蓟县', NULL, '天津|蓟县|蓟县', 1225, 1, '0000-00-00 00:00:00', 0),
(122415, '宝坻区', NULL, '天津|宝坻|宝坻区', 1224, 1, '0000-00-00 00:00:00', 0),
(122323, '静海县', NULL, '天津|静海|静海县', 1223, 1, '0000-00-00 00:00:00', 0),
(122214, '武清区', NULL, '天津|武清|武清区', 1222, 1, '0000-00-00 00:00:00', 0),
(122121, '宁河县', NULL, '天津|宁河|宁河县', 1221, 1, '0000-00-00 00:00:00', 0),
(121313, '北辰区', NULL, '天津|北辰|北辰区', 1213, 1, '0000-00-00 00:00:00', 0),
(121212, '津南区', NULL, '天津|津南|津南区', 1212, 1, '0000-00-00 00:00:00', 0),
(121111, '西青区', NULL, '天津|西青|西青区', 1211, 1, '0000-00-00 00:00:00', 0),
(121010, '东丽区', NULL, '天津|东丽|东丽区', 1210, 1, '0000-00-00 00:00:00', 0),
(120707, '滨海新区', NULL, '天津|滨海新区|滨海新区', 1207, 1, '0000-00-00 00:00:00', 0),
(120606, '红桥区', NULL, '天津|红桥|红桥区', 1206, 1, '0000-00-00 00:00:00', 0),
(120505, '河北区', NULL, '天津|河北|河北区', 1205, 1, '0000-00-00 00:00:00', 0),
(120404, '南开区', NULL, '天津|南开|南开区', 1204, 1, '0000-00-00 00:00:00', 0),
(120303, '河西区', NULL, '天津|河西|河西区', 1203, 1, '0000-00-00 00:00:00', 0),
(120202, '河东区', NULL, '天津|河东|河东区', 1202, 1, '0000-00-00 00:00:00', 0),
(120101, '和平区', NULL, '天津|和平|和平区', 1201, 1, '0000-00-00 00:00:00', 0),
(112929, '延庆县', NULL, '北京|延庆|延庆县', 1129, 1, '0000-00-00 00:00:00', 0),
(112828, '密云县', NULL, '北京|密云|密云县', 1128, 1, '0000-00-00 00:00:00', 0),
(112716, '怀柔区', NULL, '北京|怀柔|怀柔区', 1127, 1, '0000-00-00 00:00:00', 0),
(112617, '平谷区', NULL, '北京|平谷|平谷区', 1126, 1, '0000-00-00 00:00:00', 0),
(112415, '大兴区', NULL, '北京|大兴|大兴区', 1124, 1, '0000-00-00 00:00:00', 0),
(112114, '昌平区', NULL, '北京|昌平|昌平区', 1121, 1, '0000-00-00 00:00:00', 0),
(111313, '顺义区', NULL, '北京|顺义|顺义区', 1113, 1, '0000-00-00 00:00:00', 0),
(111212, '通州区', NULL, '北京|通州|通州区', 1112, 1, '0000-00-00 00:00:00', 0),
(111111, '房山区', NULL, '北京|房山|房山区', 1111, 1, '0000-00-00 00:00:00', 0),
(110909, '门头沟区', NULL, '北京|门头沟|门头沟区', 1109, 1, '0000-00-00 00:00:00', 0),
(110808, '海淀区', NULL, '北京|海淀|海淀区', 1108, 1, '0000-00-00 00:00:00', 0),
(110707, '石景山区', NULL, '北京|石景山|石景山区', 1107, 1, '0000-00-00 00:00:00', 0),
(110606, '丰台区', NULL, '北京|丰台|丰台区', 1106, 1, '0000-00-00 00:00:00', 0),
(110505, '朝阳区', NULL, '北京|朝阳|朝阳区', 1105, 1, '0000-00-00 00:00:00', 0),
(110404, '宣武区', NULL, '北京|宣武|宣武区', 1104, 1, '0000-00-00 00:00:00', 0),
(110303, '崇文区', NULL, '北京|崇文|崇文区', 1103, 1, '0000-00-00 00:00:00', 0),
(110202, '西城区', NULL, '北京|西城|西城区', 1102, 1, '0000-00-00 00:00:00', 0),
(110101, '东城区', NULL, '北京|东城|东城区', 1101, 1, '0000-00-00 00:00:00', 0),
(610425, '礼泉县', NULL, '陕西|咸阳|礼泉县', 6104, 7, '0000-00-00 00:00:00', 0),
(610426, '永寿县', NULL, '陕西|咸阳|永寿县', 6104, 8, '0000-00-00 00:00:00', 0),
(610427, '彬县', NULL, '陕西|咸阳|彬县', 6104, 9, '0000-00-00 00:00:00', 0),
(610428, '长武县', NULL, '陕西|咸阳|长武县', 6104, 10, '0000-00-00 00:00:00', 0),
(610429, '旬邑县', NULL, '陕西|咸阳|旬邑县', 6104, 11, '0000-00-00 00:00:00', 0),
(610430, '淳化县', NULL, '陕西|咸阳|淳化县', 6104, 12, '0000-00-00 00:00:00', 0),
(610431, '武功县', NULL, '陕西|咸阳|武功县', 6104, 13, '0000-00-00 00:00:00', 0),
(610481, '兴平市', NULL, '陕西|咸阳|兴平市', 6104, 14, '0000-00-00 00:00:00', 0),
(610502, '临渭区', NULL, '陕西|渭南|临渭区', 6105, 1, '0000-00-00 00:00:00', 0),
(610521, '华县', NULL, '陕西|渭南|华县', 6105, 2, '0000-00-00 00:00:00', 0),
(610522, '潼关县', NULL, '陕西|渭南|潼关县', 6105, 3, '0000-00-00 00:00:00', 0),
(610523, '大荔县', NULL, '陕西|渭南|大荔县', 6105, 4, '0000-00-00 00:00:00', 0),
(610524, '合阳县', NULL, '陕西|渭南|合阳县', 6105, 5, '0000-00-00 00:00:00', 0),
(610525, '澄城县', NULL, '陕西|渭南|澄城县', 6105, 6, '0000-00-00 00:00:00', 0),
(610526, '蒲城县', NULL, '陕西|渭南|蒲城县', 6105, 7, '0000-00-00 00:00:00', 0),
(610527, '白水县', NULL, '陕西|渭南|白水县', 6105, 8, '0000-00-00 00:00:00', 0),
(610528, '富平县', NULL, '陕西|渭南|富平县', 6105, 9, '0000-00-00 00:00:00', 0),
(610581, '韩城市', NULL, '陕西|渭南|韩城市', 6105, 10, '0000-00-00 00:00:00', 0),
(610582, '华阴市', NULL, '陕西|渭南|华阴市', 6105, 11, '0000-00-00 00:00:00', 0),
(610602, '宝塔区', NULL, '陕西|延安|宝塔区', 6106, 1, '0000-00-00 00:00:00', 0),
(610621, '延长县', NULL, '陕西|延安|延长县', 6106, 2, '0000-00-00 00:00:00', 0),
(610622, '延川县', NULL, '陕西|延安|延川县', 6106, 3, '0000-00-00 00:00:00', 0),
(610623, '子长县', NULL, '陕西|延安|子长县', 6106, 4, '0000-00-00 00:00:00', 0),
(610624, '安塞县', NULL, '陕西|延安|安塞县', 6106, 5, '0000-00-00 00:00:00', 0),
(610625, '志丹县', NULL, '陕西|延安|志丹县', 6106, 6, '0000-00-00 00:00:00', 0),
(610626, '吴起县', NULL, '陕西|延安|吴起县', 6106, 7, '0000-00-00 00:00:00', 0),
(610627, '甘泉县', NULL, '陕西|延安|甘泉县', 6106, 8, '0000-00-00 00:00:00', 0),
(610628, '富县', NULL, '陕西|延安|富县', 6106, 9, '0000-00-00 00:00:00', 0),
(610629, '洛川县', NULL, '陕西|延安|洛川县', 6106, 10, '0000-00-00 00:00:00', 0),
(610630, '宜川县', NULL, '陕西|延安|宜川县', 6106, 11, '0000-00-00 00:00:00', 0),
(610631, '黄龙县', NULL, '陕西|延安|黄龙县', 6106, 12, '0000-00-00 00:00:00', 0),
(610632, '黄陵县', NULL, '陕西|延安|黄陵县', 6106, 13, '0000-00-00 00:00:00', 0),
(610702, '汉台区', NULL, '陕西|汉中|汉台区', 6107, 1, '0000-00-00 00:00:00', 0),
(610721, '南郑县', NULL, '陕西|汉中|南郑县', 6107, 2, '0000-00-00 00:00:00', 0),
(610722, '城固县', NULL, '陕西|汉中|城固县', 6107, 3, '0000-00-00 00:00:00', 0),
(610723, '洋县', NULL, '陕西|汉中|洋县', 6107, 4, '0000-00-00 00:00:00', 0),
(610724, '西乡县', NULL, '陕西|汉中|西乡县', 6107, 5, '0000-00-00 00:00:00', 0),
(610725, '勉县', NULL, '陕西|汉中|勉县', 6107, 6, '0000-00-00 00:00:00', 0),
(610726, '宁强县', NULL, '陕西|汉中|宁强县', 6107, 7, '0000-00-00 00:00:00', 0),
(610727, '略阳县', NULL, '陕西|汉中|略阳县', 6107, 8, '0000-00-00 00:00:00', 0),
(610728, '镇巴县', NULL, '陕西|汉中|镇巴县', 6107, 9, '0000-00-00 00:00:00', 0),
(610729, '留坝县', NULL, '陕西|汉中|留坝县', 6107, 10, '0000-00-00 00:00:00', 0),
(610730, '佛坪县', NULL, '陕西|汉中|佛坪县', 6107, 11, '0000-00-00 00:00:00', 0),
(610802, '榆阳区', NULL, '陕西|榆林|榆阳区', 6108, 1, '0000-00-00 00:00:00', 0),
(610821, '神木县', NULL, '陕西|榆林|神木县', 6108, 2, '0000-00-00 00:00:00', 0),
(610822, '府谷县', NULL, '陕西|榆林|府谷县', 6108, 3, '0000-00-00 00:00:00', 0),
(610823, '横山县', NULL, '陕西|榆林|横山县', 6108, 4, '0000-00-00 00:00:00', 0),
(610824, '靖边县', NULL, '陕西|榆林|靖边县', 6108, 5, '0000-00-00 00:00:00', 0),
(610825, '定边县', NULL, '陕西|榆林|定边县', 6108, 6, '0000-00-00 00:00:00', 0),
(610826, '绥德县', NULL, '陕西|榆林|绥德县', 6108, 7, '0000-00-00 00:00:00', 0),
(610827, '米脂县', NULL, '陕西|榆林|米脂县', 6108, 8, '0000-00-00 00:00:00', 0),
(610828, '佳县', NULL, '陕西|榆林|佳县', 6108, 9, '0000-00-00 00:00:00', 0),
(610829, '吴堡县', NULL, '陕西|榆林|吴堡县', 6108, 10, '0000-00-00 00:00:00', 0),
(610830, '清涧县', NULL, '陕西|榆林|清涧县', 6108, 11, '0000-00-00 00:00:00', 0),
(610831, '子洲县', NULL, '陕西|榆林|子洲县', 6108, 12, '0000-00-00 00:00:00', 0),
(610902, '汉滨区', NULL, '陕西|安康|汉滨区', 6109, 1, '0000-00-00 00:00:00', 0),
(610921, '汉阴县', NULL, '陕西|安康|汉阴县', 6109, 2, '0000-00-00 00:00:00', 0),
(610922, '石泉县', NULL, '陕西|安康|石泉县', 6109, 3, '0000-00-00 00:00:00', 0),
(610923, '宁陕县', NULL, '陕西|安康|宁陕县', 6109, 4, '0000-00-00 00:00:00', 0),
(610924, '紫阳县', NULL, '陕西|安康|紫阳县', 6109, 5, '0000-00-00 00:00:00', 0),
(610925, '岚皋县', NULL, '陕西|安康|岚皋县', 6109, 6, '0000-00-00 00:00:00', 0),
(610926, '平利县', NULL, '陕西|安康|平利县', 6109, 7, '0000-00-00 00:00:00', 0),
(610927, '镇坪县', NULL, '陕西|安康|镇坪县', 6109, 8, '0000-00-00 00:00:00', 0),
(610928, '旬阳县', NULL, '陕西|安康|旬阳县', 6109, 9, '0000-00-00 00:00:00', 0),
(610929, '白河县', NULL, '陕西|安康|白河县', 6109, 10, '0000-00-00 00:00:00', 0),
(611002, '商州区', NULL, '陕西|商洛|商州区', 6110, 1, '0000-00-00 00:00:00', 0),
(611021, '洛南县', NULL, '陕西|商洛|洛南县', 6110, 2, '0000-00-00 00:00:00', 0),
(611022, '丹凤县', NULL, '陕西|商洛|丹凤县', 6110, 3, '0000-00-00 00:00:00', 0),
(611023, '商南县', NULL, '陕西|商洛|商南县', 6110, 4, '0000-00-00 00:00:00', 0),
(611024, '山阳县', NULL, '陕西|商洛|山阳县', 6110, 5, '0000-00-00 00:00:00', 0),
(611025, '镇安县', NULL, '陕西|商洛|镇安县', 6110, 6, '0000-00-00 00:00:00', 0),
(611026, '柞水县', NULL, '陕西|商洛|柞水县', 6110, 7, '0000-00-00 00:00:00', 0),
(620102, '城关区', NULL, '甘肃|兰州|城关区', 6201, 1, '0000-00-00 00:00:00', 0),
(620103, '七里河区', NULL, '甘肃|兰州|七里河区', 6201, 2, '0000-00-00 00:00:00', 0),
(620104, '西固区', NULL, '甘肃|兰州|西固区', 6201, 3, '0000-00-00 00:00:00', 0),
(620105, '安宁区', NULL, '甘肃|兰州|安宁区', 6201, 4, '0000-00-00 00:00:00', 0),
(620111, '红古区', NULL, '甘肃|兰州|红古区', 6201, 5, '0000-00-00 00:00:00', 0),
(620121, '永登县', NULL, '甘肃|兰州|永登县', 6201, 6, '0000-00-00 00:00:00', 0),
(620122, '皋兰县', NULL, '甘肃|兰州|皋兰县', 6201, 7, '0000-00-00 00:00:00', 0),
(620123, '榆中县', NULL, '甘肃|兰州|榆中县', 6201, 8, '0000-00-00 00:00:00', 0),
(620200, '嘉峪关市', NULL, '甘肃|嘉峪关|嘉峪关市', 6202, 1, '0000-00-00 00:00:00', 0),
(620302, '金川区', NULL, '甘肃|金昌|金川区', 6203, 1, '0000-00-00 00:00:00', 0),
(620321, '永昌县', NULL, '甘肃|金昌|永昌县', 6203, 2, '0000-00-00 00:00:00', 0),
(620402, '白银区', NULL, '甘肃|白银|白银区', 6204, 1, '0000-00-00 00:00:00', 0),
(620403, '平川区', NULL, '甘肃|白银|平川区', 6204, 2, '0000-00-00 00:00:00', 0),
(620421, '靖远县', NULL, '甘肃|白银|靖远县', 6204, 3, '0000-00-00 00:00:00', 0),
(620422, '会宁县', NULL, '甘肃|白银|会宁县', 6204, 4, '0000-00-00 00:00:00', 0),
(620423, '景泰县', NULL, '甘肃|白银|景泰县', 6204, 5, '0000-00-00 00:00:00', 0),
(620502, '秦城区', NULL, '甘肃|天水|秦城区', 6205, 1, '0000-00-00 00:00:00', 0),
(620503, '麦积区', NULL, '甘肃|天水|麦积区', 6205, 2, '0000-00-00 00:00:00', 0),
(620521, '清水县', NULL, '甘肃|天水|清水县', 6205, 3, '0000-00-00 00:00:00', 0),
(620522, '秦安县', NULL, '甘肃|天水|秦安县', 6205, 4, '0000-00-00 00:00:00', 0),
(620523, '甘谷县', NULL, '甘肃|天水|甘谷县', 6205, 5, '0000-00-00 00:00:00', 0),
(620524, '武山县', NULL, '甘肃|天水|武山县', 6205, 6, '0000-00-00 00:00:00', 0),
(620525, '张家川回族自治县', NULL, '甘肃|天水|张家川回族自治县', 6205, 7, '0000-00-00 00:00:00', 0),
(620602, '凉州区', NULL, '甘肃|武威|凉州区', 6206, 1, '0000-00-00 00:00:00', 0),
(620621, '民勤县', NULL, '甘肃|武威|民勤县', 6206, 2, '0000-00-00 00:00:00', 0),
(620622, '古浪县', NULL, '甘肃|武威|古浪县', 6206, 3, '0000-00-00 00:00:00', 0),
(620623, '天祝藏族自治县', NULL, '甘肃|武威|天祝藏族自治县', 6206, 4, '0000-00-00 00:00:00', 0),
(620702, '甘州区', NULL, '甘肃|张掖|甘州区', 6207, 1, '0000-00-00 00:00:00', 0),
(620721, '肃南裕固族自治县', NULL, '甘肃|张掖|肃南裕固族自治县', 6207, 2, '0000-00-00 00:00:00', 0),
(620722, '民乐县', NULL, '甘肃|张掖|民乐县', 6207, 3, '0000-00-00 00:00:00', 0),
(620723, '临泽县', NULL, '甘肃|张掖|临泽县', 6207, 4, '0000-00-00 00:00:00', 0),
(620724, '高台县', NULL, '甘肃|张掖|高台县', 6207, 5, '0000-00-00 00:00:00', 0),
(620725, '山丹县', NULL, '甘肃|张掖|山丹县', 6207, 6, '0000-00-00 00:00:00', 0),
(620802, '崆峒区', NULL, '甘肃|平凉|崆峒区', 6208, 1, '0000-00-00 00:00:00', 0),
(620821, '泾川县', NULL, '甘肃|平凉|泾川县', 6208, 2, '0000-00-00 00:00:00', 0),
(620822, '灵台县', NULL, '甘肃|平凉|灵台县', 6208, 3, '0000-00-00 00:00:00', 0),
(620823, '崇信县', NULL, '甘肃|平凉|崇信县', 6208, 4, '0000-00-00 00:00:00', 0),
(620824, '华亭县', NULL, '甘肃|平凉|华亭县', 6208, 5, '0000-00-00 00:00:00', 0),
(620825, '庄浪县', NULL, '甘肃|平凉|庄浪县', 6208, 6, '0000-00-00 00:00:00', 0),
(620826, '静宁县', NULL, '甘肃|平凉|静宁县', 6208, 7, '0000-00-00 00:00:00', 0),
(620902, '肃州区', NULL, '甘肃|酒泉|肃州区', 6209, 1, '0000-00-00 00:00:00', 0),
(620921, '金塔县', NULL, '甘肃|酒泉|金塔县', 6209, 2, '0000-00-00 00:00:00', 0),
(620922, '瓜州县', NULL, '甘肃|酒泉|瓜州县', 6209, 3, '0000-00-00 00:00:00', 0),
(620923, '肃北蒙古族自治县', NULL, '甘肃|酒泉|肃北蒙古族自治县', 6209, 4, '0000-00-00 00:00:00', 0),
(620924, '阿克塞哈萨克族自治县', NULL, '甘肃|酒泉|阿克塞哈萨克族自治县', 6209, 5, '0000-00-00 00:00:00', 0),
(620981, '玉门市', NULL, '甘肃|酒泉|玉门市', 6209, 6, '0000-00-00 00:00:00', 0),
(620982, '敦煌市', NULL, '甘肃|酒泉|敦煌市', 6209, 7, '0000-00-00 00:00:00', 0),
(621002, '西峰区', NULL, '甘肃|庆阳|西峰区', 6210, 1, '0000-00-00 00:00:00', 0),
(621021, '庆城县', NULL, '甘肃|庆阳|庆城县', 6210, 2, '0000-00-00 00:00:00', 0),
(621022, '环县', NULL, '甘肃|庆阳|环县', 6210, 3, '0000-00-00 00:00:00', 0),
(621023, '华池县', NULL, '甘肃|庆阳|华池县', 6210, 4, '0000-00-00 00:00:00', 0),
(621024, '合水县', NULL, '甘肃|庆阳|合水县', 6210, 5, '0000-00-00 00:00:00', 0),
(621025, '正宁县', NULL, '甘肃|庆阳|正宁县', 6210, 6, '0000-00-00 00:00:00', 0),
(621026, '宁县', NULL, '甘肃|庆阳|宁县', 6210, 7, '0000-00-00 00:00:00', 0),
(621027, '镇原县', NULL, '甘肃|庆阳|镇原县', 6210, 8, '0000-00-00 00:00:00', 0),
(621102, '安定区', NULL, '甘肃|定西|安定区', 6211, 1, '0000-00-00 00:00:00', 0),
(621121, '通渭县', NULL, '甘肃|定西|通渭县', 6211, 2, '0000-00-00 00:00:00', 0),
(621122, '陇西县', NULL, '甘肃|定西|陇西县', 6211, 3, '0000-00-00 00:00:00', 0),
(621123, '渭源县', NULL, '甘肃|定西|渭源县', 6211, 4, '0000-00-00 00:00:00', 0),
(621124, '临洮县', NULL, '甘肃|定西|临洮县', 6211, 5, '0000-00-00 00:00:00', 0),
(621125, '漳县', NULL, '甘肃|定西|漳县', 6211, 6, '0000-00-00 00:00:00', 0),
(621126, '岷县', NULL, '甘肃|定西|岷县', 6211, 7, '0000-00-00 00:00:00', 0),
(621202, '武都区', NULL, '甘肃|陇南|武都区', 6212, 1, '0000-00-00 00:00:00', 0),
(621221, '成县', NULL, '甘肃|陇南|成县', 6212, 2, '0000-00-00 00:00:00', 0),
(621222, '文县', NULL, '甘肃|陇南|文县', 6212, 3, '0000-00-00 00:00:00', 0),
(621223, '宕昌县', NULL, '甘肃|陇南|宕昌县', 6212, 4, '0000-00-00 00:00:00', 0),
(621224, '康县', NULL, '甘肃|陇南|康县', 6212, 5, '0000-00-00 00:00:00', 0),
(621225, '西和县', NULL, '甘肃|陇南|西和县', 6212, 6, '0000-00-00 00:00:00', 0),
(621226, '礼县', NULL, '甘肃|陇南|礼县', 6212, 7, '0000-00-00 00:00:00', 0),
(621227, '徽县', NULL, '甘肃|陇南|徽县', 6212, 8, '0000-00-00 00:00:00', 0),
(621228, '两当县', NULL, '甘肃|陇南|两当县', 6212, 9, '0000-00-00 00:00:00', 0),
(622901, '临夏市', NULL, '甘肃|临夏|临夏市', 6229, 1, '0000-00-00 00:00:00', 0),
(622921, '临夏县', NULL, '甘肃|临夏|临夏县', 6229, 2, '0000-00-00 00:00:00', 0),
(622922, '康乐县', NULL, '甘肃|临夏|康乐县', 6229, 3, '0000-00-00 00:00:00', 0),
(622923, '永靖县', NULL, '甘肃|临夏|永靖县', 6229, 4, '0000-00-00 00:00:00', 0),
(622924, '广河县', NULL, '甘肃|临夏|广河县', 6229, 5, '0000-00-00 00:00:00', 0),
(622925, '和政县', NULL, '甘肃|临夏|和政县', 6229, 6, '0000-00-00 00:00:00', 0),
(622926, '东乡族自治县', NULL, '甘肃|临夏|东乡族自治县', 6229, 7, '0000-00-00 00:00:00', 0),
(622927, '积石山保安族东乡族撒拉族自治县', NULL, '甘肃|临夏|积石山保安族东乡族撒拉族自治县', 6229, 8, '0000-00-00 00:00:00', 0),
(623001, '合作市', NULL, '甘肃|甘南|合作市', 6230, 1, '0000-00-00 00:00:00', 0),
(623021, '临潭县', NULL, '甘肃|甘南|临潭县', 6230, 2, '0000-00-00 00:00:00', 0),
(623022, '卓尼县', NULL, '甘肃|甘南|卓尼县', 6230, 3, '0000-00-00 00:00:00', 0),
(623023, '舟曲县', NULL, '甘肃|甘南|舟曲县', 6230, 4, '0000-00-00 00:00:00', 0),
(623024, '迭部县', NULL, '甘肃|甘南|迭部县', 6230, 5, '0000-00-00 00:00:00', 0),
(623025, '玛曲县', NULL, '甘肃|甘南|玛曲县', 6230, 6, '0000-00-00 00:00:00', 0),
(623026, '碌曲县', NULL, '甘肃|甘南|碌曲县', 6230, 7, '0000-00-00 00:00:00', 0),
(623027, '夏河县', NULL, '甘肃|甘南|夏河县', 6230, 8, '0000-00-00 00:00:00', 0),
(630102, '城东区', NULL, '青海|西宁|城东区', 6301, 1, '0000-00-00 00:00:00', 0),
(630103, '城中区', NULL, '青海|西宁|城中区', 6301, 2, '0000-00-00 00:00:00', 0),
(630104, '城西区', NULL, '青海|西宁|城西区', 6301, 3, '0000-00-00 00:00:00', 0),
(630105, '城北区', NULL, '青海|西宁|城北区', 6301, 4, '0000-00-00 00:00:00', 0),
(630121, '大通回族土族自治县', NULL, '青海|西宁|大通回族土族自治县', 6301, 5, '0000-00-00 00:00:00', 0),
(630122, '湟中县', NULL, '青海|西宁|湟中县', 6301, 6, '0000-00-00 00:00:00', 0),
(630123, '湟源县', NULL, '青海|西宁|湟源县', 6301, 7, '0000-00-00 00:00:00', 0),
(632121, '平安县', NULL, '青海|海东|平安县', 6321, 1, '0000-00-00 00:00:00', 0),
(632122, '民和回族土族自治县', NULL, '青海|海东|民和回族土族自治县', 6321, 2, '0000-00-00 00:00:00', 0),
(632123, '乐都县', NULL, '青海|海东|乐都县', 6321, 3, '0000-00-00 00:00:00', 0),
(632126, '互助土族自治县', NULL, '青海|海东|互助土族自治县', 6321, 4, '0000-00-00 00:00:00', 0),
(632127, '化隆回族自治县', NULL, '青海|海东|化隆回族自治县', 6321, 5, '0000-00-00 00:00:00', 0),
(632128, '循化撒拉族自治县', NULL, '青海|海东|循化撒拉族自治县', 6321, 6, '0000-00-00 00:00:00', 0),
(632221, '门源回族自治县', NULL, '青海|海北|门源回族自治县', 6322, 1, '0000-00-00 00:00:00', 0),
(632222, '祁连县', NULL, '青海|海北|祁连县', 6322, 2, '0000-00-00 00:00:00', 0),
(632223, '海晏县', NULL, '青海|海北|海晏县', 6322, 3, '0000-00-00 00:00:00', 0),
(632224, '刚察县', NULL, '青海|海北|刚察县', 6322, 4, '0000-00-00 00:00:00', 0),
(632321, '同仁县', NULL, '青海|黄南|同仁县', 6323, 1, '0000-00-00 00:00:00', 0),
(632322, '尖扎县', NULL, '青海|黄南|尖扎县', 6323, 2, '0000-00-00 00:00:00', 0),
(632323, '泽库县', NULL, '青海|黄南|泽库县', 6323, 3, '0000-00-00 00:00:00', 0),
(632324, '河南蒙古族自治县', NULL, '青海|黄南|河南蒙古族自治县', 6323, 4, '0000-00-00 00:00:00', 0),
(632521, '共和县', NULL, '青海|海南|共和县', 6325, 1, '0000-00-00 00:00:00', 0),
(632522, '同德县', NULL, '青海|海南|同德县', 6325, 2, '0000-00-00 00:00:00', 0),
(632523, '贵德县', NULL, '青海|海南|贵德县', 6325, 3, '0000-00-00 00:00:00', 0),
(632524, '兴海县', NULL, '青海|海南|兴海县', 6325, 4, '0000-00-00 00:00:00', 0),
(632525, '贵南县', NULL, '青海|海南|贵南县', 6325, 5, '0000-00-00 00:00:00', 0),
(632621, '玛沁县', NULL, '青海|果洛|玛沁县', 6326, 1, '0000-00-00 00:00:00', 0),
(632622, '班玛县', NULL, '青海|果洛|班玛县', 6326, 2, '0000-00-00 00:00:00', 0),
(632623, '甘德县', NULL, '青海|果洛|甘德县', 6326, 3, '0000-00-00 00:00:00', 0),
(632624, '达日县', NULL, '青海|果洛|达日县', 6326, 4, '0000-00-00 00:00:00', 0),
(632625, '久治县', NULL, '青海|果洛|久治县', 6326, 5, '0000-00-00 00:00:00', 0),
(632626, '玛多县', NULL, '青海|果洛|玛多县', 6326, 6, '0000-00-00 00:00:00', 0),
(632721, '玉树县', NULL, '青海|玉树|玉树县', 6327, 1, '0000-00-00 00:00:00', 0),
(632722, '杂多县', NULL, '青海|玉树|杂多县', 6327, 2, '0000-00-00 00:00:00', 0),
(632723, '称多县', NULL, '青海|玉树|称多县', 6327, 3, '0000-00-00 00:00:00', 0),
(632724, '治多县', NULL, '青海|玉树|治多县', 6327, 4, '0000-00-00 00:00:00', 0),
(632725, '囊谦县', NULL, '青海|玉树|囊谦县', 6327, 5, '0000-00-00 00:00:00', 0),
(632726, '曲麻莱县', NULL, '青海|玉树|曲麻莱县', 6327, 6, '0000-00-00 00:00:00', 0),
(632801, '格尔木市', NULL, '青海|海西|格尔木市', 6328, 1, '0000-00-00 00:00:00', 0),
(632802, '德令哈市', NULL, '青海|海西|德令哈市', 6328, 2, '0000-00-00 00:00:00', 0),
(632821, '乌兰县', NULL, '青海|海西|乌兰县', 6328, 3, '0000-00-00 00:00:00', 0),
(632822, '都兰县', NULL, '青海|海西|都兰县', 6328, 4, '0000-00-00 00:00:00', 0),
(632823, '天峻县', NULL, '青海|海西|天峻县', 6328, 5, '0000-00-00 00:00:00', 0),
(640104, '兴庆区', NULL, '宁夏|银川|兴庆区', 6401, 1, '0000-00-00 00:00:00', 0),
(640105, '西夏区', NULL, '宁夏|银川|西夏区', 6401, 2, '0000-00-00 00:00:00', 0),
(640106, '金凤区', NULL, '宁夏|银川|金凤区', 6401, 3, '0000-00-00 00:00:00', 0),
(640121, '永宁县', NULL, '宁夏|银川|永宁县', 6401, 4, '0000-00-00 00:00:00', 0),
(640122, '贺兰县', NULL, '宁夏|银川|贺兰县', 6401, 5, '0000-00-00 00:00:00', 0),
(640181, '灵武市', NULL, '宁夏|银川|灵武市', 6401, 6, '0000-00-00 00:00:00', 0),
(640202, '大武口区', NULL, '宁夏|石嘴山|大武口区', 6402, 1, '0000-00-00 00:00:00', 0),
(640205, '惠农区', NULL, '宁夏|石嘴山|惠农区', 6402, 2, '0000-00-00 00:00:00', 0),
(640221, '平罗县', NULL, '宁夏|石嘴山|平罗县', 6402, 3, '0000-00-00 00:00:00', 0),
(640302, '利通区', NULL, '宁夏|吴忠|利通区', 6403, 1, '0000-00-00 00:00:00', 0),
(640303, '红寺堡区', NULL, '宁夏|吴忠|红寺堡区', 6403, 2, '0000-00-00 00:00:00', 0),
(640323, '盐池县', NULL, '宁夏|吴忠|盐池县', 6403, 3, '0000-00-00 00:00:00', 0),
(640324, '同心县', NULL, '宁夏|吴忠|同心县', 6403, 4, '0000-00-00 00:00:00', 0),
(640381, '青铜峡市', NULL, '宁夏|吴忠|青铜峡市', 6403, 5, '0000-00-00 00:00:00', 0),
(640402, '原州区', NULL, '宁夏|固原|原州区', 6404, 1, '0000-00-00 00:00:00', 0),
(640422, '西吉县', NULL, '宁夏|固原|西吉县', 6404, 2, '0000-00-00 00:00:00', 0),
(640423, '隆德县', NULL, '宁夏|固原|隆德县', 6404, 3, '0000-00-00 00:00:00', 0),
(640424, '泾源县', NULL, '宁夏|固原|泾源县', 6404, 4, '0000-00-00 00:00:00', 0),
(640425, '彭阳县', NULL, '宁夏|固原|彭阳县', 6404, 5, '0000-00-00 00:00:00', 0),
(640502, '沙坡头区', NULL, '宁夏|中卫|沙坡头区', 6405, 1, '0000-00-00 00:00:00', 0),
(640521, '中宁县', NULL, '宁夏|中卫|中宁县', 6405, 2, '0000-00-00 00:00:00', 0),
(640522, '海原县', NULL, '宁夏|中卫|海原县', 6405, 3, '0000-00-00 00:00:00', 0),
(650102, '天山区', NULL, '新疆|乌鲁木齐|天山区', 6501, 1, '0000-00-00 00:00:00', 0),
(650103, '沙依巴克区', NULL, '新疆|乌鲁木齐|沙依巴克区', 6501, 2, '0000-00-00 00:00:00', 0),
(650104, '新市区', NULL, '新疆|乌鲁木齐|新市区', 6501, 3, '0000-00-00 00:00:00', 0),
(650105, '水磨沟区', NULL, '新疆|乌鲁木齐|水磨沟区', 6501, 4, '0000-00-00 00:00:00', 0),
(650106, '头屯河区', NULL, '新疆|乌鲁木齐|头屯河区', 6501, 5, '0000-00-00 00:00:00', 0),
(650107, '达坂城区', NULL, '新疆|乌鲁木齐|达坂城区', 6501, 6, '0000-00-00 00:00:00', 0),
(650109, '米东区', NULL, '新疆|乌鲁木齐|米东区', 6501, 7, '0000-00-00 00:00:00', 0),
(650121, '乌鲁木齐县', NULL, '新疆|乌鲁木齐|乌鲁木齐县', 6501, 8, '0000-00-00 00:00:00', 0),
(650202, '独山子区', NULL, '新疆|克拉玛依|独山子区', 6502, 1, '0000-00-00 00:00:00', 0),
(650203, '克拉玛依区', NULL, '新疆|克拉玛依|克拉玛依区', 6502, 2, '0000-00-00 00:00:00', 0),
(650204, '白碱滩区', NULL, '新疆|克拉玛依|白碱滩区', 6502, 3, '0000-00-00 00:00:00', 0),
(650205, '乌尔禾区', NULL, '新疆|克拉玛依|乌尔禾区', 6502, 4, '0000-00-00 00:00:00', 0),
(652101, '吐鲁番市', NULL, '新疆|吐鲁番|吐鲁番市', 6521, 1, '0000-00-00 00:00:00', 0),
(652122, '鄯善县', NULL, '新疆|吐鲁番|鄯善县', 6521, 2, '0000-00-00 00:00:00', 0),
(652123, '托克逊县', NULL, '新疆|吐鲁番|托克逊县', 6521, 3, '0000-00-00 00:00:00', 0),
(652201, '哈密市', NULL, '新疆|哈密|哈密市', 6522, 1, '0000-00-00 00:00:00', 0),
(652222, '巴里坤哈萨克自治县', NULL, '新疆|哈密|巴里坤哈萨克自治县', 6522, 2, '0000-00-00 00:00:00', 0),
(652223, '伊吾县', NULL, '新疆|哈密|伊吾县', 6522, 3, '0000-00-00 00:00:00', 0),
(652301, '昌吉市', NULL, '新疆|昌吉|昌吉市', 6523, 1, '0000-00-00 00:00:00', 0),
(652302, '阜康市', NULL, '新疆|昌吉|阜康市', 6523, 2, '0000-00-00 00:00:00', 0),
(652323, '呼图壁县', NULL, '新疆|昌吉|呼图壁县', 6523, 3, '0000-00-00 00:00:00', 0),
(652324, '玛纳斯县', NULL, '新疆|昌吉|玛纳斯县', 6523, 4, '0000-00-00 00:00:00', 0),
(652325, '奇台县', NULL, '新疆|昌吉|奇台县', 6523, 5, '0000-00-00 00:00:00', 0),
(652327, '吉木萨尔县', NULL, '新疆|昌吉|吉木萨尔县', 6523, 6, '0000-00-00 00:00:00', 0),
(652328, '木垒哈萨克自治县', NULL, '新疆|昌吉|木垒哈萨克自治县', 6523, 7, '0000-00-00 00:00:00', 0),
(652701, '博乐市', NULL, '新疆|博尔塔拉|博乐市', 6527, 1, '0000-00-00 00:00:00', 0),
(652722, '精河县', NULL, '新疆|博尔塔拉|精河县', 6527, 2, '0000-00-00 00:00:00', 0),
(652723, '温泉县', NULL, '新疆|博尔塔拉|温泉县', 6527, 3, '0000-00-00 00:00:00', 0),
(652801, '库尔勒市', NULL, '新疆|巴音郭楞|库尔勒市', 6528, 1, '0000-00-00 00:00:00', 0),
(652822, '轮台县', NULL, '新疆|巴音郭楞|轮台县', 6528, 2, '0000-00-00 00:00:00', 0),
(652823, '尉犁县', NULL, '新疆|巴音郭楞|尉犁县', 6528, 3, '0000-00-00 00:00:00', 0),
(652824, '若羌县', NULL, '新疆|巴音郭楞|若羌县', 6528, 4, '0000-00-00 00:00:00', 0),
(652825, '且末县', NULL, '新疆|巴音郭楞|且末县', 6528, 5, '0000-00-00 00:00:00', 0),
(652826, '焉耆回族自治县', NULL, '新疆|巴音郭楞|焉耆回族自治县', 6528, 6, '0000-00-00 00:00:00', 0),
(652827, '和静县', NULL, '新疆|巴音郭楞|和静县', 6528, 7, '0000-00-00 00:00:00', 0),
(652828, '和硕县', NULL, '新疆|巴音郭楞|和硕县', 6528, 8, '0000-00-00 00:00:00', 0),
(652829, '博湖县', NULL, '新疆|巴音郭楞|博湖县', 6528, 9, '0000-00-00 00:00:00', 0),
(652901, '阿克苏市', NULL, '新疆|阿克苏|阿克苏市', 6529, 1, '0000-00-00 00:00:00', 0),
(652922, '温宿县', NULL, '新疆|阿克苏|温宿县', 6529, 2, '0000-00-00 00:00:00', 0),
(652923, '库车县', NULL, '新疆|阿克苏|库车县', 6529, 3, '0000-00-00 00:00:00', 0),
(652924, '沙雅县', NULL, '新疆|阿克苏|沙雅县', 6529, 4, '0000-00-00 00:00:00', 0),
(652925, '新和县', NULL, '新疆|阿克苏|新和县', 6529, 5, '0000-00-00 00:00:00', 0),
(652926, '拜城县', NULL, '新疆|阿克苏|拜城县', 6529, 6, '0000-00-00 00:00:00', 0),
(652927, '乌什县', NULL, '新疆|阿克苏|乌什县', 6529, 7, '0000-00-00 00:00:00', 0),
(652928, '阿瓦提县', NULL, '新疆|阿克苏|阿瓦提县', 6529, 8, '0000-00-00 00:00:00', 0),
(652929, '柯坪县', NULL, '新疆|阿克苏|柯坪县', 6529, 9, '0000-00-00 00:00:00', 0),
(653001, '阿图什市', NULL, '新疆|克孜勒苏|阿图什市', 6530, 1, '0000-00-00 00:00:00', 0),
(653022, '阿克陶县', NULL, '新疆|克孜勒苏|阿克陶县', 6530, 2, '0000-00-00 00:00:00', 0),
(653023, '阿合奇县', NULL, '新疆|克孜勒苏|阿合奇县', 6530, 3, '0000-00-00 00:00:00', 0),
(653024, '乌恰县', NULL, '新疆|克孜勒苏|乌恰县', 6530, 4, '0000-00-00 00:00:00', 0),
(653101, '喀什市', NULL, '新疆|喀什|喀什市', 6531, 1, '0000-00-00 00:00:00', 0),
(653121, '疏附县', NULL, '新疆|喀什|疏附县', 6531, 2, '0000-00-00 00:00:00', 0),
(653122, '疏勒县', NULL, '新疆|喀什|疏勒县', 6531, 3, '0000-00-00 00:00:00', 0),
(653123, '英吉沙县', NULL, '新疆|喀什|英吉沙县', 6531, 4, '0000-00-00 00:00:00', 0),
(653124, '泽普县', NULL, '新疆|喀什|泽普县', 6531, 5, '0000-00-00 00:00:00', 0),
(653125, '莎车县', NULL, '新疆|喀什|莎车县', 6531, 6, '0000-00-00 00:00:00', 0),
(653126, '叶城县', NULL, '新疆|喀什|叶城县', 6531, 7, '0000-00-00 00:00:00', 0),
(653127, '麦盖提县', NULL, '新疆|喀什|麦盖提县', 6531, 8, '0000-00-00 00:00:00', 0),
(653128, '岳普湖县', NULL, '新疆|喀什|岳普湖县', 6531, 9, '0000-00-00 00:00:00', 0),
(653129, '伽师县', NULL, '新疆|喀什|伽师县', 6531, 10, '0000-00-00 00:00:00', 0),
(653130, '巴楚县', NULL, '新疆|喀什|巴楚县', 6531, 11, '0000-00-00 00:00:00', 0),
(653131, '塔什库尔干县塔吉克自治', NULL, '新疆|喀什|塔什库尔干县塔吉克自治', 6531, 12, '0000-00-00 00:00:00', 0),
(653201, '和田市', NULL, '新疆|和田|和田市', 6532, 1, '0000-00-00 00:00:00', 0),
(653221, '和田县', NULL, '新疆|和田|和田县', 6532, 2, '0000-00-00 00:00:00', 0),
(653222, '墨玉县', NULL, '新疆|和田|墨玉县', 6532, 3, '0000-00-00 00:00:00', 0),
(653223, '皮山县', NULL, '新疆|和田|皮山县', 6532, 4, '0000-00-00 00:00:00', 0),
(653224, '洛浦县', NULL, '新疆|和田|洛浦县', 6532, 5, '0000-00-00 00:00:00', 0),
(653225, '策勒县', NULL, '新疆|和田|策勒县', 6532, 6, '0000-00-00 00:00:00', 0),
(653226, '于田县', NULL, '新疆|和田|于田县', 6532, 7, '0000-00-00 00:00:00', 0),
(653227, '民丰县', NULL, '新疆|和田|民丰县', 6532, 8, '0000-00-00 00:00:00', 0),
(654002, '伊宁市', NULL, '新疆|伊犁|伊宁市', 6540, 1, '0000-00-00 00:00:00', 0),
(654003, '奎屯市', NULL, '新疆|伊犁|奎屯市', 6540, 2, '0000-00-00 00:00:00', 0),
(654021, '伊宁县', NULL, '新疆|伊犁|伊宁县', 6540, 3, '0000-00-00 00:00:00', 0),
(654022, '察布查尔锡伯自治县', NULL, '新疆|伊犁|察布查尔锡伯自治县', 6540, 4, '0000-00-00 00:00:00', 0),
(654023, '霍城县', NULL, '新疆|伊犁|霍城县', 6540, 5, '0000-00-00 00:00:00', 0),
(654024, '巩留县', NULL, '新疆|伊犁|巩留县', 6540, 6, '0000-00-00 00:00:00', 0),
(654025, '新源县', NULL, '新疆|伊犁|新源县', 6540, 7, '0000-00-00 00:00:00', 0),
(654026, '昭苏县', NULL, '新疆|伊犁|昭苏县', 6540, 8, '0000-00-00 00:00:00', 0),
(654027, '特克斯县', NULL, '新疆|伊犁|特克斯县', 6540, 9, '0000-00-00 00:00:00', 0),
(654028, '尼勒克县', NULL, '新疆|伊犁|尼勒克县', 6540, 10, '0000-00-00 00:00:00', 0),
(654201, '塔城市', NULL, '新疆|塔城|塔城市', 6542, 1, '0000-00-00 00:00:00', 0),
(654202, '乌苏市', NULL, '新疆|塔城|乌苏市', 6542, 2, '0000-00-00 00:00:00', 0),
(654221, '额敏县', NULL, '新疆|塔城|额敏县', 6542, 3, '0000-00-00 00:00:00', 0),
(654223, '沙湾县', NULL, '新疆|塔城|沙湾县', 6542, 4, '0000-00-00 00:00:00', 0),
(654224, '托里县', NULL, '新疆|塔城|托里县', 6542, 5, '0000-00-00 00:00:00', 0),
(654225, '裕民县', NULL, '新疆|塔城|裕民县', 6542, 6, '0000-00-00 00:00:00', 0),
(654226, '和布克赛尔蒙古自治县', NULL, '新疆|塔城|和布克赛尔蒙古自治县', 6542, 7, '0000-00-00 00:00:00', 0),
(654301, '阿勒泰市', NULL, '新疆|阿勒泰|阿勒泰市', 6543, 1, '0000-00-00 00:00:00', 0),
(654321, '布尔津县', NULL, '新疆|阿勒泰|布尔津县', 6543, 2, '0000-00-00 00:00:00', 0),
(654322, '富蕴县', NULL, '新疆|阿勒泰|富蕴县', 6543, 3, '0000-00-00 00:00:00', 0),
(654323, '福海县', NULL, '新疆|阿勒泰|福海县', 6543, 4, '0000-00-00 00:00:00', 0),
(654324, '哈巴河县', NULL, '新疆|阿勒泰|哈巴河县', 6543, 5, '0000-00-00 00:00:00', 0);
INSERT INTO `city` (`id`, `name`, `first_letter`, `description`, `parent_id`, `sort_num`, `create_time`, `author`) VALUES
(654325, '青河县', NULL, '新疆|阿勒泰|青河县', 6543, 6, '0000-00-00 00:00:00', 0),
(654326, '吉木乃县', NULL, '新疆|阿勒泰|吉木乃县', 6543, 7, '0000-00-00 00:00:00', 0),
(654400, '石河子', NULL, '新疆|石河子|石河子', 6544, 1, '0000-00-00 00:00:00', 0),
(654500, '阿拉尔', NULL, '新疆|阿拉尔|阿拉尔', 6545, 1, '0000-00-00 00:00:00', 0),
(654600, '图木舒克', NULL, '新疆|图木舒克|图木舒克', 6546, 1, '0000-00-00 00:00:00', 0),
(654700, '五家渠', NULL, '新疆|五家渠|五家渠', 6547, 1, '0000-00-00 00:00:00', 0),
(710101, '台北市', NULL, '台湾|台北市|台北市', 7101, 1, '0000-00-00 00:00:00', 0),
(710201, '高雄市', NULL, '台湾|高雄市|高雄市', 7102, 1, '0000-00-00 00:00:00', 0),
(710301, '基隆市', NULL, '台湾|基隆市|基隆市', 7103, 1, '0000-00-00 00:00:00', 0),
(710401, '台中市', NULL, '台湾|台中市|台中市', 7104, 1, '0000-00-00 00:00:00', 0),
(710501, '台南市', NULL, '台湾|台南市|台南市', 7105, 1, '0000-00-00 00:00:00', 0),
(710601, '新竹市', NULL, '台湾|新竹市|新竹市', 7106, 1, '0000-00-00 00:00:00', 0),
(710701, '嘉义市', NULL, '台湾|嘉义市|嘉义市', 7107, 1, '0000-00-00 00:00:00', 0),
(710801, '台北县', NULL, '台湾|台北县|台北县', 7108, 1, '0000-00-00 00:00:00', 0),
(710901, '宜兰县', NULL, '台湾|宜兰县|宜兰县', 7109, 1, '0000-00-00 00:00:00', 0),
(711001, '新竹县', NULL, '台湾|新竹县|新竹县', 7110, 1, '0000-00-00 00:00:00', 0),
(711101, '桃园县', NULL, '台湾|桃园县|桃园县', 7111, 1, '0000-00-00 00:00:00', 0),
(711201, '苗栗县', NULL, '台湾|苗栗县|苗栗县', 7112, 1, '0000-00-00 00:00:00', 0),
(711301, '台中县', NULL, '台湾|台中县|台中县', 7113, 1, '0000-00-00 00:00:00', 0),
(711401, '彰化县', NULL, '台湾|彰化县|彰化县', 7114, 1, '0000-00-00 00:00:00', 0),
(711501, '南投县', NULL, '台湾|南投县|南投县', 7115, 1, '0000-00-00 00:00:00', 0),
(711601, '嘉义县', NULL, '台湾|嘉义县|嘉义县', 7116, 1, '0000-00-00 00:00:00', 0),
(711701, '云林县', NULL, '台湾|云林县|云林县', 7117, 1, '0000-00-00 00:00:00', 0),
(711801, '台南县', NULL, '台湾|台南县|台南县', 7118, 1, '0000-00-00 00:00:00', 0),
(711901, '高雄县', NULL, '台湾|高雄县|高雄县', 7119, 1, '0000-00-00 00:00:00', 0),
(712001, '屏东县', NULL, '台湾|屏东县|屏东县', 7120, 1, '0000-00-00 00:00:00', 0),
(712101, '台东县', NULL, '台湾|台东县|台东县', 7121, 1, '0000-00-00 00:00:00', 0),
(712201, '花莲县', NULL, '台湾|花莲县|花莲县', 7122, 1, '0000-00-00 00:00:00', 0),
(712301, '澎湖县', NULL, '台湾|澎湖县|澎湖县', 7123, 1, '0000-00-00 00:00:00', 0),
(810101, '中西区', NULL, '香港|中西区|中西区', 8101, 1, '0000-00-00 00:00:00', 0),
(810201, '东区', NULL, '香港|东区|东区', 8102, 1, '0000-00-00 00:00:00', 0),
(810301, '九龙城区', NULL, '香港|九龙城区|九龙城区', 8103, 1, '0000-00-00 00:00:00', 0),
(810401, '观塘区', NULL, '香港|观塘区|观塘区', 8104, 1, '0000-00-00 00:00:00', 0),
(810501, '南区', NULL, '香港|南区|南区', 8105, 1, '0000-00-00 00:00:00', 0),
(810601, '深水区', NULL, '香港|深水区|深水区', 8106, 1, '0000-00-00 00:00:00', 0),
(810701, '湾仔区', NULL, '香港|湾仔区|湾仔区', 8107, 1, '0000-00-00 00:00:00', 0),
(810801, '黄大仙区', NULL, '香港|黄大仙区|黄大仙区', 8108, 1, '0000-00-00 00:00:00', 0),
(810901, '油尖旺区', NULL, '香港|油尖旺区|油尖旺区', 8109, 1, '0000-00-00 00:00:00', 0),
(811001, '离岛区', NULL, '香港|离岛区|离岛区', 8110, 1, '0000-00-00 00:00:00', 0),
(811101, '葵青区', NULL, '香港|葵青区|葵青区', 8111, 1, '0000-00-00 00:00:00', 0),
(811201, '北区', NULL, '香港|北区|北区', 8112, 1, '0000-00-00 00:00:00', 0),
(811301, '西贡区', NULL, '香港|西贡区|西贡区', 8113, 1, '0000-00-00 00:00:00', 0),
(811401, '沙田区', NULL, '香港|沙田区|沙田区', 8114, 1, '0000-00-00 00:00:00', 0),
(811501, '屯门区', NULL, '香港|屯门区|屯门区', 8115, 1, '0000-00-00 00:00:00', 0),
(811601, '大埔区', NULL, '香港|大埔区|大埔区', 8116, 1, '0000-00-00 00:00:00', 0),
(811701, '荃湾区', NULL, '香港|荃湾区|荃湾区', 8117, 1, '0000-00-00 00:00:00', 0),
(811801, '元朗区', NULL, '香港|元朗区|元朗区', 8118, 1, '0000-00-00 00:00:00', 0),
(820101, '花地玛堂区', NULL, '澳门|花地玛堂区|花地玛堂区', 8201, 1, '0000-00-00 00:00:00', 0),
(820201, '圣安多尼堂区', NULL, '澳门|圣安多尼堂区|圣安多尼堂区', 8202, 1, '0000-00-00 00:00:00', 0),
(820301, '大堂区', NULL, '澳门|大堂区|大堂区', 8203, 1, '0000-00-00 00:00:00', 0),
(820401, '望德堂区', NULL, '澳门|望德堂区|望德堂区', 8204, 1, '0000-00-00 00:00:00', 0),
(820501, '风顺堂区', NULL, '澳门|风顺堂区|风顺堂区', 8205, 1, '0000-00-00 00:00:00', 0),
(820601, '嘉模堂区', NULL, '澳门|嘉模堂区|嘉模堂区', 8206, 1, '0000-00-00 00:00:00', 0),
(820701, '圣方济各堂区', NULL, '澳门|圣方济各堂区|圣方济各堂区', 8207, 1, '0000-00-00 00:00:00', 0);

-- --------------------------------------------------------

--
-- 表的结构 `comment`
--

CREATE TABLE IF NOT EXISTS `comment` (
  `id` int(10) unsigned NOT NULL AUTO_INCREMENT COMMENT '评论表ID',
  `user_id` int(10) NOT NULL COMMENT '评价人ID',
  `content` varchar(255) NOT NULL COMMENT '评论内容',
  `comment_rank` tinyint(1) NOT NULL DEFAULT '1' COMMENT '评论星级（5星）',
  `is_show` tinyint(1) NOT NULL DEFAULT '1' COMMENT '是否被管理员批准显示; 0:不显示 1:显示',
  `order_id` int(8) NOT NULL COMMENT '订单ID',
  `create_time` int(11) NOT NULL COMMENT '评论时间',
  PRIMARY KEY (`id`)
) ENGINE=InnoDB DEFAULT CHARSET=utf8 COMMENT='用户评论' AUTO_INCREMENT=1 ;

-- --------------------------------------------------------

--
-- 表的结构 `company`
--

CREATE TABLE IF NOT EXISTS `company` (
  `id` int(10) unsigned NOT NULL AUTO_INCREMENT COMMENT 'user id',
  `companyname` varchar(120) NOT NULL COMMENT '公司名称',
  `person` varchar(20) NOT NULL COMMENT '负责人',
  `province_id` int(10) NOT NULL COMMENT '省',
  `city_id` int(10) NOT NULL COMMENT '市',
  `area_id` int(10) NOT NULL COMMENT '区',
  `contact` varchar(20) NOT NULL COMMENT '联系人',
  `mobile` varchar(40) DEFAULT NULL COMMENT '电话',
  `status` tinyint(1) NOT NULL DEFAULT '1' COMMENT '状态 1正常 0不正常',
  `describe` varchar(255) NOT NULL COMMENT '公司描述',
  `roleId` tinyint(5) NOT NULL COMMENT '权限组',
  `license` char(32) NOT NULL COMMENT '营业执照',
  `create_time` int(11) NOT NULL,
  PRIMARY KEY (`id`)
) ENGINE=InnoDB  DEFAULT CHARSET=utf8 COMMENT='公司表' AUTO_INCREMENT=67 ;

--
-- 转存表中的数据 `company`
--

INSERT INTO `company` (`id`, `companyname`, `person`, `province_id`, `city_id`, `area_id`, `contact`, `mobile`, `status`, `describe`, `roleId`, `license`, `create_time`) VALUES
(1, '总公司', '董振堂', 11, 1112, 0, 'Jason', '18500331195', 1, '星水总部', 0, 'ad7bb494bdee18c6bd294d34edc53235', 1458893381),
(65, '北京通州区分公司', '王博', 11, 1112, 0, '王博', '15010306122', 1, '1', 0, '6004640c941482fef530cbb46d91b919', 1459415616),
(66, '西城分公司', '西城分公司', 11, 1102, 0, '西城分公司', '13901234567', 1, '', 0, '19de3126a5d549bc9b24fb68269594a3', 1460530099);

-- --------------------------------------------------------

--
-- 表的结构 `company_account`
--

CREATE TABLE IF NOT EXISTS `company_account` (
  `id` int(10) unsigned NOT NULL AUTO_INCREMENT COMMENT 'id',
  `cid` int(10) NOT NULL COMMENT '公司ID',
  `refund_day` int(11) NOT NULL COMMENT '付款日',
  `status` tinyint(1) NOT NULL DEFAULT '0' COMMENT '账单状态 0未结 1已结',
  `money` char(32) NOT NULL COMMENT '金额',
  `orderAll` text NOT NULL COMMENT '关联的订单',
  `create_time` int(11) NOT NULL COMMENT '创建时间',
  `end_time` int(11) NOT NULL COMMENT '结束时间',
  `refund_time` int(11) NOT NULL COMMENT '付款时间',
  PRIMARY KEY (`id`)
) ENGINE=InnoDB  DEFAULT CHARSET=utf8 COMMENT='公司账单表' AUTO_INCREMENT=15 ;

--
-- 转存表中的数据 `company_account`
--

INSERT INTO `company_account` (`id`, `cid`, `refund_day`, `status`, `money`, `orderAll`, `create_time`, `end_time`, `refund_time`) VALUES
(1, 1, 0, 0, '3.00', '1,3,4,5', 1459440000, 1459526399, 0),
(2, 65, 0, 0, '1.00', '28,29,30,32,33,34,36,37', 1459699200, 1459785599, 0),
(3, 65, 0, 0, '1075.68', '38,40,44,45,47,51,52,56,58', 1459785600, 1459871999, 0),
(4, 65, 0, 0, '0.00', '60,76,78', 1459872000, 1459958399, 0),
(5, 65, 0, 0, '184.00', '127,130,132,133,134,138,140,142,143,146,148,149,150,153,155,162,165,172,173,175,177,178', 1460044800, 1460131199, 0),
(6, 65, 0, 0, '45.00', '184,185', 1460131200, 1460217599, 0),
(7, 1, 0, 0, '0.01', '191', 1460390400, 1460476799, 0),
(8, 65, 0, 0, '0.00', '4,5,6,7,8,9,11,12,13,14,15,16', 1460476800, 1460563199, 0),
(9, 65, 0, 0, '848.37', '22,23,24,25,26,27,28,29,30,31,32,33,34,35,36,37,38,39,40,42,43,45,51,52,54,57,58,59,60,61,74', 1460563200, 1460649599, 0),
(10, 65, 0, 0, '2965.38', '79,81,82,83,84,85,86,90,94,95,96,97,101,102,109,110,111,112,118,120,121,122,126,130,133,139', 1460649600, 1460735999, 0),
(11, 65, 0, 0, '360.00', '141,142,143,157,162', 1460736000, 1460822399, 0),
(12, 65, 0, 0, '870.00', '175,176,177,178', 1460822400, 1460908799, 0),
(13, 65, 0, 0, '415.00', '180,181,182,183,187,194', 1460908800, 1460995199, 0),
(14, 65, 0, 0, '174.00', '201,203,207,208,209', 1460995200, 1461081599, 0);

-- --------------------------------------------------------

--
-- 表的结构 `coupons`
--

CREATE TABLE IF NOT EXISTS `coupons` (
  `id` int(8) unsigned NOT NULL AUTO_INCREMENT COMMENT '优惠劵ID',
  `coupons_number` char(16) NOT NULL COMMENT '优惠劵号',
  `name` varchar(80) NOT NULL COMMENT '优惠卷名称',
  `least` smallint(5) NOT NULL COMMENT '金额下限',
  `start_time` int(11) NOT NULL COMMENT '有效期开始',
  `end_time` int(11) NOT NULL COMMENT '有效期结束',
  `scope` tinyint(1) NOT NULL DEFAULT '0' COMMENT '0全部商品 1品类 2品牌 3商品',
  `type` tinyint(1) NOT NULL COMMENT '1现金减免 2价格折扣 3代金券',
  `type_num` float NOT NULL COMMENT '填:金额\\折扣（1-10）',
  `createdTime` int(11) NOT NULL COMMENT '创建时间',
  `number` tinyint(5) NOT NULL DEFAULT '1' COMMENT '数量',
  `cid` int(7) DEFAULT NULL COMMENT '公司ID',
  `update_time` timestamp NOT NULL DEFAULT CURRENT_TIMESTAMP ON UPDATE CURRENT_TIMESTAMP COMMENT '更新时间',
  `is_del` tinyint(4) DEFAULT '0' COMMENT '删除 0否 1是',
  `description` varchar(255) NOT NULL COMMENT '备注',
  `status` tinyint(1) DEFAULT NULL COMMENT '0线上 1线下',
  PRIMARY KEY (`id`)
) ENGINE=InnoDB  DEFAULT CHARSET=utf8 COMMENT='优惠劵' AUTO_INCREMENT=25 ;

--
-- 转存表中的数据 `coupons`
--

INSERT INTO `coupons` (`id`, `coupons_number`, `name`, `least`, `start_time`, `end_time`, `scope`, `type`, `type_num`, `createdTime`, `number`, `cid`, `update_time`, `is_del`, `description`, `status`) VALUES
(1, '2016040516441089', '一箱减凉快', 0, 1459785600, 1461945600, 0, 2, 9.67, 1459845850, 1, NULL, '2016-04-11 10:04:04', 1, '一箱减两块', NULL),
(2, '2016040516444028', '10元代金券', 0, 1459785600, 1461772800, 0, 3, 9, 1459845880, 1, NULL, '2016-04-11 10:03:26', 1, '9', NULL),
(3, '2016040611455893', '孙鹏代金券测试', 0, 1459872000, 1461772800, 0, 3, 100, 1459914358, 1, NULL, '2016-04-11 10:03:24', 1, '实打实大', NULL),
(4, '2016040613393249', '啊啊啊啊啊啊', 0, 1459872000, 1461945600, 0, 3, 100, 1459921172, 1, NULL, '2016-04-11 10:03:23', 1, '弟弟顶顶顶顶顶', NULL),
(5, '2016040613435823', '不结婚后根据国家', 0, 1459872000, 1461945600, 0, 2, 1, 1459921438, 1, NULL, '2016-04-11 10:04:02', 1, '非人防', NULL),
(6, '2016040614534218', '大是大非', 0, 1459872000, 1461945600, 0, 3, 100, 1459925622, 1, NULL, '2016-04-11 10:03:21', 1, '收到的方法', NULL),
(7, '2016040615210932', '地方郭德纲', 0, 1459872000, 1461945600, 0, 3, 10, 1459927269, 1, NULL, '2016-04-11 10:03:20', 1, '大法师法师打发斯蒂芬', NULL),
(8, '2016040911164693', '1', 0, 1460131200, 1461945600, 0, 3, 99, 1460171806, 1, NULL, '2016-04-11 10:03:18', 1, '1', NULL),
(9, '2016040911215336', '测试代金券', 0, 1460131200, 1460217600, 0, 3, 1, 1460172113, 1, NULL, '2016-04-11 10:03:17', 1, '测试代金券', NULL),
(10, '2016041118034656', '测试代金券', 0, 1460304000, 1460390400, 0, 3, 1, 1460369026, 1, 65, '2016-04-14 06:26:52', 1, '测试', NULL),
(11, '2016041118042896', '测试优惠券', 0, 1460304000, 1460390400, 0, 2, 9, 1460369068, 1, 65, '2016-04-13 08:38:44', 1, '测试', 0),
(12, '2016041322500793', '1', 0, 1460476800, 1460563200, 0, 3, 0.3, 1460559007, 1, 65, '2016-04-14 06:26:49', 1, '1', NULL),
(13, '2016041322584942', '测试1', 0, 1460476800, 1460563200, 0, 2, 0.01, 1460559529, 1, 65, '2016-04-14 11:53:29', 1, '1', 0),
(14, '2016041323013391', '测试2', 0, 1460476800, 1460563200, 0, 2, 1, 1460559693, 1, 65, '2016-04-14 11:53:26', 1, '2', 0),
(15, '2016041323053477', '测试3', 0, 1460476800, 1460563200, 0, 2, 1, 1460559934, 1, 65, '2016-04-14 11:53:23', 1, '3232323', 0),
(16, '2016041409512416', '造个bug', 0, 1460563200, 1460649600, 0, 2, 1, 1460598684, 1, 65, '2016-04-14 11:01:08', 1, '1', 0),
(17, '2016041411362576', '测试优惠券', 0, 1460563200, 1461945600, 0, 2, 7.5, 1460604985, 1, 65, '2016-04-14 11:01:05', 1, '测试优惠券', 0),
(18, '2016041411544887', '测试优惠券', 0, 1460563200, 1460649600, 0, 2, 1, 1460606088, 1, 65, '2016-04-14 11:01:02', 1, '1', 0),
(19, '2016041412005398', '1个优惠券', 0, 1460563200, 1460649600, 0, 2, 2, 1460606453, 1, 65, '2016-04-14 11:00:59', 1, '1', 0),
(20, '2016041414271954', '测试代金券发送', 0, 1460563200, 1461945600, 0, 3, 10, 1460615239, 1, 65, '2016-04-14 12:06:24', 0, '测试代金券使用', NULL),
(21, '2016041415123755', '测试优惠券对应商品打折', 0, 1460563200, 1461945600, 0, 2, 8, 1460617957, 1, 65, '2016-04-14 11:00:56', 1, '测试', 0),
(22, '2016041511325691', '测试订单显示', 0, 1460649600, 1460736000, 0, 2, 1, 1460691176, 1, 65, '2016-04-15 03:32:56', 0, '1', 0),
(23, '2016041511401870', '测试单个优惠券', 0, 1460649600, 1460736000, 0, 2, 5, 1460691618, 1, 65, '2016-04-15 08:19:26', 0, '1', 0),
(24, '2016041817452181', '测试', 0, 1460908800, 1461945600, 0, 2, 7.5, 1460972721, 1, 65, '2016-04-19 09:46:55', 0, '测试', 0);

-- --------------------------------------------------------

--
-- 表的结构 `coupons_associated`
--

CREATE TABLE IF NOT EXISTS `coupons_associated` (
  `id` int(11) NOT NULL AUTO_INCREMENT,
  `coupons_id` int(11) NOT NULL COMMENT '优惠卷id',
  `user_id` int(11) NOT NULL COMMENT '用户id',
  `state` tinyint(1) NOT NULL DEFAULT '0' COMMENT '使用状态',
  `online` tinyint(1) DEFAULT '0' COMMENT '线上0 线下1',
  PRIMARY KEY (`id`)
) ENGINE=InnoDB  DEFAULT CHARSET=utf8 COMMENT='优惠卷关联表' AUTO_INCREMENT=117 ;

--
-- 转存表中的数据 `coupons_associated`
--

INSERT INTO `coupons_associated` (`id`, `coupons_id`, `user_id`, `state`, `online`) VALUES
(1, 10, 9, 0, 0),
(2, 10, 10, 0, 0),
(3, 10, 11, 0, 0),
(4, 10, 12, 0, 0),
(5, 10, 13, 0, 0),
(6, 10, 15, 0, 0),
(7, 12, 1, 0, 0),
(8, 12, 2, 1, 0),
(9, 13, 1, 1, 0),
(10, 13, 2, 0, 0),
(11, 14, 1, 1, 0),
(12, 14, 2, 0, 0),
(13, 15, 1, 1, 0),
(14, 15, 2, 0, 0),
(15, 16, 1, 1, 0),
(16, 16, 2, 1, 0),
(17, 16, 1, 0, 0),
(18, 16, 2, 1, 0),
(19, 17, 1, 1, 0),
(20, 17, 2, 1, 0),
(21, 17, 4, 0, 0),
(22, 18, 1, 1, 0),
(23, 18, 2, 0, 0),
(24, 18, 4, 0, 0),
(25, 19, 1, 0, 0),
(26, 19, 2, 0, 0),
(27, 19, 4, 0, 0),
(28, 20, 1, 0, 0),
(29, 20, 2, 1, 0),
(30, 20, 4, 0, 0),
(31, 20, 1, 0, 0),
(32, 20, 2, 1, 0),
(33, 20, 4, 0, 0),
(34, 20, 1, 1, 0),
(35, 20, 2, 1, 0),
(36, 20, 4, 0, 0),
(37, 20, 1, 0, 0),
(38, 20, 2, 1, 0),
(39, 20, 4, 0, 0),
(40, 20, 1, 0, 0),
(41, 20, 2, 1, 0),
(42, 20, 4, 0, 0),
(43, 20, 1, 0, 0),
(44, 20, 2, 1, 0),
(45, 20, 4, 0, 0),
(46, 21, 1, 1, 0),
(47, 21, 2, 1, 0),
(48, 21, 4, 0, 0),
(49, 21, 1, 1, 0),
(50, 21, 2, 1, 0),
(51, 21, 4, 0, 0),
(52, 21, 1, 0, 0),
(53, 21, 2, 1, 0),
(54, 21, 4, 0, 0),
(55, 21, 5, 0, 0),
(56, 20, 1, 0, 0),
(57, 20, 2, 1, 0),
(58, 20, 3, 0, 0),
(59, 20, 4, 0, 0),
(60, 22, 1, 1, 0),
(61, 22, 2, 1, 0),
(62, 22, 3, 0, 0),
(63, 22, 4, 0, 0),
(64, 23, 1, 1, 0),
(65, 23, 2, 1, 0),
(66, 23, 3, 0, 0),
(67, 23, 4, 0, 0),
(68, 23, 1, 0, 0),
(69, 23, 2, 0, 0),
(70, 23, 3, 0, 0),
(71, 23, 4, 0, 0),
(72, 23, 1, 0, 0),
(73, 23, 2, 0, 0),
(74, 23, 3, 0, 0),
(75, 23, 4, 0, 0),
(76, 20, 1, 0, 0),
(77, 20, 2, 1, 0),
(78, 20, 3, 0, 0),
(79, 20, 4, 0, 0),
(80, 20, 1, 0, 0),
(81, 20, 2, 1, 0),
(82, 20, 3, 0, 0),
(83, 20, 4, 0, 0),
(84, 20, 1, 0, 0),
(85, 20, 2, 1, 0),
(86, 20, 3, 0, 0),
(87, 20, 4, 0, 0),
(88, 22, 1, 0, 0),
(89, 22, 2, 1, 0),
(90, 22, 3, 0, 0),
(91, 22, 4, 0, 0),
(92, 24, 1, 0, 0),
(93, 24, 2, 1, 0),
(94, 24, 3, 0, 0),
(95, 24, 4, 0, 0),
(96, 24, 6, 0, 0),
(97, 24, 1, 0, 0),
(98, 24, 2, 1, 0),
(99, 24, 3, 0, 0),
(100, 24, 4, 0, 0),
(101, 24, 6, 0, 0),
(102, 20, 1, 0, 0),
(103, 20, 2, 1, 0),
(104, 20, 3, 0, 0),
(105, 20, 4, 0, 0),
(106, 20, 6, 0, 0),
(107, 20, 1, 0, 0),
(108, 20, 2, 0, 0),
(109, 20, 3, 0, 0),
(110, 20, 4, 0, 0),
(111, 20, 6, 0, 0),
(112, 24, 1, 0, 0),
(113, 24, 2, 1, 0),
(114, 24, 3, 0, 0),
(115, 24, 4, 0, 0),
(116, 24, 6, 0, 0);

-- --------------------------------------------------------

--
-- 表的结构 `coupons_goods`
--

CREATE TABLE IF NOT EXISTS `coupons_goods` (
  `id` int(10) unsigned NOT NULL AUTO_INCREMENT COMMENT '优惠劵关联商品',
  `coupons_id` int(11) NOT NULL COMMENT '优惠劵ID',
  `goods_id` int(10) NOT NULL DEFAULT '0' COMMENT '商品id',
  PRIMARY KEY (`id`)
) ENGINE=MyISAM  DEFAULT CHARSET=utf8 COMMENT='优惠劵关联商品' AUTO_INCREMENT=392 ;

--
-- 转存表中的数据 `coupons_goods`
--

INSERT INTO `coupons_goods` (`id`, `coupons_id`, `goods_id`) VALUES
(1, 1, 25),
(2, 5, 13),
(3, 11, 35),
(4, 11, 36),
(5, 11, 37),
(6, 11, 39),
(7, 11, 40),
(8, 11, 41),
(9, 11, 42),
(10, 11, 43),
(11, 11, 44),
(12, 11, 45),
(13, 11, 46),
(14, 11, 47),
(15, 11, 48),
(16, 11, 49),
(17, 11, 50),
(18, 11, 51),
(19, 11, 52),
(20, 11, 53),
(21, 11, 54),
(22, 11, 55),
(23, 11, 56),
(24, 11, 57),
(25, 11, 58),
(26, 11, 59),
(27, 11, 60),
(28, 11, 61),
(29, 11, 62),
(30, 11, 63),
(31, 11, 65),
(32, 11, 66),
(33, 11, 67),
(34, 11, 68),
(35, 11, 70),
(36, 11, 71),
(37, 11, 72),
(38, 11, 73),
(39, 11, 74),
(40, 11, 75),
(41, 11, 76),
(42, 11, 95),
(43, 11, 96),
(44, 11, 97),
(45, 11, 98),
(46, 11, 99),
(47, 11, 100),
(48, 11, 101),
(49, 11, 102),
(50, 11, 103),
(51, 11, 104),
(52, 11, 105),
(53, 11, 106),
(54, 11, 107),
(55, 11, 108),
(56, 11, 109),
(57, 11, 110),
(58, 11, 111),
(59, 11, 112),
(60, 11, 113),
(61, 11, 114),
(62, 11, 115),
(63, 11, 116),
(64, 11, 117),
(65, 11, 118),
(66, 11, 119),
(67, 11, 120),
(68, 11, 121),
(69, 11, 122),
(70, 11, 125),
(71, 11, 126),
(72, 11, 127),
(73, 11, 128),
(74, 11, 129),
(75, 11, 130),
(76, 11, 131),
(77, 11, 132),
(78, 11, 133),
(79, 11, 134),
(80, 11, 135),
(81, 11, 137),
(82, 11, 138),
(83, 11, 139),
(84, 11, 140),
(85, 11, 141),
(86, 11, 142),
(87, 11, 143),
(88, 11, 161),
(89, 11, 162),
(90, 11, 163),
(91, 11, 164),
(92, 11, 165),
(93, 11, 166),
(94, 11, 167),
(95, 11, 168),
(96, 11, 169),
(97, 11, 170),
(98, 11, 171),
(99, 11, 172),
(100, 11, 173),
(101, 11, 174),
(102, 11, 175),
(103, 11, 177),
(104, 11, 178),
(105, 11, 179),
(106, 11, 180),
(107, 11, 181),
(108, 11, 182),
(109, 11, 183),
(110, 11, 184),
(111, 11, 185),
(112, 11, 186),
(113, 11, 187),
(114, 11, 188),
(115, 11, 189),
(116, 11, 190),
(117, 11, 191),
(118, 11, 192),
(119, 11, 193),
(120, 11, 194),
(121, 11, 195),
(122, 11, 196),
(123, 11, 197),
(124, 11, 198),
(125, 11, 199),
(126, 11, 200),
(127, 11, 201),
(128, 11, 202),
(129, 11, 203),
(130, 11, 204),
(131, 11, 205),
(132, 11, 206),
(133, 11, 213),
(134, 11, 216),
(135, 11, 217),
(136, 11, 218),
(137, 11, 219),
(138, 11, 220),
(139, 11, 221),
(140, 11, 222),
(141, 11, 223),
(142, 11, 224),
(143, 11, 225),
(144, 11, 226),
(145, 11, 227),
(146, 11, 228),
(147, 11, 229),
(148, 11, 230),
(149, 11, 231),
(150, 11, 232),
(151, 11, 233),
(152, 11, 234),
(153, 11, 235),
(154, 11, 236),
(155, 11, 237),
(156, 11, 238),
(157, 11, 239),
(158, 11, 240),
(159, 11, 241),
(160, 11, 242),
(161, 11, 243),
(162, 11, 244),
(163, 11, 249),
(164, 11, 251),
(165, 11, 252),
(166, 11, 253),
(167, 11, 254),
(168, 11, 255),
(169, 11, 256),
(170, 11, 257),
(171, 11, 258),
(172, 11, 259),
(173, 11, 260),
(174, 11, 261),
(175, 11, 262),
(176, 11, 263),
(177, 11, 264),
(178, 11, 265),
(179, 11, 266),
(180, 11, 267),
(181, 11, 268),
(182, 11, 269),
(183, 11, 270),
(184, 11, 271),
(185, 11, 272),
(186, 11, 273),
(187, 11, 274),
(188, 11, 275),
(189, 11, 276),
(190, 11, 277),
(191, 11, 278),
(192, 11, 279),
(193, 11, 280),
(194, 11, 281),
(195, 11, 282),
(196, 11, 283),
(197, 11, 284),
(198, 11, 286),
(199, 11, 287),
(200, 11, 288),
(201, 11, 289),
(202, 11, 290),
(203, 13, 50),
(204, 14, 65),
(205, 15, 86),
(206, 15, 88),
(207, 15, 89),
(391, 24, 303),
(390, 23, 69),
(389, 22, 87),
(388, 22, 86),
(387, 22, 85),
(386, 21, 77),
(385, 21, 78),
(384, 21, 81),
(382, 19, 70),
(381, 18, 68),
(380, 18, 67),
(379, 18, 66),
(378, 17, 54),
(377, 16, 52),
(376, 16, 51),
(375, 16, 0);

-- --------------------------------------------------------

--
-- 表的结构 `developers`
--

CREATE TABLE IF NOT EXISTS `developers` (
  `id` int(10) unsigned NOT NULL AUTO_INCREMENT COMMENT 'user id',
  `username` varchar(120) NOT NULL COMMENT '账号',
  `email` varchar(120) NOT NULL COMMENT 'email',
  `name` varchar(60) NOT NULL DEFAULT '' COMMENT '开发者姓名',
  `pwd` varchar(32) NOT NULL DEFAULT '' COMMENT 'password',
  `salt` varchar(6) NOT NULL DEFAULT '' COMMENT 'salt',
  `code` varchar(32) NOT NULL COMMENT '注册码',
  `create_time` int(11) NOT NULL COMMENT '注册时间',
  `roleId` int(11) NOT NULL COMMENT '角色',
  `type` tinyint(1) NOT NULL DEFAULT '0' COMMENT '0 管理员 1分区管理员 3无效',
  `company_id` tinyint(5) NOT NULL COMMENT '公司',
  PRIMARY KEY (`id`)
) ENGINE=InnoDB  DEFAULT CHARSET=utf8 COMMENT='用户表' AUTO_INCREMENT=16 ;

--
-- 转存表中的数据 `developers`
--

INSERT INTO `developers` (`id`, `username`, `email`, `name`, `pwd`, `salt`, `code`, `create_time`, `roleId`, `type`, `company_id`) VALUES
(1, 'Admin', 'wuchuanchang@163.com', '超级管理员', 'c8f6c95fb6644998fd43e2bf8f3c1f41', 'wch1', '', 1448694690, 18, 0, 1),
(5, '', 'jason@bingtuanwang.com', 'jason', '66dd3524e02ed5ec8c5be6ebc382e6d5', '56cdb9', '', 1458787983, 18, 0, 1),
(6, '', 'maxd@suxin8.com', '周林', 'a1d1928390b88c8399f847452cc6c315', '407b02', '', 1458788533, 18, 0, 1),
(9, '', 'wangyan@bingtuanwang.com', '王晏', 'b822daf360d2164a1aee63c8f1ba21d0', '0fd54f', '', 1458812404, 18, 0, 65),
(10, '', 'zhangdi@bingtuanwang.com', '张迪', '8313d9625e3d2a26481de753530ec024', 'ff5e46', '', 1458813959, 18, 0, 65),
(11, '', 'wangbo@bingtuanwang.com', '王博', 'ae3fa134364ce31191510a4bbcca1832', 'fdc93b', '', 1458813985, 18, 0, 65),
(12, '', 'xszhangdongyan@bingtuanwang.com', '张东岩', '621458aab2e55f10ac39da19ddcb1ac7', '8db68e', '', 1458814025, 18, 0, 65),
(14, '', 'dev@bingtuanwang.com', '速信测试', '4d6b70bc0e747f87bcaef197dfc970f3', '5c1dd5', '', 1459914202, 18, 0, 1),
(15, '', '18811367132', '猴子管理员', 'f451ccb4a74a5a5575796e40a1f88291', '4fb6a2', '', 1460538804, 18, 0, 65);

-- --------------------------------------------------------

--
-- 表的结构 `goods`
--

CREATE TABLE IF NOT EXISTS `goods` (
  `id` int(10) unsigned NOT NULL AUTO_INCREMENT COMMENT '商品表ID',
  `goods_name` varchar(120) NOT NULL COMMENT '商品名称',
  `goods_weight` varchar(16) NOT NULL COMMENT '商品的重量',
  `goods_desc` text NOT NULL COMMENT '商品的详细描述',
  `goods_desc_img` text NOT NULL COMMENT '描述图片多图以逗号分隔',
  `goods_thumb` varchar(255) NOT NULL COMMENT '商品缩略图',
  `goods_img` varchar(255) NOT NULL COMMENT '商品图片',
  `original_img` text NOT NULL COMMENT '商品头图（多张以逗号分隔）',
  `goods_type` tinyint(3) NOT NULL COMMENT '商品类型（ID）',
  `brand_id` int(8) NOT NULL COMMENT '品牌ID',
  `is_delete` tinyint(1) NOT NULL DEFAULT '0' COMMENT '商品是否已删除（0否 1是）',
  `is_show` tinyint(1) NOT NULL DEFAULT '0' COMMENT '上下架 0下架 1上架',
  `packaging` varchar(48) NOT NULL COMMENT '包装',
  `origin` varchar(48) NOT NULL COMMENT '产地',
  `province` varchar(48) NOT NULL COMMENT '省份',
  `unit` varchar(30) NOT NULL COMMENT '商品单位',
  `cid` int(7) NOT NULL COMMENT '公司ID',
  `amount` int(11) NOT NULL COMMENT '库存量',
  `all_price` double(10,2) NOT NULL COMMENT '销售价格',
  `city_price` double(10,2) NOT NULL COMMENT '市场参考价',
  `sort` int(10) NOT NULL COMMENT '排序',
  `create_time` int(11) NOT NULL COMMENT '创建时间',
  `standard` varchar(32) DEFAULT NULL COMMENT '规格',
  `production_time` int(10) DEFAULT NULL COMMENT '生产时间',
  `storage` varchar(32) DEFAULT NULL COMMENT '贮存条件',
  `shelf_life` int(10) DEFAULT NULL COMMENT '保质期',
  PRIMARY KEY (`id`)
) ENGINE=InnoDB  DEFAULT CHARSET=utf8 COMMENT='商品表' AUTO_INCREMENT=310 ;

--
-- 转存表中的数据 `goods`
--

INSERT INTO `goods` (`id`, `goods_name`, `goods_weight`, `goods_desc`, `goods_desc_img`, `goods_thumb`, `goods_img`, `original_img`, `goods_type`, `brand_id`, `is_delete`, `is_show`, `packaging`, `origin`, `province`, `unit`, `cid`, `amount`, `all_price`, `city_price`, `sort`, `create_time`, `standard`, `production_time`, `storage`, `shelf_life`) VALUES
(2, '可口可乐', '500', '挺好吃的', '390da324041c01718a6c298f33cfb31c,c484e1c7b978dddca4aa67e19b541d75', 'bdd1f5d012c32a55348a7fabd00d69b7', '0ae9d22b286fca41cf6c6cc847412cef', '9c41a97ef1931563a7cac2e79f933f10,3ffb0f518561932af06370d20d3b5173,86dc6a088a66dc4707d6876aa7c98fd0', 2, 1, 1, 1, '纸箱子', '北京', '北京', '箱', 1, 9, 5.00, 10.00, 0, 1458812336, NULL, NULL, NULL, NULL),
(12, '蒙牛蒂兰圣雪酸奶冰淇淋70g杯装', '1', '11', 'bc75136252195f62c8eb4dcefb0d5ac7,6227cf6ee37d6482e46f76e04af9dad7', '26a657262c0cd9e7678dfd4afa19d7b8', 'f4b995503e9538aca69f0403a3a7b0c7', '4f622112e66c14508aecfe985cd4956b,c4e37572354bd0911a4a7beacc06dd8f', 1, 3, 1, 1, '1', '11', '11', '1', 1, 9867, 8.00, 10.00, 0, 1459498511, '11', 1459440000, '1', 1459440000),
(13, '1', '1', '', '9609dfd299f223f9b479a4b5d882401c', '2b637a39b341761159df2ccfdd1ef82a', 'fc25444a6dbc6d754640efa1aaba8181', '0f96b9b421f5762fab2ca0b27c16bc65', 1, 3, 1, 0, '', '', '', '1', 1, 1, 8.00, 10.00, 0, 1459758308, '1', -28800, '', -28800),
(14, '蒙牛蒂兰圣雪酸奶冰淇淋70g杯装', '70', '品名：蒙牛蒂兰圣雪酸奶冰淇淋\r\n冷冻时是冰淇淋，融合后是风味酸奶。\r\n规格：70g/杯  12杯/箱\r\n保质期：12个月\r\n产地：内蒙古呼和浩特\r\n贮存温度：-22℃或以下温度\r\n生产日期：见外包装', 'bc95155395b0a07765e9aec48d9f8cce,9171a80cfdaaf826bda7099a6c20c96a,b4fe6520a237b76a72da0bd42450bfcf', '76b55ebf3a7cfb656efe4abe747555bd', '68e0a1a49be2be36cffb9e6b47fa8af3', '4dcf1768af60e1dfb9c16db490e71dde,cb9b69766f14e09bd3ca98308f0b57d3,68295187ec79ccfb4148e75051403b0f', 1, 3, 1, 1, '箱装', '呼和浩特', '内蒙古', '箱', 65, 8, 53.00, 53.00, 0, 1459501285, '1×70g×12杯', -28800, '', -28800),
(15, '蒂兰圣雪冰淇淋香草口味75g×12杯', '75', '', '67cc25d8ed6d4a59cbff5c08ec069a26,0fa1d30477601a48e329fae3c77ddf55,7cc6a2a256d1beb8870800e64d870a4f', 'a81f60aaa97ba6791de477ad29167bb5', 'c88c75f28d76d07e71b9fc23dd993964', '2e67ba29017a2be766c1b7d46a08d82d,ce2e1f95ef46bb61d61a930512907c8f,e55704ed601cedc4fe11a0c7a5f008a7', 1, 3, 1, 1, '箱装', '呼和浩特', '内蒙古', '箱', 65, 8, 53.00, 53.00, 0, 1459501044, '1×75g×12杯', 0, '', 0),
(16, '蒂兰圣雪香草巧克力口味60g×20盒', '60', '', '', '9f41a4c907dbc5a06d84567c78029fbe', '3ea5e43d5a072a09233cb46fb1e58ca3', '00ac593906d27a66e8990d3b65968146,e648a4f472094e67ed33f1524712818b', 1, 3, 1, 0, '箱装', '呼和浩特', '内蒙古', '箱', 65, 10, 60.00, 60.00, 0, 1459501897, '1×60g×20盒', 0, '', 0),
(17, '冰+棒冰黄桃酸奶口味70g×40支', '1', '1', '', '6dc6416e966d3f30e0235f588f3adc34', '6d487eef3f8e03b497196d22a7072e30', '', 1, 4, 1, 0, '箱装', '呼和浩特', '内蒙古', '箱', 65, 50, 30.00, 30.00, 0, 1459756379, '40支', 1459440000, '冷藏', 1493481600),
(18, '（大八）草莓550g×6杯', '1', '1', '9ca7c81c0c9f7de2f17fca7ff7e40c9b,efedcb7e3952a6730d2644b0d1dd430c,513cd0d286d52b5f9898634aaf3e100f', 'c53085a01f1b354c3b9816f05cde3096', '0d2b53602a59d3028042f7333135fd46', '3b41a1e89ae8be466a8f362000c3aa3a', 1, 7, 1, 1, '箱装', '北京', '北京', '箱', 65, 48, 160.80, 160.80, 0, 1459756862, '6杯', 1459440000, '冷藏', 1493481600),
(19, '（大八）绿茶550g×6杯', '1', '1', '', '801902ba6df2393c6c2848a84740b0a0', '3890a13306ee5e154075e806cd7b8348', '62138dbc66ea02d5146edc74291044b1', 1, 7, 1, 1, '箱装', '北京', '北京', '箱', 65, 48, 160.80, 160.80, 0, 1459756998, '6杯', 1459440000, '冷藏', 1493481600),
(20, '（小八）香草90g×24杯', '1', '1', '', '671f233b124bf8ef5c084ec32969045f', '1f64f1da667cf08962fcb7e29ceb4753', '793583e7be1ad02fad46c747d63abf64', 1, 7, 1, 1, '箱装', '北京', '北京', '箱', 65, 50, 144.00, 144.00, 0, 1459757790, '24杯', 1459440000, '冷藏', 1493481600),
(21, '（小八）绿茶90g×24杯', '1', '1', '', '925bda64312504d3bdfde45744ffaebf', '3ece0ef0482bdb71dbb0c5309c23a871', '8f40d55af56211da9e52dc4be40ef8df', 1, 7, 1, 1, '箱装', '北京', '北京', '箱', 65, 48, 144.00, 144.00, 0, 1459757425, '24杯', 1459440000, '冷藏', 1493481600),
(22, '测试（小八）草莓90g×24杯', '1', '1', '', 'ac23f74f59d0d39c6379447b68c93b80', '316adc059e459ceecd4c01a80ff41406', '166d6012613846c8daca38a5d153dae8', 1, 7, 1, 1, '箱装', '北京', '北京', '箱', 65, 50, 0.01, 144.00, 0, 1460168273, '24杯', 1459440000, '冷藏', 1493481600),
(23, '小八）香草90g×24杯', '1', '1', '', '2f5da5e4ae8a1d53bb30df713829c48a', '77a0caf3491447a930f0587201ac0e0f', '67db696b944317452401fd442cdb0e4c', 1, 7, 1, 1, '箱装', '北京', '北京', '箱', 65, 46, 144.00, 144.00, 0, 1459757897, '24杯', 1459440000, '冷藏', 1493481600),
(24, '蒂兰圣雪牛奶棒65g×7支×6包', '1', '1', '8c3c123878323d41fcd7f6c9fea9f6eb,3b7919be43589cb1e7e87e59934f1179,02867d5c12ea987f8d5013851b946f0a', '519ca678caa4054ffc26f6cfd690f4bc', '5e86a5fc43217a8969d7703cfa64e75d', '6b03f017c7c7dc17b75ba9116ad7de11,2b9ef17e830ee3db91c92c7ae705eed8,02418ce2133e2e043bd06e588d963461', 1, 3, 1, 1, '箱装', '呼和浩特', '内蒙古', '箱', 65, 46, 105.00, 105.00, 0, 1459758265, '6包', 1459440000, '冷藏', 1493481600),
(25, '蒂兰圣雪香草巧克力口味60g×20盒', '1', '1', '87ec8e2dad31fbbf1c35baa8b7b8cb6e,edb7bd67f333b5fa159e6ab7b7c70283,21f67c77997758cdc85268231ceea5c2', 'fdbebf0b68b58250fd949edf4927a6a0', '9880292135c59a5f402731b08615ca8f', '5bbc5ea6758860ba3b38c0fb664a32a0,469e71230768f3ae6b142253a3dce644,19ff6c3b91b11556eb46d6b4f6e3c48c', 1, 3, 1, 1, '箱装', '呼和浩特', '内蒙古', '箱', 65, 48, 60.00, 60.00, 0, 1459758486, '20盒', 1459440000, '冷藏', 1493481600),
(26, '可爱多甜筒非常巧克力口味冰淇淋67g×24支', '1', '1', '57e178e576f100f14df8192259ac2338,b11389d0899c4718fc1f497c495ce394,ceb9213bd00c9e6a1b7cdf45a1d0f0a0', 'a51290dba9af3919e858b8c2bc18f5ac', '8959bf28018ccadc998f95c7f7511cd6', '1b2f2951daa44a75e7c412cb21b4b78e,6567597b4496c30ae6b2d489f7d81194,3b7b94a1b0bb27f3773fefd0e6da9e68', 1, 5, 1, 1, '箱装', '北京', '北京', '箱', 65, 48, 72.00, 72.00, 0, 1459758621, '24支', 1459440000, '冷藏', 1493481600),
(27, '蒙牛三色杯雪糕110g×27杯', '1', '1', '43e8c56d7d332f119a412a4d9b936a9d,d6746601c96e344776153602fcdd2d27,a6e1e9521673fa8996ac15792bd8df10', 'd0a388468ddd9e75269e9ad7fa549d8a', 'b12a74ec3bbea846c94fce2d15f27171', 'cf5c3da73718ff168a3c7e1e533fba22,f17eea319bbe34b038ad8af5fbf237c6,7860fd5b9ab9af050df1f9ab222b90a1', 1, 3, 1, 1, '箱装', '呼和浩特', '内蒙古', '箱', 65, 48, 58.00, 58.00, 0, 1459758751, '27杯', 1459440000, '冷藏', 1493481600),
(28, '蒙牛随变爆料雪糕麦片曲奇口味60g×25支', '1', '1', '4be4fb2fae9b945165994ff7708a7187,7c0e232a52e5a9ae44f1fcc92aa8f147,0a74f07819360413839341521a28e87e', 'b460a8ab3cbb897b7a7ffac613d3c6f9', 'e39167cd7aa44a95a2b5f962cc5fa1fa', '830758d86f95364e4a88dbbb263101f1,a0c09fc75a17ece69b103f03189e1ef9,4a5f29c9d1ed14e3f6eeeae4c3bada14', 1, 3, 1, 1, '箱装', '呼和浩特', '内蒙古', '箱', 65, 48, 65.00, 65.00, 0, 1459759107, '25支', 1459440000, '冷藏', 1493481600),
(29, '测试蒙牛香雪杯雪糕170g×12杯', '1', '1', 'ac3692296e28831c5cde5b6bfc1df212,e1176a19e8c8d3f89a1d0710e3b5ee00,f137f8626419f270cbb1ae993f0611fe', 'c918d6b115d177f54b41da8c6356e58a', 'ce97eb48fe3bafe87c71050ad1348744', 'fab5f4163b793a6137b4802a72356362,36e5484009c586f7af83fee1d1ed0e2f,6ac3b80eb4a423bdd02d081d61915070', 1, 3, 1, 1, '箱装', '呼和浩特', '内蒙古', '箱', 65, 46, 0.01, 36.00, 0, 1460168238, '12杯', 1459440000, '冷藏', 1493481600),
(30, '测试梦龙白巧克力坚果口味冰淇淋65g×21支', '1', '1', '6ad2e9a5cd5f9bd9f37d58561568323f,88a7ac0f2a77c178e57788e3bef21881,27fc41278d06d45c7af7fb2a6d3c25c3', '65a69a48f3932297f2bbc76ef809b9c4', '2e01429c346f81642607b4657e4b27cc', 'c08073fe782f7ed1266fb4406eb0d0c4', 1, 5, 1, 1, '箱装', '北京', '北京', '箱', 65, 42, 0.01, 126.00, 0, 1460168256, '21支', 1459440000, '冷藏', 1493481600),
(31, '梦龙布朗尼巧克力口味冰淇淋65g×21支', '1', '1', 'ebe6e66ea482505f44b0cc8d15a99ab3,f4538a3818237c5235f26e9210bbc77b,03363831c1ad7253c84cb95df5564708', '353e2a366d167b86a2c0aa520853ea62', 'a187420e16e5bc1efa3d078af783ed0c', 'fe0f29fe62c1edb82eecd91fd4fce374', 1, 5, 1, 1, '箱装', '北京', '北京', '箱', 65, 40, 0.01, 126.00, 0, 1459997161, '22支', 1459440000, '冷藏', 1493481600),
(32, '测试梦龙卡布基诺口味冰淇淋64g×21支', '1', '1', '040434de47611d2a91aaa2eb773481ed,3e361592c4378f899703bad9731a018c,8223bdcd7754fe637293aa2d22fb45d3', '66bd89ab4e89842c60960070e0d09eaa', '5471ac2a7af22d96beb01138f7ee2285', '1e6feb458a5679d9fb6d629d9cb9ab86,e74acb72940387a519db7fa5347e5c2f,fe4870e4780abf4216d09c68cab4dd14,9c0fadb19c92084d78878d467e0fe736,301d08e3555aa9d4545ab4df3534fa66', 1, 5, 1, 1, '箱装', '北京', '北京', '箱', 65, 39, 0.01, 126.00, 0, 1460168224, '21支', 1459440000, '冷藏', 1493481600),
(33, '1', '1', '', 'b43438f0fd37e3c9c3d40f8ec10af34c', '0d7aa6542594b801eeeba9328cce6c71', 'c3a0dc314b964b0133fa3278fd6f16c4', 'a6682dd4ade18c54022d23dc4d794602', 1, 3, 1, 0, '', '', '', '1', 65, 1, 1.00, 10.00, 0, 1459837285, '1', 0, '', 0),
(34, '实打实大师的速度速度速度', '0.5', '的说法是否', '6a37715d2f93ffd74b8361ba4bd448c1,d8f58820737ca12cd7059159d634928d,890677fe7333db37d70919cde99d20b5,36b36c7825566c8b2f94f32d106fbaed,5484d5e60ad561c06c65cbea8e6c171e', 'b43ed05b4de5154d0acb7284f60f7326', '2e49ac4ae54398760b1f047309295eb5', 'c19d45e62e772f41f7bd7c102130d797,033213ec3e1a453537bd3835dd2d7fda,113af4cefe7eeef69fbdc88b316ccc50,b7faea0ffb29a16ee718ca37781f1c32', 1, 4, 1, 0, '说的是', '说的', '倒数第', '东方闪电', 1, -1, 11.00, 10.00, 0, 1459927564, '但是', 1459785600, '冷藏', 1461945600),
(35, '湾仔720克荠菜猪肉水饺（36只装）', '0', '', '', '40760eb1b59bb5419d70556a0b91d553', 'e0f19397004c41fe59ccb55c97e921ef', '7be4029dab4c30fdaaa518d301452061,7971d34d25ed2d857a55025d4f3dc6ce,c5fed2b4a9b9f30fd36be4ca18ccd277', 3, 9, 0, 1, '袋装', '浦东新区', '上海市', '袋', 65, 15, 19.00, 19.00, 0, 1460189850, '1×720g', -28800, '', -28800),
(36, '壹清原味雪糕（北京定制）80g×40支', '0', '', '', '27f07ee87ed9bf845d2b877cae2488d2', 'd176f0d566ac4a3c2c55296d164205d0', 'f7ab6b7ca464039190728bf4bb0058cf,6ad831ba4a67c2fa8b2790101865eacf,8a1284adac97d0cc16a66cc43b2e0954', 1, 11, 0, 1, '箱装', '呼和浩特', '内蒙古', '箱', 65, 20, 84.00, 84.00, 0, 1460189822, '1×80g×40支', -28800, '', -28800),
(37, '迪拜皇家香奶杯香草口味冰淇淋（清真定制）100g×12杯', '0', '', '', '0ff59593c10f00025d928ef1d0bfb6b1', '87482b9e4c83eb352277c6f82e1663ec', '89dc6852393c544e8cd2cfdc2aa169cc,c712010e6c1a44a40851be319915177f,1acad45899a2a33c8ab072ac29461814', 1, 11, 0, 1, '箱装', '呼和浩特', '内蒙古', '箱', 65, 50, 84.00, 84.00, 0, 1460196462, '1×100g×12杯', -28800, '', -28800),
(38, '壹清清真雪酪牛奶冰淇淋80g×30盒', '0', '／', '', '671cd0cc7f919670abd415b6febbab35', '72b9ccdfb763ff8319b7782285acbd84', '16083307f06c9280bf885fc77dec0ac3,1aa5a6954e310f1e643d2cc69a5488e8,c6aa55f06b3d84ddf689b8087d550bee', 1, 11, 1, 1, '箱装', '呼和浩特', '内蒙古', '箱', 65, 50, 105.00, 105.00, 0, 1459931181, '1×80g×30盒', 0, '', 0),
(39, '湾仔720克韭菜猪肉水饺（36只装）', '0', '', '', 'ca2d1f4dba55271440448d528faa5e11', 'c45429aa407b4c5292ca54000f1e4e78', 'cd0fde766f877a745948aa8cb24ac385,9c96a278a8b3e83607791d4008fcd9fa,f454a828410f283bdfdbdda2330246db', 3, 9, 0, 1, '袋装', '浦东新区', '上海市', '袋', 65, 14, 19.00, 19.00, 0, 1460189868, '1×720g', -28800, '', -28800),
(40, '湾仔720克菌菇三鲜水饺（36只装）', '0', '', '', 'c36732063c0c4031c2da0e8be74469e6', 'd2c59f2935778eb0b7a86d3ec01003ff', '413a458f0295a6128d0dd068b1ec8d25,84a83cc8c2ae6c2ff259003dab1decf7,902c38a6abfe24367c7e2917f22beaf5', 3, 9, 0, 1, '袋装', '浦东新区', '上海市', '袋', 65, 16, 19.00, 19.00, 0, 1460189909, '1×720g', -28800, '', -28800),
(41, '湾仔720克三鲜水饺（36只装）', '0', '', '', 'b1980ee318e6699f0696d276cb71be84', '252942b34c3fe7f158dcf783f91d2204', '567215b371202219847acb071e5c5043,b66de63bf64e953aa4af8944dac64c22,bbbbd182b58ad148e70c766791392085', 3, 9, 0, 1, '袋装', '浦东新区', '上海市', '袋', 65, 16, 19.00, 19.00, 0, 1460189928, '1×720g', -28800, '', -28800),
(42, '湾仔720克芹菜猪肉水饺（36只装）', '0', '', '', 'd5d7cb0da6147d5559e9a30ff67d009a', '6275ab75447ed6985f00f4510fd122b4', 'f650406a983155a62870cffe764f3864,34b265a9ee489e68636c6c370efa6a65,429516eaac29edc2ccbdbb931fec1292', 3, 9, 0, 1, '袋装', '浦东新区', '上海市', '袋', 65, 16, 19.00, 19.00, 0, 1460189943, '1×720g', -28800, '', -28800),
(43, '三全汤圆（精装花生）400g×24袋', '0', '', '', 'c392dae3745d1262589559ad43f3b6f2', '4b5608c2ecf625f619e33d02456b5373', 'd48f314c00a8b49079fb0f2dabef5390,5f0684003484526e6a45ae3063c47c77,8272cdf6edee98d7d3546b747957fd86', 3, 8, 0, 1, '袋装', '郑州', '河南', '袋', 65, 48, 6.00, 6.00, 0, 1460190003, '1×400g', -28800, '', -28800),
(44, '三全汤圆（精装黑芝麻）400g×24袋', '0', '', '', 'cdc717bf4a6bc403fdbd301d89715c5c', '32dc599152b77724beafa808f2fbda3c', 'a801b6e43232576be8e865cf47130a05,5a954de4f21d4157592e9f875abb2efc,da9d803d52a21e30a0db7b32bf95a235', 3, 8, 0, 1, '袋装', '郑州', '河南', '袋', 65, 48, 6.00, 6.00, 0, 1460190018, '1×400g', -28800, '', -28800),
(45, '三全韭菜鸡蛋水饺450g×20袋', '0', '', '', 'da0d3a750620e062eed220b4177cfa71', 'a067727b69eee2d2a1fe5ab65e529ea6', '6a44e55acd15bc7ccea31a5fbc91089e,be4634b757510b9161399ad5609879b8,efba45e97f5cf252c2994d629445d50b', 3, 8, 0, 1, '袋装', '郑州', '河南', '袋', 65, 100, 5.00, 5.00, 0, 1460190035, '1×450g', -28800, '', -28800),
(46, '壹清清真雪酪牛奶冰淇淋80g×30盒', '0', '', '', '6ffc479a0c93a517f7add47819041c85', 'bf11b13238a7f42a65627e4bdd62ce0d', '5092f2edbd8c255f5311051ce73fb9fa,d390b34ad4e09d902c97adee0e6fb40e,2f0b610d28036caaa8b34df706e4bb61', 1, 11, 0, 1, '箱装', '呼和浩特', '内蒙古', '箱', 65, 50, 105.00, 105.00, 0, 1460196443, '1×80g×30盒', -28800, '', -28800),
(47, '壹清清真雪酪哈密瓜冰淇淋80g×30盒', '0', '', '', '1fb927e0ea4bd1f0cb0a03e6b36cd29a', '0ae305239049cd632dbf4e293b6de456', 'af98dd402b1493355e0068be8e6a16ff,030b0ec4e190c46604a2fd16c4ebd155,a77a3ecf09e67808d75c7198ba4b61a2', 1, 11, 0, 1, '箱装', '呼和浩特', '内蒙古', '箱', 65, 19, 105.00, 105.00, 0, 1460196424, '1×80g×30盒', -28800, '', -28800),
(48, '壹清清真雪酪奶酪冰淇淋80g×30盒', '0', '', '', '1c5014b6c0868977fc0d45ac293f3192', 'e6bcb219883b7fa74bc8545264527471', 'f965088ee81dbe14024174b1c36e40b3,aa2b26001053f4d960dc54a0a095070a,b4d11af777367e4da86c1f2807716b66', 1, 11, 0, 1, '箱装', '呼和浩特', '内蒙古', '箱', 65, 50, 105.00, 105.00, 0, 1460196374, '1×80g×30盒', -28800, '', -28800),
(49, '雪域红茶口味冰淇淋（新品）65g×16杯', '0', '', '', 'd688988870713f78968168cdf93c4a45', '092a4caaf1d1b609709ac3106af8cc0a', '9977862644731ed9b9939c7455fe887d,a901b22e171ac454a093a523b0fb7dc5,1560631766884da94976f60cc30703bb', 1, 12, 0, 1, '箱装', '甘孜州', '四川省', '箱', 65, 20, 170.00, 170.00, 0, 1460196097, '1×65g×16杯', -28800, '', -28800),
(50, '雪域酸奶口味冰淇淋80g×20盒', '', ' ', '', '94da11e6513438d4a2eed902c38bf1f1', '39adbebdd2d8209b544778c14865b494', 'f4929d5338a38a34e36fec1a7bfe75f6,55e4aaa96dfb8a6391be3c52fd67a282,d3f4c6e19d7ded80fcfc3a245342d68d', 1, 12, 0, 1, '箱装', '甘孜州', '四川省', '箱', 65, 13, 175.00, 175.00, 0, 1460452794, '1×80g×20盒', -28800, '', -28800),
(51, '雪域香草口味冰淇淋80g×20盒', '', ' ', '', '85ddb9ce3a28237925b03edda6d1c5e5', 'c85e6f1cb37103c0c4a8d2ee187f438a', '631f9da102b1950385042f64bef4ff62,a81222c39dae100eef3c755fec24676e,e1aa0976cb86a12c69321ea8fb0b7070', 1, 12, 0, 1, '箱装', '甘孜州', '四川省', '箱', 65, 20, 175.00, 175.00, 0, 1460452743, '1×80g×20盒', -28800, '', -28800),
(52, '康定情歌塔希提香草杯90g×16杯', '0', '', '', '7efc86afacddec7d65e56ef6fb852f04', '38f88a30e5e9420f4d1df6a4d57a1271', 'e7519579827ab1f3ea5a6570210ce040,b836f6ad730cc735c9a38858e264a872,6e2b64f808669b70e3ac6d2c947396d1', 1, 12, 0, 1, '箱装', '甘孜州', '四川省', '箱', 65, 16, 90.00, 90.00, 0, 1460196300, '1×90g×16杯', -28800, '', -28800),
(53, '莫红玫瑰口味冰淇淋90g×16杯', '0', '', '', 'e72561f1c1fc19021592c54db45c0e73', 'd99f02d0e2759da3cd544fbd01af13f9', 'e8a4619fcfb2ee95a57b93b2a4075bb3,0161456bdf4c21690e0b2b9813278207,464475425c5799730de28ca5ebd0d117', 1, 12, 0, 1, '箱装', '甘孜州', '四川省', '箱', 65, 20, 90.00, 90.00, 0, 1460196277, '1×90g×16杯', -28800, '', -28800),
(54, '奶油山核桃口味冰淇淋90g×16杯', '0', '', '', '9e745cf23b009cfbf9ae65ec6a3aa15c', '37764b72d9ccc819ced18cd87baf35a0', '9fb550992c37e996cc5e3f35ed296dda,34576b28d385308241287536f147c0b4,fc6ba03878062507aee01bc62b3e0cd3', 1, 12, 0, 1, '箱装', '甘孜州', '四川省', '箱', 65, 19, 90.00, 90.00, 0, 1460196251, '1×90g×16杯', -28800, '', -28800),
(55, '格桑梅朵冰淇淋（酥油奶茶）90g×40支', '0', '', '', 'b6f4066e60c49f50731aab5169ed4afb', '3080a0780e5fc5f7b1275be74d3c85df', '71ed1577284743bbcb015f14808e2b66,0bb6f58d4f4235ffac6feccf1250bc46,733894abd05bd05908d6a0c7cd546884', 1, 12, 0, 1, '箱装', '甘孜州', '四川省', '箱', 65, 47, 84.00, 84.00, 0, 1460196213, '1×90g×40支', -28800, '', -28800),
(56, '格桑梅朵冰淇淋（青稞麦香）90g×40支', '0', '', '', '74c74f64cdfbc3f248c4435751528a0e', '576e905e5a2533e8fd85872fb1a3be4c', '3d426dd55d51710095154cebf0bae5d3,ca19b2a0cc8b96ef52c862b808ea4f80,918b93814bf7d20b6c9135cf8402be5a', 1, 12, 0, 1, '箱装', '甘孜州', '四川省', '箱', 65, 50, 84.00, 84.00, 0, 1460196191, '1×90g×40支', -28800, '', -28800),
(57, '格桑梅朵冰淇淋（原味）90g×40支', '0', '', '', 'a220cfa4fbcb0f13dd56c6c6e0d754c1', 'aa8f18beb002940de3673a9a88bc4ba4', 'ef9777eee24e73e02e56e9cdbd662257,5409fd707e9425925b4641686bb305b4,3c954621a5730a155159b42642e20a61', 1, 12, 0, 1, '箱装', '甘孜州', '四川省', '箱', 65, 20, 84.00, 84.00, 0, 1460196175, '1×90g×40支', -28800, '', -28800),
(58, '梦龙布朗尼巧克力口味冰淇淋65g×21支', '0', '', '', '40cf968e8353ec68857e4a897f0e55a0', '4d393dbe74ae94edf67f0271b7f888e4', 'ca519917b80b2940bb802421bd55f77d,5bee76f21527d28048b658ab0e86bc7f,c421a5c92a6f4bbd2494cf9f64199d65', 1, 5, 0, 1, '箱装', '北京', '北京', '箱', 65, 20, 126.00, 126.00, 0, 1460205588, '1×65g×21支', -28800, '', -28800),
(59, '梦龙白巧克力坚果口味冰淇淋65g×21支', '0', '', '', '930a0db65d5ce6dc6d977a197b7ec97a', '2a66c44169a6db4af58224a683234f2b', 'd38381d9e502deea76a4b218ce7d9fec,b4d77ee3b62e693c2fa0c1ae909f235b,d61765c8424c129810b7a5f14de4136d', 1, 5, 0, 1, '箱装', '北京', '北京', '箱', 65, 20, 126.00, 126.00, 0, 1460196922, '1×65g×21支', -28800, '', -28800),
(60, '梦龙松露巧克力口味冰淇淋65g×21支', '0', '', '', '023fe18ec216624b138049f57749bb47', '7d969bcf85b91fb21781fbcb6e0af570', '3e9ebf1ffb1a3485711578f37ac7b465,528dd0d971f0ebba4a130c763ae64532,73dd82f978a26d637c09ef2d1494256e', 1, 5, 0, 1, '箱装', '北京', '北京', '箱', 65, 46, 126.00, 126.00, 0, 1460196940, '1×65g×21支', -28800, '', -28800),
(61, '梦龙香草口味冰淇淋64g×21支', '0', '', '', '8251a80e82429fbb2055394c523cb9df', '9a5dcfb07353b7993474c0c505aec9c1', 'a2d12cfad5f82ef3bf8b5c219f4f2c31,b0a567fa9f87e8844d061a05d67bfe72,fe3366b642f06d2143f27f4965742cfd', 1, 5, 0, 1, '箱装', '北京', '北京', '箱', 65, 50, 126.00, 126.00, 0, 1460196960, '1×64g×21支', -28800, '', -28800),
(62, '梦龙卡布基诺口味冰淇淋64g×21支', '0', '', '', '8eb28104d47f61419dbcfc899a79d4e5', '471f61b96388af9333b4528b6d508b5b', '47a870daf89bed9269f3ffce3edde6ec,828ebb2f5faebaa2db77f28ab33f6e65,9a7b3d3ddebed2a6baddcf2ae44bb971', 1, 5, 0, 1, '箱装', '北京', '北京', '箱', 65, 50, 126.00, 126.00, 0, 1460196981, '1×64g×21支', -28800, '', -28800),
(63, '可爱多甜筒非常巧克力口味冰淇淋67g×24支', '0', '', '', '30bb88f8c4da3d01ea53ecebd1e5230c', '941b697fd6f60f191b2cd03637f79ba8', '39067918a7e2e014c1f5f18724365695,5aab75da11461ab55e02ecb03625f972,3ecf899b816c174a87e5aab25ffc05fb', 1, 5, 0, 1, '箱装', '北京', '北京', '箱', 65, 96, 72.00, 72.00, 0, 1460196999, '1×67g×24支', -28800, '', -28800),
(64, '大八喜绿茶550g×6杯', '0', '／', '', 'a9f1101ce55beb4130c6fa3d4a1531c3', 'b5811f9571b29bfb8291a2cfbd785902', '543a94bd6ca724991745a619293eb798,4ef3893be8a8033947f3a762188097ab,6d4b729c4cc63c47cea4cf2609fa1757', 1, 7, 1, 1, '箱装', '北京', '北京', '箱', 65, 10, 160.80, 160.80, 0, 1460292836, '1×550g×6杯', -28800, '', -28800),
(65, '大八喜草莓550g×6杯', '0', '／', '', '7177a057a16cb73a0dffbdc29660a44a', '6ff56c221e1d343113924a6e3d706783', 'ede4492dec61a78d39c0d8beaf93239f,6a0441f94744b5493cfa0166f764157d,9a1f2e845ce21671600637dc2f123608', 1, 7, 0, 1, '箱装', '北京', '北京', '箱', 65, 5, 160.80, 160.80, 0, 1459936785, '1×550g×6杯', 0, '', 0),
(66, '小八喜绿茶90g×24杯', '0', '／', '', '3be4aefa68c20647e6b53897cb079d7d', 'fb8dacfce5efdc22d5782b3c15d592aa', '0b02837beb6a0dde503b9eeb050bbb3d,47063cd3baffd760141ae30794103b46,2fb2e19268813bc1892f81f9d8fad6cf', 1, 7, 0, 1, '箱装', '北京', '北京', '箱', 65, 48, 144.00, 144.00, 0, 1459936889, '1×90g×24杯', 0, '', 0),
(67, '小八喜朗姆90g×24杯', '0', '／', '', 'ee794134e8434bd5c9960ec1aaff3e06', '12356c2b7c64e4038c723723ea705f34', '5aa0790603758da483735eea1c121de5,6d9451cd040e3a94105a6332d36c1c8b,96d92b18c6dd69fac9af76d54d090a3f', 1, 7, 0, 1, '箱装', '北京', '北京', '箱', 65, 48, 144.00, 144.00, 0, 1459937268, '1×90g×24杯', 0, '', 0),
(68, '小八喜草莓90g×24杯', '0', '／', '', '18e65272558c7215712f02c8e5934aa1', '97bed03280280c3340dcd6deadb41ae0', 'c755473e1c4ef99e72d88bf46b9c48d0,49cb411b7a796ad14afdd45ba07c78cc,2a7e2fa6dbdf04692705e3c1ba291ba1', 1, 7, 0, 1, '箱装', '北京', '北京', '箱', 65, 98, 144.00, 144.00, 0, 1459937365, '1×90g×24杯', 0, '', 0),
(69, '小八喜香草90g×24杯', '0', '／', '', '83533a6152c4aa7b2cb291e82c16cf1d', '8e1dcea5ee21c6577b26b4ea8b36f086', '065122cf2c96210fa62d93a2f21d6699,724c474bf8626e14702f7b8f103a3810,d19ea690b4958435269db52d9dd8aff5', 1, 7, 0, 1, '箱装', '北京', '北京', '箱', 65, 96, 144.00, 144.00, 0, 1459937465, '1×90g×24杯', 0, '', 0),
(70, '雀巢家庭装草莓口味雪糕(0.5L)255g×8杯', '0', '', '', 'c5a6cf94385a4db73ad09f13d2f01f21', 'bb417da76496b0f0159a8c77cc12302e', 'ae6d9243be0c5dcd143a80207549a650,810b5eb8d40adab17437c25eab6240ae,b4df432decfce5f350d06e4e29964969', 1, 6, 0, 1, '箱装', '天津', '天津', '箱', 65, 20, 75.52, 75.52, 0, 1460196868, '1×255g×8杯', -28800, '', -28800),
(71, '雀巢家庭装香草口味雪糕(0.5L)255g×8杯', '0', '', '', '4c5058ba9eeb94d30dddaa7818f74cf3', '4b96109ed1d55203983987e6ee5c2dd9', '123e74be6e985b37f8a6efe3f655d315,81df8ff17c66594ed1108af164fbf4f3,836da0f27be5d1f8a57c48c19f9d2469', 1, 6, 0, 1, '箱装', '天津', '天津', '箱', 65, 20, 75.52, 75.52, 0, 1460196550, '1×255g×8杯', -28800, '', -28800),
(72, '雀巢8次方黑巧克力芝麻脆皮香草味雪糕84g×18支', '', '', '', '34f896fc136ace147aa944c7075913b7', 'c56c5551d53f3b132da47fb63a4a282c', '00ea3a7d7a02bcc879866192737088d9,06600448651c871d7971d7439014c6f3,fc5a47bb195b1c4aadc805ae0cfc1329', 3, 6, 0, 1, '箱装', '天津', '天津', '箱', 65, 20, 84.24, 84.24, 0, 1460517500, '1×84g×18支', -28800, '', 0),
(73, '雀巢8次方白巧克力芝麻脆皮香草味雪糕84g×18支', '', '', '6cf473cf2fbc5435f6a5efc1e141a30f,53cc48cc050f35c9d246a9a3210601b5', '6dae81c817d516004204d59b5eea917f', 'bad7eb837b45ee417717d94a929eb47e', 'c474126341246d15e148d9b805d9766e', 1, 6, 0, 1, '箱装', '天津', '天津', '箱', 65, 20, 84.24, 84.24, 0, 1460964148, '1×84g×18支', 1460476800, '', 0),
(74, '雀巢花心筒巧克力味冰淇淋67g×12支', '0', '', '', '3ee9a607f027baa46827ab1afde4a7fd', '41273d826d2787a6b5e156f4922accec', '3d8e6f2331dcd3981ad2357c3146b7d5,5f24d5c119adf1c3ce580e4b48794616,8f5a37c0fce3aeed06af4f7312c90ca2', 1, 6, 0, 1, '箱装', '天津', '天津', '箱', 65, 20, 46.80, 46.80, 0, 1460196622, '1×67g×12支', -28800, '', -28800),
(75, '雀巢牛奶棒草莓味雪糕56g×24支', '0', '', '', 'b6f2d63c3a4b998fb3fccaf2dcb595b6', '0cb6a8f871225039719d6c92b58df3c5', 'c3d77c21239ee813db3fbb8cf3c882b2,be122be827ee3021fe997c6b364185c3,3f3fb59c814bc6b68a4b0e34a02660f9', 1, 6, 0, 1, '箱装', '天津', '天津', '箱', 65, 30, 65.52, 65.52, 0, 1460196670, '1×56g×24支', -28800, '', -28800),
(76, '伊利苦咖啡雪糕70g×30支', '0', '', '', '12975876c471c5d544a7b77c9925905a', '9eec2819b9c3aac501712ad91d9e3a7b', 'dc7e141371f115a54fb4621c58bcb6b2,c700f709239f1e7bd1405f0ac43c9348,83b1e69a00619119ec559d3c0d07686d', 1, 4, 0, 1, '箱装', '呼和浩特', '内蒙古', '箱', 65, 100, 45.00, 45.00, 0, 1460197592, '1×70g×30支', -28800, '', -28800),
(77, '蒙牛香雪杯雪糕170g×12杯', '0', '', '', 'fc3d71ae70cd376f37ed849b5aeff2e9', 'b349140f20b9ff8fb07c672e876d16d9', '504f62072fa36baac4697f40df5531a5,ac096aebed498d96cb64e8a53bfd46fe', 1, 3, 0, 1, '箱装', '呼和浩特', '内蒙古', '箱', 65, 45, 36.00, 36.00, 0, 1460197058, '1×170g×12杯', -28800, '', -28800),
(78, '蒙牛三色杯雪糕110g×27杯', '0', '', '', 'c20ea52bb3305ea7f3286cf347dfe96a', 'd6d2a3cca0fc932058ffeed1ea8c14d6', 'b09b3e46d307149e13e654a476bc2795,5a21cd15d72da0366d43473ee3b27792,f1bc7c953800fff1472a0e996c907620', 1, 3, 0, 1, '箱装', '呼和浩特', '内蒙古', '箱', 65, 44, 58.00, 58.00, 0, 1460197074, '1×110g×27杯', -28800, '', -28800),
(79, '蒙牛随变爆料雪糕麦片曲奇口味60g×25盒', '', ' ', '', 'b178b0912d0816fa0a3087f606512995', 'd431e2f0dcc84c4a84efa41660814029', '2b500f5a0c7ba71e309336b06e230183,823785807ef7daf175f35b28a3fe23a4,8af663d52632782ec25b58c0a0c741ed', 1, 3, 0, 1, '箱装', '呼和浩特', '内蒙古', '箱', 65, 100, 65.00, 65.00, 0, 1460452290, '1×60g×25盒', -28800, '', -28800),
(80, '蒂兰圣雪牛奶棒（哈密瓜）65g×7支×7包', '0', '', '', '41dd26640220f46b3a70cc5bbf6c8cde', '59a2362cefdb01c8fc01bb4f0ebf8f6d', '0127aab92eed1c5ca7579d0ee984554f,f4c52236c9fd5140f3f381ff5cd35024,1cbbaae3ceacd9f35000a4cd1000570c', 1, 3, 0, 1, '箱装', '呼和浩特', '内蒙古', '箱', 65, 100, 105.00, 105.00, 0, 1460197106, '1×65g×7支×6包', -28800, '', -28800),
(81, '蒂兰圣雪牛奶棒65g×7支×6包', '0', '', '', '48dd20feb6ac77d7304dc62aae01ec90', 'a55a67dc0682acb8f5b2d2ebcb79a4c4', '24f367f48647142bfbd32b6183f1b7c9,d4953f4ce21a937b38eb84e5a0a5c976', 1, 3, 0, 1, '箱装', '呼和浩特', '内蒙古', '箱', 65, 95, 105.00, 105.00, 0, 1460197122, '1×65g×7支×6包', -28800, '', -28800),
(82, '蒂兰圣雪香草巧克力口味60g×20盒', '0', '', '', 'b5dfa7b7833c29480c9c849e3c5f58a5', '4df865aca16bfc0d71c3bcc7a27872e4', '4de2374bb631b460daefa75df5ddc360,7ca1c0392c35e06a335067c962ee7a70,c4741378340f1408580f9d31979a25f5', 1, 3, 0, 1, '箱装', '呼和浩特', '内蒙古', '箱', 65, 28, 60.00, 60.00, 0, 1460197137, '1×60g×20盒', -28800, '', -28800),
(83, '蒂兰圣雪酸奶冰淇淋70g×12杯', '0', '', '', 'e2e5161ebb953488c099780ea8540932', '1c8bb201b60ce07cd3141f69e36a6995', '09ff830430e4a042312aeb2fd3233eec,5cbb7725b48e15c35c7dcd43918b909e,16221f97cf885e601eac7377d3df2d29', 1, 3, 0, 1, '箱装', '呼和浩特', '内蒙古', '箱', 65, 100, 53.00, 53.00, 0, 1460197156, '1×70g×12杯', -28800, '', -28800),
(84, '蒂兰圣雪冰淇淋香草口味75g×12杯', '0', '', '', '92983feea70c6dc7e141d8676292a332', 'cbfbd668abbf6485c7f73b01277587e5', '03e598b8cd23cf2e85016d488862fec1,66c1d5ae073cf4e037213c56c5dd042c,29547450a903e8a7d993c5e0d36d0aae', 1, 3, 0, 1, '箱装', '呼和浩特', '内蒙古', '箱', 65, 50, 53.00, 53.00, 0, 1460197172, '1×75g×12杯', -28800, '', -28800),
(85, '冰+棒冰黄桃酸奶口味70g×40支', '0', '', '', 'a7d8a1a984c5b361492eb607101d62df', 'cb3b4edde194ae8c10460fe58eb1a0f5', '1966ee259fe4d16ac7ef9f93ddf70cfc', 1, 3, 0, 1, '箱装', '呼和浩特', '内蒙古', '箱', 65, 49, 30.00, 30.00, 0, 1460197189, '1×70g×40支', -28800, '', -28800),
(86, '冰+棒冰蓝莓酸奶口味70g×40支', '0', '', '', '171caaac2930976b079e9a97affca9ce', '7b0f70d1bbcf97a3369a42e66ab59605', '33f301e2c191be5cf1e9de76bf486aa7', 1, 3, 0, 1, '箱装', '呼和浩特', '内蒙古', '箱', 65, 48, 30.00, 30.00, 0, 1460197204, '1×70g×40支', -28800, '', -28800),
(87, '冰+棒冰山楂口味74g×40支', '0', '', '', 'e8ce99ec4c233704db0afa57f6a53f96', '99b28a02b591ddc6c9976b43c2dec56b', '6f4363573e14ffdfdc75ffd69fec2640', 1, 3, 0, 1, '箱装', '呼和浩特', '内蒙古', '箱', 65, 47, 30.00, 30.00, 0, 1460197223, '1×74g×40支', -28800, '', -28800),
(88, '冰+绚彩冰海盐菠萝口味雪糕75g×30支', '0', '', '', 'da2b5ec39d0fd882205abccba965a22d', '39aba5ec98e003fa7de379fe9508bcd6', '8d5841d33f8437886124139bcc14cde7', 1, 3, 0, 1, '箱装', '呼和浩特', '内蒙古', '箱', 65, 49, 51.00, 51.00, 0, 1460272581, '1×75g×30支', -28800, '', -28800),
(89, '冰+雪泥芒果口味75g×40支', '0', '', '', 'ac32f0240f169e6ad77813667313222d', '1b289ea87d62de4ccca68cab09d4ef67', '233050be06cdcb450f688a79155eb43a', 1, 3, 0, 1, '箱装', '呼和浩特', '内蒙古', '箱', 65, 49, 52.00, 52.00, 0, 1460197253, '1×75g×40支', -28800, '', -28800),
(90, '蒂兰圣雪脆皮雪糕麦片口味70g×40支', '0', '', '', 'cec4adb79e56b0d47738a24940a9d94b', '42c509b20781c842c159f0f8ad023d0d', 'a1edd3657de6ce23fea1b2f26dcedcce', 1, 3, 0, 1, '箱装', '呼和浩特', '内蒙古', '箱', 65, 55, 67.00, 67.00, 0, 1460197268, '1×70g×40支', -28800, '', -28800),
(91, '蒂兰圣雪芒果口味60g×20盒', '0', '', '', '60903ac05d6b59f4f8038c4d8a3e57df', '5df697f1da03234017929e62a9e36317', 'e8547a425a530841c6147acc2efa3f87', 1, 3, 0, 1, '箱装', '呼和浩特', '内蒙古', '箱', 65, 30, 60.00, 60.00, 0, 1460197288, '1×60g×20盒', -28800, '', -28800),
(92, '绿色心情炼乳红豆加绿豆口味雪糕68g×30盒', '', ' ', '', '24033c15b2e34f9eaa8372826d9d8e42', '1ade0ee9c70e96f2b1d7e78db2f78ee2', '2f458787c988019ea70e7e9069a29d66', 1, 3, 0, 1, '箱装', '呼和浩特', '内蒙古', '箱', 65, 30, 51.00, 51.00, 0, 1460451927, '1×68g×30盒', 0, '', 0),
(93, '绿色心情绿莎莎雪糕绿豆口味70g×40支', '0', '', '', '433bc89f31289fbd50ae0414b35381c4', 'b8e4cb8ff9f7b5f8a83075280e333097', '233b55fefb2a28c67afc72e8e1e89155', 1, 3, 0, 1, '箱装', '呼和浩特', '内蒙古', '箱', 65, 100, 51.00, 51.00, 0, 1460197319, '1×70g×40支', -28800, '', -28800),
(94, '蒙牛哈蜜蜜雪糕65g×40支', '0', '', '', 'b19a3523cb8fd139656d67fded20fbfc', '027a950a6275d1af81a14b37bdaab542', 'e2cd40c42adabc9bf9da0e38a0ff0148', 1, 3, 0, 1, '箱装', '呼和浩特', '内蒙古', '箱', 65, 50, 40.00, 40.00, 0, 1460197333, '1×65g×40支', -28800, '', -28800),
(95, '新升级伊利牧场奶提子雪糕62g×40支', '0', '', '', '119eefa0422ee8315d33a2e55b7b03b8', 'faaa8f807721aa5451d9da4430d38f0e', '97a7ff2c55055a8c5c14f830ef8a5a24', 1, 4, 0, 1, '箱装', '呼和浩特', '内蒙古', '箱', 65, 50, 30.00, 30.00, 0, 1460197607, '1×62g×40支', -28800, '', -28800),
(96, '伊利冰工厂冰片蜜桃棒冰75g×40支', '0', '', '', '6442a8c52d5ab6b38a8738a1e863e9fc', '36c5b3cb2a92b2bf98dd5893b818264d', '2d96b8ef3e3eab2e2ba1f71b43a5fda5', 1, 4, 0, 1, '箱装', '呼和浩特', '内蒙古', '箱', 65, 29, 30.00, 30.00, 0, 1460197672, '1×75g×40支', -28800, '', -28800),
(97, '伊利冰工厂山楂爽棒冰75g×40支', '0', '', '', 'bdf9edce2de4e0eaf67c276e89dc79d7', '9bbc7ebe21d52c14595e4a122f2a660b', '9c0f2870015a4d542dde43d3f478a539', 1, 4, 0, 1, '箱装', '呼和浩特', '内蒙古', '箱', 65, 29, 30.00, 30.00, 0, 1460197690, '1×75g×40支', -28800, '', -28800),
(98, '伊利金牌火炬（香草）85g×30支', '0', '', '', '405c910ebaffc3540334773d9f633974', '33da0b2a596330c3b43810f8976b083a', '5160b07cfa3be379a74b2e92cb1ea35b', 1, 4, 0, 1, '箱装', '呼和浩特', '内蒙古', '箱', 65, 30, 66.00, 66.00, 0, 1460197703, '1×85g×30支', -28800, '', -28800),
(99, '伊利克力棒浓香巧克力口味雪糕65g×40支', '0', '', '', 'ce89c47064d7e566080854282717d4ea', '8d7fd414cfe016bb6c80df5da9ac16d5', '77b31ab398d392c6d27bbd19cc3aff3e', 1, 4, 0, 1, '箱装', '呼和浩特', '内蒙古', '箱', 65, 25, 30.00, 30.00, 0, 1460197717, '1×65g×40支', -28800, '', -28800),
(100, '伊利苦咖啡火炬85g×30支', '0', '', '', '9cce6ecbbaa8fbe65235d56e479edd0a', 'dc1f551a8bf402d1cde0fb49eb893222', 'bdffbd47c59105eb815b6fdb109be8e6', 1, 4, 0, 1, '箱装', '呼和浩特', '内蒙古', '箱', 65, 30, 66.00, 66.00, 0, 1460189728, '1×85g×30支', -28800, '', -28800),
(101, '伊利蒙古酸奶雪糕75g×40支', '0', '', '', '04bc91e75934f0707438544cf91165f2', '8d2bd0bb7d5e8e1ce9d3c99856a0fc20', 'f19fdc25a908044ece3379ac49421b60', 1, 4, 0, 1, '箱装', '呼和浩特', '内蒙古', '箱', 65, 50, 52.00, 52.00, 0, 1460197731, '1×75g×40支', -28800, '', -28800),
(102, '伊利妙趣优秀小雪生牛奶巧克力口味雪糕65g×40支', '0', '', '', '5e02661fea46ce4154747d89bb6c750c', 'eddb96a1a18db5b5b6dbd43412fc7ac6', '1a6bbdbe0f01f691765825de9ab8df7a', 1, 4, 0, 1, '箱装', '呼和浩特', '内蒙古', '箱', 65, 51, 56.00, 56.00, 0, 1460197745, '1×65g×40支', -28800, '', -28800),
(103, '伊利牧场大布丁65g×40支', '0', '', '', 'b086db51d46322a4fe9493cbe4db7bf6', '830753ab4186b5f083684977b7c25657', '4ac62c1ea9464d59ad73f8b520b95d32', 1, 4, 0, 1, '箱装', '呼和浩特', '内蒙古', '箱', 65, 32, 29.00, 29.00, 0, 1460197762, '1×65g×40支', -28800, '', -28800),
(104, '伊利牧场奶砖75g×30盒', '0', '', '', 'cd99222f3342856d4718007ba350a83a', 'bf600f4e0f4df3042ce66557363759f1', '51ed2fe314db2f39ebc57f808aef382b', 1, 4, 0, 1, '箱装', '呼和浩特', '内蒙古', '箱', 65, 30, 66.00, 66.00, 0, 1460197779, '1×75g×30盒', -28800, '', -28800),
(105, '伊利巧乐兹四个圈（蛋奶巧克力）雪糕75g×30支', '0', '', '', 'ca8c4da26c583f9da8b757ee37aa688a', 'bc95c5faeabaf18552119ba1000fb812', '1391cfd1be847f1c0b05d42bb09e2ae7', 1, 4, 0, 1, '箱装', '呼和浩特', '内蒙古', '箱', 65, 100, 45.00, 45.00, 0, 1460197792, '1×75g×30支', -28800, '', -28800),
(106, '伊利玉米香雪糕65g×40支', '0', '', '', '34d5b26bf144174f0fb97fc90cbdf300', '8f60e144107255e25ec0d92ac081d534', 'bea61395acc9b563648eaf0c936dc6e9', 1, 4, 0, 1, '箱装', '呼和浩特', '内蒙古', '箱', 65, 46, 44.00, 44.00, 0, 1460197809, '1×65g×40支', -28800, '', -28800),
(107, '雀巢笨NANA混合水果味果冻冰棍(蓝莓荔枝味/菠萝荔枝味)52g×24支', '0', '', '', '9123ade1556eabe94c5e987db830453f', '17cdc93bdfd70b0d7ca9678d7bb9a96c', 'e3c6cbffb4e5de53ab8a050e7ed75eed,989c75564f5b97b125e5c578ef4546b2,06da21bb5e8ff90a6bfcee374949a55e', 1, 6, 0, 1, '箱装', '天津', '天津', '箱', 65, 27, 56.16, 56.16, 0, 1460196685, '1×52g×24支', -28800, '', -28800),
(108, '雀巢花心筒蓝莓芝士蛋糕味冰淇淋67g×12支', '0', '', '', 'c3bb497c0926a60efd313f0b7cdc0d25', '93c7492bcbb007e0ffe3b345cc841958', 'bbc660fb96b804e786ca841e7ce2eadd,35fe0e92584caaa6f0eb0d926cc6cbc0,feff6b8bc8352a1b9c2ff9b037a0509b', 1, 6, 0, 1, '箱装', '天津', '天津', '箱', 65, 20, 46.80, 46.80, 0, 1460196701, '1×67g×12支', -28800, '', -28800),
(109, '雀巢家庭装牛奶口味雪糕(0.5L)255g×8杯', '0', '', '', 'b957cc7bfe0a643444aea1c6beff5a0f', '0eb17fecf8d359c15fbfe453eeb2c348', '187ef8573315d02ca85736d1b40ab86c,d1476c23477d53bb51fd50e047c60924,662773a9b400e78878671fc3dfd72b20', 1, 6, 0, 1, '箱装', '天津', '天津', '箱', 65, 18, 75.52, 75.52, 0, 1460196719, '1×255g×8杯', -28800, '', -28800),
(110, '雀巢家庭装香芋口味雪糕(0.5L)255g×8杯', '0', '', '', '9c71ad9ab54f71aa1952cf8888423402', 'c4270de6fc7b6bf5f9538d92404a9bf4', '7c4593ae85f7cd152baefa791addf2d8,67ef683426c8f56a0e5c3dc61d774fa0,6ca7d42954ae1f9563b3a7138153031c', 1, 6, 0, 1, '箱装', '天津', '天津', '箱', 65, 19, 75.52, 75.52, 0, 1460196739, '1×255g×8杯', -28800, '', -28800),
(111, '雀巢摩爵巧克力味雪糕65g×24支', '0', '', '', '4e6a1594af558639e385772e7908cee4', 'e3ac083ac4c9ae9e09e4c2277df8b54a', '47227894669d18d203432ea32e8ad550,e148f513e152b2aa4a0952e023e069d9,edb8b43fdabb1fa0f2f26fbc8e49350f', 1, 6, 0, 1, '箱装', '天津', '天津', '箱', 65, 20, 112.32, 112.32, 0, 1460196756, '1×65g×24支', -28800, '', -28800),
(112, '雀巢摩爵香草味雪糕65g×24支', '0', '', '', '3a671618a2140b84d63e75c3cb685d26', '06d17143928fc6e0c5e3e2720e5ffff2', 'e6ff6d9549d89eb3e71ad417bf91fb8a,d7059adfe3681e999fceb243e6229f66,49e4d63a026817ccf210890526010a0b', 1, 6, 0, 1, '箱装', '天津', '天津', '箱', 65, 20, 112.32, 112.32, 0, 1460196808, '1×65g×24支', -28800, '', -28800),
(113, '雀巢牛奶棒牛奶味雪糕59g×24支', '0', '／', '', '8007db5fced14079a640d1266e6a1732', '01d58ad96569f540bfe2ddb79f8bb64a', 'c08e2f38c7cc84939f849253f02091e7,0e59ff4085ae68a6fdfc460b0cd79e22,3a0d41bf78f270e5c8da9d79d0bdb75f', 1, 6, 0, 1, '箱装', '天津', '天津', '箱', 65, 50, 65.52, 65.52, 0, 1460171226, '1×59g×24支', -28800, ' ', -28800),
(114, '雀巢圣代杯草莓味雪糕111g×12杯', '0', '', '', '2e163a5b5706561d157d600b19cd5630', 'b67e3a72f81fc2d5816788fad1acea91', '66b731e0caea61c8443dd8c6edc9af36,108d62b4e3106fb4d3c3ea04d739dd30,8c6a67068c583b4ee1c1f568bb46c720', 1, 6, 0, 1, '箱装', '天津', '天津', '箱', 65, 20, 56.16, 56.16, 0, 1460196825, '1×111g×12杯', -28800, '', -28800),
(115, '雀巢圣代杯巧克力味雪糕111g×12杯', '0', '', '', 'f2530321d34bc090cf28e17f475081ce', 'afb8d3a651999047dbdfb328e12ec2b7', 'fbf317473a89870301b091beb4a1427c,a1b78c599b2c1786f78cb4d0bf4cab6b,864f1a8bf1d309bd296cdf0a710ccab5', 1, 6, 0, 1, '箱装', '天津', '天津', '箱', 65, 20, 56.16, 56.16, 0, 1460196850, '1×111g×12杯', -28800, '', -28800),
(116, '伊利冰工厂果纷呈棒冰92g×30袋', '0', '', '', '075b41fb3199b91b769ae7c787e59f51', '6e110eca8b3b89630dee011f3c9d90e4', 'ad3d2eb0101e6a11f26a236bac57ad6a,03aa15f570b86b00b5253c9ba3e6ff3f,9403c4515fe171eebc26c222fd3c0a6f', 1, 4, 0, 1, '箱装', '呼和浩特', '内蒙古', '箱', 65, 30, 42.00, 42.00, 0, 1460197823, '1×92g×30袋', -28800, '', -28800),
(117, '伊利牧场红枣牛奶雪糕70g×25支', '0', '', '', 'b02d11cfe16c5ab74ed14454525f11bc', 'bbf9b3ce54d168cdc86481627a61d06f', 'b0895fd813e04c65674a591d54a94ca8,f0fa7ca27f9225d6c2416e3ae40fa1f9,4798690a14fa3f7c213ac2b32e3fbddc', 1, 4, 0, 1, '箱装', '呼和浩特', '内蒙古', '箱', 65, 30, 45.00, 45.00, 0, 1460207795, '1×70g×25支', -28800, '', -28800),
(118, '伊利巧恋果雪糕80g×30支', '0', '', '', '37b529e70ebaa8813dae0d3841e5a226', '2e2bcb35ae79bc5fddbf6ed2aec9eb31', '09ca81b6b95192bef91640375f0a4799,38604b261694fc6bd6fd349b65db377a,2654d0284dd1de8b198528115041e315', 1, 4, 0, 1, '箱装', '呼和浩特', '内蒙古', '箱', 65, 100, 66.00, 66.00, 0, 1460189232, '1×80g×30支', -28800, '', -28800),
(119, '壹清菠萝口味雪糕（北京定制）80g×40支', '0', '', '', '61c99c9530c57d14f15cef1a374d091c', 'd29c05df3954fb0515e17cba638069f2', '44aadd2e2cbe4665764c3d138b87ac45,1c6de3e7ee3914bf4b74a5201f6ba1c5,e33d4188eab059fea4cf075d43df559f', 1, 11, 0, 1, '箱装', '呼和浩特', '内蒙古', '箱', 65, 20, 84.00, 84.00, 0, 1460196356, '1×80g×40支', -28800, '', -28800),
(120, '中街大果冷狗1×77g×46支', '0', '', '', '3a143703a61bf606034435b49e17f8e6', 'e177ab92c781f16a694b3d1abc239054', '030d0f2cb76018b26c99ced91ebb321a', 1, 13, 0, 1, '箱装', '沈阳', '辽宁省', '箱', 65, 10, 43.00, 43.00, 0, 1460207987, '1×46支', -28800, '', -28800),
(121, '中街大果麻酱1×80g×46支', '0', '', '', '06f185535d5a4df08f0cc37912f23e0e', 'c77ea8f01c86e80f62b47025c4288844', '61a6972c4a0874f926b1786f043bb0c8,e03697ae7adb0af9c7d084e3a3825100', 1, 13, 0, 1, '箱装', '沈阳', '辽宁省', '箱', 65, 10, 43.00, 43.00, 0, 1460208017, '1×46支', -28800, '', -28800),
(122, '中街大果那布勒斯奶酪（新）85g×30支', '0', '', '', '9f36b285ab640c09a798ed26a9088ed8', '7374ef6082f69b6eb0d2276f83d561b1', 'bc32826ab360ecd2950118d6ee1bab57,3dd03f40c2713d7acda146a4038d6941', 1, 13, 0, 1, '箱装', '沈阳', '辽宁省', '箱', 65, 20, 80.00, 80.00, 0, 1460203863, '1×30支', -28800, '', -28800),
(123, '1', '1', '1', '', 'c458abc593ed2d3dd327c450072ef06c', '89bdc52613c7951637c2cafb6c53aaf7', 'd7ec5ec683f64cf8456a2102ecf28cf1', 1, 13, 1, 1, '1', '1', '1', '1', 65, 1, 1.00, 1.00, 0, 1459996810, '1', 0, '1', 0),
(124, '1', '1', '1', '', '47991fcab97cdccd645f583280a6602d', 'c7a4c2c5c78baf590ee41b1bc60a89e4', '54dc3503525d7ba36942fbe18a05242d', 1, 13, 1, 1, '1', '1', '1', '1', 65, 1, 1.00, 1.00, 0, 1459997148, '1', 0, '1', 0),
(125, '伊利巧脆棒雪糕80g×30支', '0', '', '', 'f4121d0fdb96bd6b2e35e4e651f8f4f4', '01e5c01e47d321f795cd8664ac3efa10', 'fa4b92beb78a7206d692ab787b914df0,2f437a7ba6d04bbb09a7f37e7d03cd91,743e265c3c31f855f73ffe291043a9bc', 1, 4, 0, 1, '箱装', '呼和浩特', '内蒙古', '箱', 65, 150, 66.00, 66.00, 0, 1460188954, '1×80g×30支', -28800, '', -28800),
(126, '大八喜香草550g×6杯', '0', '/', '', 'b27e27a0026c2f45038c060accd3c2c4', '8a439fea6470b387792963075b780518', '3cc224c904227f9b7c4577c0b8c8ecb7,f14075e05d09c3f11a55babb8abfe881,7fe5128a0810b5db1ef071d5a2e7b318', 1, 7, 0, 1, '箱装', '北京', '北京', '箱', 65, 10, 160.80, 160.80, 0, 1460096631, '1×550g×6杯', 0, '', 0),
(127, '湾仔720g大白菜猪肉水饺（36只装）', '0', '\r\n', '', 'd3b241eab791fe81c0cc1cb6e0059e3c', '1f559848abc8e9a4b9835682230c1153', '913aa162542aad47bfc910242f141c51,e476210dbf43015f7bbc355b53896f75,83909a0b4962b7a44b8d738e22fa2af0', 1, 9, 0, 1, '袋装', '上海市', '上海市', '袋', 65, 16, 19.00, 19.00, 0, 1460189959, '1×720g×36只', -28800, '', -28800),
(128, '（大八）巧克力550g×6杯', '0', '/\r\n', '', '7b37f1fc2067f0785f547719238dd5d9', 'ab58474b23910bd2336a1ce21f5af8fd', '162589203a2d939e3bad01a824c42b46,337701fbd7e813ddb8671cfbb0f3030b,1489e4d4728ee3e2e0f1af865c3152fa', 1, 7, 0, 1, '箱装', '北京', '北京', '箱', 65, 10, 160.80, 160.80, 0, 1460097380, '1×550g×6杯', 0, '', 0),
(129, '（大八）朗姆550g×6杯', '0', '/', '', 'd028747811cc929c9e9c67d278fbbbce', '8f5db5c494c3685f49a857468b7887a6', '857818b555847484da43ce742869e049,49d659dd4659260ca0668bbcaf3940bc,2adb3b690d3cc1a8f845bbb954afe76b', 1, 7, 0, 1, '箱装', '北京', '北京', '箱', 65, 11, 160.80, 160.80, 0, 1460097472, '1×550g×6杯', 0, '', 0),
(130, '东北大板哈密瓜90g×40支', '0', '', '', 'a13e89097952fc6c1490b4cf285efffa', '3501c5994d8a71e39432221025af21e1', '17de72d345d16a3a1ea73b51b8f494e4,8b8d392771742eac588a865af65a4095,5693f35234a91195f53b60f8db3b2428', 1, 14, 0, 1, '箱装', '濮阳市', '河南省', '箱', 65, 5, 60.00, 60.00, 0, 1460190896, '1×90g×40支', -28800, '', -28800),
(131, '东北大板菠萝90g×40支', '0', '\r\n', '', 'f3b9cb183a746c5a1710d3b9e60f30cb', 'fb925b396fdfad2fd7256f15ade0280e', 'c4559b0a07c68663d4c20b65fed57978,9acc338c3b3540fb211b828ec617983c,3809b75cddd84e8e82b84b09fe3e8c6f', 1, 14, 0, 1, '箱装', '濮阳市', '河南省', '箱', 65, 20, 60.00, 60.00, 0, 1460190909, '1×90g×40支', -28800, '', -28800),
(132, '东北大板香草90g×40支', '0', '\r\n', '', 'ab352329f096e315564b99d823352204', 'b12968d983d1cccdb27f13cfed7a7310', '99fa2ca63a916c16263e889af7148a74,57384bc4382e3574f1e4578007bd682b,60303ed3b34ebab64df2d63859a7ff78', 1, 14, 0, 1, '箱装', '濮阳市', '河南省', '箱', 65, 21, 60.00, 60.00, 0, 1460190922, '1×90g×40支', -28800, '', -28800),
(133, '东北大板巧克力90g×40支', '0', '\r\n', '', 'b046153808ae1d36309a3100028a7552', 'e03ca37db4a6d9824c147b7e7277d458', '8fb5be3bb794cd27ed1dc944b0c807cd,32f4d088efc097bd8ed8a45d2b3e2662,43fa6ec76e8bd22bf4bd72dea614a1f1', 1, 14, 0, 1, '箱装', '濮阳市', '河南省', '箱', 65, 20, 60.00, 60.00, 0, 1460190938, '1×90g×40支', -28800, '', -28800),
(134, '东北大板草莓90g×40支', '0', '', '', '2b413bc0fd828a7be2a931f991e7d245', 'b223ea3be52a75a62446ce38443913e3', '20275d6cb0e27917dea14ce04c3c9cf6,578dc0d7e2042014aa74bb6d6d5de18c,dec0361b00785f4cf1822dbee6e59fc9', 1, 14, 0, 1, '箱装', '濮阳市', '河南省', '箱', 65, 11, 60.00, 60.00, 0, 1460190956, '1×90g×40支', -28800, '', -28800),
(135, '和路雪大牛奶牛奶口味雪糕60g×36支', '0', '', '', '608b9bcfc0c4b13a8de1689f7a34628a', '2156394d0d1531b10ce80fa23b13f5a4', '751d276c5724143daa79220b629e1f97,d9a489a0108f7858112624ab032df772,75a092bdf578e3af7d83b7f6eda894f9', 1, 5, 0, 1, '箱装', '北京', '北京', '箱', 65, 20, 77.76, 77.76, 0, 1460197016, '1×60g×36支', -28800, '', -28800),
(136, '测试', '1', '', 'b49e3a5ddfd35a369d6498c54fbd516a,6f214d7770a4e0c02e8e264ab0db747e,e1d31a1b36457eeec8db1bf3fc608790,7c8e4bf4f4a1391e429e809978bd69b7', 'a6ef29836328a9436ae413f34f112f6b', 'dbcef830dc144e6cf089ec71a53d9237', '94b2dfe9f01427ce26e9c7f888e5ca3a', 1, 13, 0, 1, '', '', '', '个', 1, 81, 10.00, 100.00, 0, 1460169546, '规格', -28800, '', -28800),
(137, '迷你可爱多1*8盒*10支/盒（香草+巧克力）', '0', '', '', '295e4b6ae2ba0e5d629499d965f45ef1', 'b9d9995512c7f9e640d058dc3cd69015', '1db9c57168769d74223318a16b5aa9c2,60a3ebad87109b8e395af62d43ea4271,c3c0d5060d82f256911e18e3afdbe2fb', 1, 5, 0, 1, '箱装', '北京', '北京', '箱', 65, 30, 105.58, 105.58, 0, 1460099932, '1×8盒×10支/盒', 0, '', 0),
(138, '麦酷狮奶昔杯香草口味雪糕67g×24杯', '0', '', '', 'e644415af364f6708b6c8008bea1ae9e', 'da5fa00a13536039b2f5335ad6428487', '224dfc361335d5975f273b7dd6c6ff95,c1e79494289fef0297a209984592e3f3,2e344238a7d599e20495f8007f0a69d8', 1, 5, 0, 1, '箱装', '北京', '北京', '箱', 65, 20, 72.00, 72.00, 0, 1460100130, '1×67g×24杯', 0, '', 0),
(139, '麦酷狮奶昔杯巧克力口味雪糕67g×24杯', '0', '', '43bac7887aee7295fc437dbae00ae809,6536c79e7b5366e6c5eeb316362bb290,ee16cda841c8d94ddc062d1b0cbb7699', '07aa0309a5bf0305f0a130ebb1a01981', 'aafc3ce9b06e3e3f990dcd819d898775', '', 1, 5, 0, 1, '箱装', '北京', '北京', '箱', 65, 20, 72.00, 72.00, 0, 1460100337, '1×67g×24杯', 0, '', 0),
(140, '千层雪棒香草口味冰淇淋62g×24支', '', ' ', '', '78d0ce89fef27560adaa79ed2ce8331c', '194938e8a336a109fc21855156e6f1d8', '7b59e0d7b8f017c65b86daa3c218f0ea,c13c38016031b31f449a77f9ca516d0f,5c12dcd6c57ecbda6412f01604d21ac5', 1, 5, 0, 1, '箱装', '北京', '北京', '箱', 65, 30, 72.00, 72.00, 0, 1460452354, '1×62g×24支', -28800, '', -28800),
(141, '迷你千层雪香草口味冰淇淋80g×18盒', '0', '', '', 'fd616adc4e713283ec1ed0837dfe768a', 'ff9db96d3dd069cae2911b9ca8337a1b', 'cc0c04de5540e29e7555c8207fd4d6f4,8be6f582859f1c79d12b8b620fd6e18e,fc563f44266dc922cfd9cda8b116f5a0', 1, 5, 0, 1, '箱装', '北京', '北京', '箱', 65, 10, 67.50, 67.50, 0, 1460100630, '1×80g×18盒', 0, '', 0),
(142, '和路雪大红杯（香草）204g×12杯', '0', '', '', '45b23826aa885ec570707ac7e6037edc', '8dac2eaa397d05e0b5018dce796f0478', '450ff77bb26c3eef312d61654f245db3,8749825cbabd9d58ca13956de9478300,d0fd379d299b292df8e6fa2fabf8af31', 1, 5, 0, 1, '箱装', '箱装', '箱装', '箱', 65, 9, 98.64, 98.64, 0, 1460100738, '1×204g×12杯', 0, '', 0),
(143, '鲜果时光冰糖雪梨80g×40支', '0', '', '', '931461cceb1f2352d25d2cdebdb54e38', '9ea954475c2d00d11c413b3b254129eb', 'ebf171b9b33e12c686e51d3adc03af9e,b04394cf4636680ec976647db49405d7,852f683fa69826c72ea7c408566cd17a', 1, 15, 0, 1, '箱装', '四平市', '吉林省', '箱', 65, 10, 29.00, 29.00, 0, 1460101050, '1×80g×40支', 0, '', 0),
(144, '蒂兰圣雪无蔗糖冰淇淋牛奶口味75g×12杯', '0', '', '', '19b2793fbf82940661a72e851fcc6436', '04791b737e19d66f2c74d5557d227559', '9550c3c4ec96d3924f798d6c43614e23', 1, 3, 0, 1, '箱装', '呼和浩特', '内蒙古', '箱', 65, 50, 53.00, 53.00, 0, 1460197347, '1×75g×12杯', -28800, '', -28800),
(145, '随变18度脆筒雪糕72g×40支', '0', '、', '', '5005193ffa0a4159a153fb189f3c5e89', '5ab55d20ec7b62c30c95d4193834c2d8', '9a03193a82aec3cfc9e191b2d55df0a6', 1, 3, 1, 0, '箱', '呼和浩特', '内蒙古', '箱', 65, 30, 64.00, 64.00, 0, 1460101772, '1×72g×40支', -28800, '', -28800),
(146, '随变18度脆筒雪糕72g×40支', '0', '', '', '754309a1389282ca7dad6ccef6a68464', '7d6a7f5a1055a27005d06bae117e86c5', '9e804d4b7147515a8c4a9cb9540a5170', 1, 3, 0, 1, '箱', '呼和浩特', '内蒙古', '箱', 65, 30, 64.00, 64.00, 0, 1460197365, '1×72g×40支', -28800, '', -28800),
(147, '1', '1', '1', '', '89e0644d033ea40f8675cf463a7b742c', '8df48ead6675a6c1812b5920b2dfaa8d', 'eb802ae7aef6d1c5d19833b961dc7a4a', 3, 13, 1, 0, '1', '1', '1', '1', 65, 1, 1.00, 1.00, 0, 1460101717, '1', 0, '1', 0),
(148, '随变旋顶杯香草巧克力口味雪糕115g×12杯', '0', '', '', '156cdd426c7c31a59cc7fb19ae3562c5', '1474d26ee1bb5f924ab798c8b8473c3b', 'd1ebc80a6a6905d194d0a2729a63856e', 1, 3, 0, 1, '箱装', '呼和浩特', '内蒙古', '箱', 65, 50, 36.00, 36.00, 0, 1460197379, '1×115g×12杯', -28800, '', -28800),
(149, '测试', '1', '', '80b9624296408c79982434c4f99ac918', '4c97fb71bf4d83f868f41b8b9773363e', '627b6b61f2e197a4ddd20d416479d48e', 'f41bce10d451d9882140402a67ec6cc6', 1, 13, 1, 0, '1', '', '', '1', 65, 1, 1.00, 1.00, 0, 1460101936, '1', 0, '', 0),
(150, '随变旋顶杯蓝莓酸奶口味雪糕125g×12杯', '0', '', '', 'f191588eb36b5bd2f86cff0c5a2ee9ed', 'f6fb0f63bce7ab30bf03739bdd540c80', 'ca77cd83baba7221024fbe06bbf623b7', 1, 3, 0, 1, '箱', '呼和浩特', '内蒙古', '箱', 65, 50, 36.00, 36.00, 0, 1460197395, '1×125g×12杯', -28800, '', -28800);
INSERT INTO `goods` (`id`, `goods_name`, `goods_weight`, `goods_desc`, `goods_desc_img`, `goods_thumb`, `goods_img`, `original_img`, `goods_type`, `brand_id`, `is_delete`, `is_show`, `packaging`, `origin`, `province`, `unit`, `cid`, `amount`, `all_price`, `city_price`, `sort`, `create_time`, `standard`, `production_time`, `storage`, `shelf_life`) VALUES
(151, '优牧之选雪糕红枣牛奶口味70g×30支', '0', '', '', '91697691278436b4c9c403bf2139e96f', 'ed6c79ccbde984cc24a83e365cf7f756', '088e77cb1189bbd398fc74fc4735c7dc', 1, 3, 0, 1, '箱', '呼和浩特', '内蒙古', '箱', 65, 30, 45.00, 45.00, 0, 1460197413, '1×70g×30支', -28800, '', -28800),
(152, '优牧之选牛奶提子口味雪糕75g×40支', '0', '', '', '5b13dbabbb1877b3cd49180b56d08a2b', '5af49a9cde463cb38f0f06ec4c873d07', '5a356547b5060138483b00c2f4a94726', 1, 3, 0, 1, '箱', '呼和浩特', '内蒙古', '箱', 65, 49, 43.00, 43.00, 0, 1460197430, '1×75g×40支', -28800, '', -28800),
(153, '蒙牛酷爱纯脆脆皮雪糕草莓香草口味56g×40支', '0', '', '', '08e8e0cc414ef85cfec9c2111ec2505c', 'da414ddc80a1ce55a5810b521dcb4d71', 'be78d8cfed089c72b996c93d202e8241', 1, 3, 0, 1, '箱', '呼和浩特', '内蒙古', '箱', 65, 50, 29.00, 29.00, 0, 1460197446, '1×56g×40支', -28800, '', -28800),
(154, '蒙牛黑棒雪糕巧克力口味70g×40支', '0', '', '', '0981f39805f8b65985be00405a9009f5', '0c6a52f64b83db74f4cbb9ad04007800', '919bfdc08bda33b170bddd081cca74e9', 1, 3, 0, 1, '箱', '呼和浩特', '内蒙古', '箱', 65, 50, 29.00, 29.00, 0, 1460197473, '1×70g×40支', -28800, '', -28800),
(155, '蒙牛草原酸奶雪糕75g×40支', '0', '', '', 'f85f53203343f94eb1203ac620ea4cc1', '75829e4fd6d246f004b3a10e961b0f77', '7f411aa0c85accc2e452928b1222d976', 1, 3, 0, 1, '箱', '呼和浩特', '内蒙古', '箱', 65, 50, 43.00, 43.00, 0, 1460197489, '1×75g×40支', -28800, '', -28800),
(156, '蒙牛酷爱纯脆香芋口味雪糕75g×40支', '0', '', '', '3885b4f0e0f315f32810c7838a1da3e4', '1a904aba983a6155ebfd09e0f000d87a', 'c11b579584fa6e50eab2c823b571c41a', 1, 3, 0, 1, '箱', '呼和浩特', '内蒙古', '箱', 65, 50, 43.00, 43.00, 0, 1460197505, '1×75g×40支', -28800, '', -28800),
(157, '蒙牛玉米棒雪糕65g×40支', '0', '', '', 'de6a8e47697e645a756155397661b533', '7c90e6902349b0524fe5c9b29563f5ee', '6f3806b20d2d209a317e40f712c80350', 1, 3, 0, 1, '箱', '呼和浩特', '内蒙古', '箱', 65, 50, 44.00, 44.00, 0, 1460197521, '1×65g×40支', -28800, '', -28800),
(158, '蒙牛美粒多雪糕冰葡萄口味67g×40支', '0', '', '', 'e091ceefaa8e4a361216b2c7fc76287d', '86669f24c5385288e2bb12c3f03ad990', '0052dfc3bf40e9d5bed983e0d9b9f63c', 1, 3, 0, 1, '箱', '呼和浩特', '内蒙古', '箱', 65, 50, 36.00, 36.00, 0, 1460197536, '1×67g×40支', -28800, '', -28800),
(159, '蒙牛大咖火炬蛋奶口味雪糕80g×30支', '0', '', '', '760030167956951c7c364ff633f6eb46', 'f23fd55da302c6374b3b504a9c90cb72', 'c3b32dab613f7519e2765764b14b242e', 1, 3, 0, 1, '箱', '呼和浩特', '内蒙古', '箱', 65, 51, 52.00, 52.00, 0, 1460197550, '1×80g×30支', -28800, '', -28800),
(160, '1', '1', '1', '', '0f2eee08de902df4f771ea15aa09f3e9', 'bece7c90dbc679e68ffcbaf87d6b5345', 'f19d2175373441422f5669e2c1e07b26', 1, 13, 1, 1, '1', '1', '1', '1', 65, 0, 9.00, 10.00, 0, 1460111887, '1', 0, '1', 0),
(161, '凉橙沙冰1×40支', '0', '', '', 'e781d07cb82d264ea2bd2a3091bb7646', 'e043a3e74652f19bacd2799771153faf', '38df6d1f5bcec42ae09be2c89e43d532,71980059345770b871393a1fafae1d3e,33802b43a96df4c9626269fadf17f3cd', 1, 15, 0, 1, '箱装', '四平市', '吉林省', '箱', 65, 20, 29.00, 29.00, 0, 1460207892, '1×40', -28800, '', -28800),
(162, '宏宝莱牛奶棒原味60g×40支', '0', '', '', '927ca4fec98abbba1be4b9d064b4356b', '04feffcc12a94c836321b5bc660cff5d', '2d1e29901e4f351bf8f6fabec540ee78,bcdc6162353e0af75e2911808c22ae76,000e88e840f9e77adfc945c1574cddbd', 1, 15, 0, 1, '箱装', '四平市', '吉林省', '箱', 65, 20, 29.00, 29.00, 0, 1460190775, '1×60g×40支', -28800, '', -28800),
(163, '蜜香豆坊小豆双伴红豆+绿豆83g×40支', '0', '', '', 'c693ff0dfaf6c0511d26b7259b26d3c4', 'f9d57e22897a4bcf8edaccc57397fe7c', '708b0486592c5f9626214494493157ce,2abeb19785a6ac7d1c2921503b6c6a5f,9e44f6246d8ac8f0249530ce29d6ecdd', 1, 15, 0, 1, '箱装', '四平市', '吉林省', '箱', 65, 20, 29.00, 29.00, 0, 1460118794, '1×83g×40支', 0, '', 0),
(164, '活力Q-菠萝', '0', '', '', 'a92a799e1059760e6f8572089c1118ac', 'a28f1110703bc0812e83ee8bbe4d7ac1', '00ab8961f685b3d39053e7bcc19a8fa2,e83e3b4cf77ccd306ff71fab5706de0b,02ea757909cda31645a493111d2da2f5', 1, 15, 0, 1, '箱装', '四平市', '吉林省', '箱', 65, 9, 29.00, 29.00, 0, 1460118858, '1×40', 0, '', 0),
(165, '蜜香豆坊蜜香豆牛奶红豆80g×40支', '0', '', '', 'b1686d433d7daaa2974f9e40febd7463', 'dfb17130169996847a7839dfc8024d53', 'fd7765b81e1b4211d59323e0ccf1e60f,86b9324b754f7b1c30c7b17b4e8376ab,686872e91cc5c7172738d983ade06015', 1, 15, 0, 1, '箱装', '四平市', '吉林省', '箱', 65, 20, 42.00, 42.00, 0, 1460118942, '1×80g×40支', 0, '', 0),
(166, '非你不渴-红豆', '0', '', '', 'ccd9f4f09cc060e22986b520d2ba51ab', 'bd4f6d92d0c052278238467b2d408f57', 'b2d1c2ef42029d25dda468f571bad143,f5f10a7ae9a17063b8b5fdadb37f82b8,70d2847c85ea42487d60c543ae1ff91d', 1, 15, 0, 1, '箱装', '四平市', '吉林省', '箱', 65, 20, 42.00, 42.00, 0, 1460119093, '1×40', 0, '', 0),
(167, '非你不渴-可可', '0', '', '', '7d6a4344491101a1132a7db044b7510f', 'be9a13600538a892eb7eef7d2cf86b71', '7ec3c8febcd3cd7bd0883227d08a6edd,12b9e9f5ee8dba1f219110388c1d435c,f50e035eae3f6d35c65a10fc2694ec9a', 1, 15, 0, 1, '箱装', '四平市', '吉林省', '箱', 65, 30, 42.00, 42.00, 0, 1460119214, '1×40', 0, '', 0),
(168, '梅林街9号杯（夏威夷苏打）★', '0', '', '', '6021c9cdefa75d54d71de19eefb1a000', '300379be7b83ffb181dccad48ed2bbbb', '020e84fb5f75a0b80df3da85a5ee43d2,5975c0ab7a2b9a0a031a0052e6087491,ee84c2c9a170e56482fd93450afc1173', 1, 15, 0, 1, '箱装', '四平市', '吉林省', '箱', 65, 10, 45.00, 45.00, 0, 1460119292, '1×20', 0, '', 0),
(169, '皇冠北岛精品雪糕（菠萝）', '0', '', '', 'f0f566395ba319a2f4956470fc0ddb33', 'dbabff5b025f054e2dfbde94bd6f4fca', '619815a715e89d0b0248d69e25c90205,20fabb82554c1bdaf2b9bb50381fed68,71201baf007a91b4089160af49e4db7f', 1, 16, 0, 1, '箱装', '大庆市', '黑龙江', '箱', 65, 50, 88.00, 88.00, 0, 1460190638, '1×90g×10支/盒×4盒/箱', -28800, '', -28800),
(170, '梅林街9号杯（卡布基诺）', ' ', '', '', 'aa3f1577e43408c4a9c7ee708f05be1c', 'ce231b9629778682baef2d3e657b6635', 'dbea49b447e709414f411a79a0661d3a,44c03a13b451b9e0f151af5278c2d1b5,2e54b603ed9da57cd87505c6fbb079b7', 1, 15, 0, 1, '箱装', '四平市', '吉林省', '箱', 65, 10, 45.00, 45.00, 0, 1460195873, '1×20', -28800, '', -28800),
(171, '皇冠北岛精品雪糕（巧克力）', '0', '', '', '900ba769127f00ffbd00dd5860475c5e', '934200ba5754ebb1174716c8b164fd38', '636954c08a0e7ab051a6f2e94b37a018,bf18c593ff66d5f8e6e80bb40134329d,9e3f04f7e432c98fef0398703d59c8ca', 1, 16, 0, 1, '箱装', '大庆市', '黑龙江', '箱', 65, 50, 88.00, 88.00, 0, 1460190653, '1×90g×10支/盒×4盒/箱', -28800, '', -28800),
(172, '老中街冰棍70g×50支', '0', '', '', 'fada77fb6a957f6ad3e9c2ec54966567', '43e356be587d1a8db568c36c0dd3922c', '797a145884d007577e9fcb265c4da624,7f95903732acb28221c1e564776ce9e1,341af4bf77683b6f15253564384ea977', 1, 13, 0, 1, '箱装', '沈阳', '辽宁省', '箱', 65, 100, 19.00, 19.00, 0, 1460119812, '1×70g×50支', 0, '', 0),
(173, '中街糯米糍香草味', '0', '', '', '2a51ca2e4d2b93befebed4c58d4c1f12', 'd6da756b4587084c28c03f7facb52d6e', 'fcfe12d8c68c700fdb92228fb9300112,4d7290891bcdbb4203f6cfbacda0eff5,374120f7e8f54c40e1410301fe92c4fc', 1, 13, 0, 1, '箱装', '沈阳', '辽宁省', '箱', 65, 50, 27.00, 27.00, 0, 1460119891, '1×72袋', 0, '', 0),
(174, '礼拜天红豆糯米方糕', '0', '', '', 'b431da086613cb1bb46a621a4f62af2f', 'cc7f30c5c61338d9adb00958f0728457', '04c11aa33714068b4cfcde1d9995e523,e6f1a529af2835874e0e4e917509c6e5,59f7746c0c5711e66556eaac88cdbec6', 1, 17, 0, 1, '箱装', '沈阳', '辽宁省', '箱', 65, 30, 38.00, 38.00, 0, 1460190620, '1×70g×40', -28800, '', -28800),
(175, '中街大果小长白80g×46支', '0', '', '', '15eab77213492d55da5f6de962870b9d', 'cc7ef796fb05f6ef025480c4c58e53af', '65a4baa3a49b9b07adc17aa6bec07864,b0158eadaf18c99083439e830586dcd8,a6b5a08907f72343418f050b38c94138', 1, 13, 0, 1, '箱装', '沈阳', '辽宁省', '箱', 65, 10, 43.00, 43.00, 0, 1460120059, '1×80g×46支', 0, '', 0),
(176, '中街大果玛卡酸奶酪80g×30支', '0', '', '', '19931ac1b53772174dc94a180f3414dd', 'fad927e93c402a9c4beeb3636abb37b7', '46652179515206b899b062611e30d0e4,35c3a53dc7b79a3bb6c2d76dc79499ae,31fe14e40520071a9862b566f63699c8', 1, 13, 1, 0, '箱装', '沈阳', '辽宁省', '箱', 65, 10, 46.00, 46.00, 0, 1460120148, '1×80g×30支', 0, '', 0),
(177, '曼德妙芒果', '0', '', '', '3efcd973da81de7562b3e2d713bad391', '538e1afab41a87ff4891b0c689ff68cc', 'db133921b6ed8be111606db18fc3ccc9,467fa01652e3541553f85ca82a5f5a5d,3504bed369e14e7da2a6008e0e32a738', 1, 18, 0, 1, '箱装', '沈阳', '辽宁省', '箱', 65, 20, 90.00, 90.00, 0, 1460190495, '1×80g×30', -28800, '', -28800),
(178, '曼德妙红酒', '0', '', '', '8cd744cca63de489adb18bf926d09496', 'e2af5156c668e21c738b7057615d1631', '648d113b49903d87877e1a7ba2c830c0,19e5952d87dc33cc24ff8add4865d78b,6af46c305e6e3827acd839cd287a5dba', 1, 18, 0, 1, '箱装', '沈阳', '辽宁省', '箱', 65, 20, 90.00, 90.00, 0, 1460190507, '1×80g×30', -28800, '', -28800),
(179, '中街大果榴莲85g×30支', '0', '', '', '0b9dcd313c07da7bcc5a77f193f3fcd4', '896ea2c04d73331a7a78ab0586e54902', '8194e6b7c6da2af346b798a0f975ce5e,1a294633b9dd0497906478c1e022f3ff,9b29e4eaf4ad07f12ca81f697ea6bd32', 1, 13, 0, 1, '箱装', '沈阳', '辽宁省', '箱', 65, 20, 46.00, 46.00, 0, 1460120272, '1×85g×30支', 0, '', 0),
(180, '曼德妙猫S咖啡', '0', '', '', 'c4c6d13c60c6b60c3d8464d99e7393e2', '1926869864311feb70f955757cbc8d6b', '8c5d5f974cc64068595750fcfc26e2ce,48be4bda7a41f6a1acd8c172ef43b87e,21b0c8178db9a8787c0608f6be78defc', 1, 18, 0, 1, '箱装', '沈阳', '辽宁省', '箱', 65, 20, 90.00, 90.00, 0, 1460190522, '1×80g×30', -28800, '', -28800),
(181, '泡沫香槟', '0', '', '', '2f9c737f435e67c25bdcdb2add465434', 'b89f4d17451ba95beb5a451f0893af64', '8b364477d1aa603b9c3796a26b128f3d,be1463b5f6dafeb555df76f40b1b6a4f,70c28d1f12168a2f91dd12613d60372f', 1, 13, 0, 1, '箱装', '沈阳', '辽宁省', '箱', 65, 10, 33.00, 33.00, 0, 1460197346, '1×12', -28800, '', -28800),
(182, '泡沫酸奶', '0', '', '', '09cd3b401385a3e1b557d2c91c743ec7', '1c6a6feefeb5b26bf87a65d9b0cbb262', 'dd7092e3df7cb3b1d09bd4733189e5e7,331227ebe22c591200f3636143a7ef3f,b9b81afd13f877e31581dd5d94278707', 1, 13, 0, 1, '箱装', '沈阳', '辽宁省', '箱', 65, 10, 33.00, 33.00, 0, 1460197335, '1×12', -28800, '', -28800),
(183, '泡沫芒果', '0', '', '', '9034de04ae0c45976c82cc27b4acd28e', '927b87de86b1886d5655461506322653', 'a2fd55f5319c4ff520998e97522a4330,d1e4dcc665457a65bdd5e286c5cb5b77,3d096d971c7707bff9ed8ab5762d9cb0', 1, 13, 0, 1, '箱装', '沈阳', '辽宁省', '箱', 65, 10, 33.00, 33.00, 0, 1460197321, '1×12', -28800, '', -28800),
(184, '泡沫咖啡', '0', '', '', '3fb4bf2322c486b488a081e94ca3ffe4', '0928cd0d547b9728fa881e2a134abfae', '646973344cec0cfac3b8df79f34ae765,77caba671ba72619a61e3ec792fbf08e,d85d09d83f0b21d5b9303281571c18dc', 1, 13, 0, 1, '箱装', '沈阳', '辽宁省', '箱', 65, 10, 33.00, 33.00, 0, 1460197311, '1×12', -28800, '', -28800),
(185, '曼德妙莓多啦', '0', '', '', 'eced6eebb2e7977afcdfe6f326ea8e16', '05e6f4721c9606a9efafe24cb09da4a2', 'fc987a9be0e906f97984832fceed285f,37923300c9444ad3b09146c05d5cf250,fc18178846976d5c0aa7ca7d91a54135', 1, 18, 0, 1, '箱装', '沈阳', '辽宁省', '箱', 65, 20, 90.00, 90.00, 0, 1460190536, '1×80g×30', -28800, '', -28800),
(186, '泡沫红茶', '0', '', '', '5832d3b5bce89401e1f2d786bdf7124b', 'b436e0404420fd3d45bbd163a52e14df', 'bcc85c07f16c10fea7c8a4d674d5b626,9a8a9242a25bb71ce0bdb6bea614538a,973a267a283a83afc1a2c1274e9eed39', 1, 13, 0, 1, '箱装', '沈阳', '辽宁省', '箱', 65, 10, 33.00, 33.00, 0, 1460197299, '1×12', -28800, '', -28800),
(187, '中街大果卡布奇诺（新）85g×30支', ' ', '', '', 'd5d1153b5e15e258d1fe7c04c32bbc0f', 'c877dfde8ee76adba7a7c780dcb5f042', 'dd1910b105fbcac624d0219d749a1639,ddbe455128632e978468df61b21ec3ff,9d1c971edfdcbf90904897a33957142e', 1, 13, 0, 1, '箱装', '沈阳', '辽宁省', '箱', 65, 10, 80.00, 80.00, 0, 1460203911, '1×85g×30支', -28800, '', -28800),
(188, '中街豆地主', '0', '', '', '8e1441cc8c499900fce4727ad56b52e8', '386bb7646f395ae9be1e15d3737158ec', '2f37ce7ee2200db25a4a837810e408f9,1a1556c3bc5c9d518087af7901105565,76cb8e5801a9a08b5ce2ba70996f6d54', 1, 13, 0, 1, '箱装', '沈阳', '辽宁省', '箱', 65, 30, 29.00, 29.00, 0, 1460120684, '1×40', 0, '', 0),
(189, '曼德妙香草', '0', '', '', 'b20b98ffb51dd8a9445c4b0b5d6cb86c', '9dfdc84eb8c8d0101f6ff61375183b9f', 'c6d124d549160ff40e07fec8c4a460bf,ed80f1f2b42be7e658ec8a39f878266f,5ae7de56b8bc563fed3366083033d969', 1, 18, 0, 1, '箱装', '沈阳', '辽宁省', '箱', 65, 20, 90.00, 90.00, 0, 1460190562, '1×80g×30', -28800, '', -28800),
(190, '曼德妙瑰蜜', '0', '', '', '501980b6c359c43624596184f1574f15', 'c3e1a4319e16f2fc42b4615fbd34182e', 'fa874f8c620d6775f05cf6d83e292ebe,9bb6466fc3f4943b5dca061e05e91efa,577b9f57b342178a6d2a9e3645b3a737', 1, 18, 0, 1, '箱装', '沈阳', '辽宁省', '箱', 65, 20, 90.00, 90.00, 0, 1460190574, '1×80g×30', -28800, '', -28800),
(191, '美登高大红果', '0', '', '', 'bf74bf1ce237bd4b8a83dee91609b390', '0fae19c8069084821369841c5a1440ef', '56d8d422a894ee2b414c4d3bc3064965,d2d0d822117e9c0bfc56c773d2b6228b,151a49f9d1edf1fc63b492d71e407346', 1, 19, 0, 1, '箱装', '天津', '天津', '箱', 65, 30, 36.00, 36.00, 0, 1460190194, '1×78g×48', -28800, '', -28800),
(192, '美登高红豆沙', '0', '', '', 'badb36862ac216f63a5cdbf64295ef98', '72bbbcb20cc943e24ec9a8a359807a0c', 'e5e829af0a16f3b0c9fa0416fcf4a8e2,18086c9759573a9412dd986ea006c7d2,bd8efb8a3d58c34e8b73fb8734318407', 1, 19, 0, 1, '箱装', '天津', '天津', '箱', 65, 30, 51.00, 51.00, 0, 1460190214, '1×65g×48', -28800, '', -28800),
(193, '美登高绿豆沙', '0', '', '', '959eaf65600fbcc2c1a50c79574ebbf2', '70510845bdbbe6b08324c81c3ad29d1e', '96e4cdf9db1dd95165b1bc74f3530ee0,f377d55ffcc6334ff091f9d1ac2cf313,cf5180e1e94f7d8b45b2adb5714f0d35', 1, 19, 0, 1, '箱装', '天津', '天津', '箱', 65, 10, 51.00, 51.00, 0, 1460190237, '1×65g×48', -28800, '', -28800),
(194, '美登高黑玫瑰', '0', '', '', '27b05c91ff71b3aabcd090ca11eac718', '180323955004ba6abb684fcb36b6316d', '94d2080b0620f152c58647c0c427860b,a78cb9898429dd9a5099f95fa46e3dfa,1fa973684453871116ed088868a4c97b', 1, 19, 0, 1, '箱装', '天津', '天津', '箱', 65, 10, 26.00, 26.00, 0, 1460190257, '1×90g×36', -28800, '', -28800),
(195, '美登高黄玫瑰', '0', '', '', '318c615b46bc1f185c6a4dc43c4e35ff', 'bd5bad6c2b1673587ed372d5b9dc5735', '5ca00dfb64b3f9c14e90877668fbb66b,9ea9a27d3818baf961ce112db107686a,5acb5b99b863075cac16bdb0ff1a0d92', 1, 19, 0, 1, '箱装', '天津', '天津', '箱', 65, 20, 26.00, 26.00, 0, 1460190275, '1×90g×36', -28800, '', -28800),
(196, '美登高双把85g×24支', '0', '', '', '101ae971aa4deb49602d8fc8c7450d89', 'a6045d086c68324d38e46dc4d4fa4f65', '60adf3557a7b6d5c1095e618b3f3ad06,3000a35cd7453ee2a91d5f74ac049e15,fb9670fe82a9ada5e7ff212f5153166c', 1, 19, 0, 1, '箱装', '天津', '天津', '箱', 65, 20, 24.00, 24.00, 0, 1460208182, '1×85g×24', -28800, '', -28800),
(197, '美登高雪人牛奶巧克力', '0', '', '', '8068c1aca17eb7cfff49220a60eb0661', 'a466e634888e9ac288d07b7ac2d2c086', '51035c33b26c88fa31642849eece7a15,a62e1bac96663e32386fb56abdcc3bb1,da6f35236cdba238ba40945f35e1dd53', 1, 19, 0, 1, '箱装', '天津', '天津', '箱', 65, 20, 28.00, 28.00, 0, 1460190310, '1×68g×40', -28800, '', -28800),
(198, '美登高长塑杯草莓', '0', '', '', '952d2fb22f97cc9e6b852d4c317e09bb', 'a0fe1b976e6ba32ca7ab31bac7bd1220', 'ccd990ab49909411ddfacb8308f96d2b,fdc74c1ec1af13e610698c901d7f4c8a,c593a534eef6d065f3a9957cb258b3a5', 1, 19, 0, 1, '箱装', '天津', '天津', '箱', 65, 20, 20.00, 20.00, 0, 1460190328, '1×110g×12', -28800, '', -28800),
(199, '沙皇枣-红豆', '0', '', '', '146ac35fc267dee60d152ae61f139d3b', '5a877cebcb9747a34c77a64a341f750a', '6cc2b31d392aa484630d03e63e84e354,8f69ee6257bfd221420b120b08e70f91,12a954b20bdfe5114768f4f86908dd55', 1, 15, 0, 1, '箱装', '四平市', '吉林省', '箱', 65, 30, 29.00, 29.00, 0, 1460190853, '1×40', -28800, '', -28800),
(200, '美登高塑杯香草', '0', '', '', 'a7f7c693a7edda79549c024dde4fa769', '77a001b673058b82d5221b0486b599e3', '8ab96a8f91a33c53709010035852f236,85a37a985d3f83dbb1012897dbe33daf,bcba44b11aa33726220f136310c62b77', 1, 19, 0, 1, '箱装', '天津市', '天津市', '箱', 65, 20, 20.00, 20.00, 0, 1460123082, '1×12', 0, '', 0),
(201, '雀巢家庭装哈密瓜口味雪糕(0.5L)255g×8杯', '0', '', '', 'ad72333e07d8a2741c01777a771d8099', 'bdb2233796a2ce48c4c6ba7852e16829', '64279606e9d0cd1f48170709c03bb6e3,080bea63e0557e2d7f9db7f2bb0ac94e,be9ddef27975de86941038cb2156284b', 1, 6, 0, 1, '箱装', '天津', '天津', '箱', 65, 20, 75.52, 75.52, 0, 1460123194, '1×255g×8杯', 0, '', 0),
(202, '雀巢7L冰淇淋芒果味（6422ml）1桶×3500g', '0', '', '', '5ac38aeb598cf8b9779981bc5d091662', '389b19907c6f1774a32657a0bacf269a', 'dd2828ff887c490348a68a38b196bdc8,7020179a4e3fb859342620a7a78ed315,dcf51d62ea353335ed0932d43a353f56', 1, 6, 0, 1, '桶装', '天津', '天津', '桶', 65, 10, 120.00, 120.00, 0, 1460203779, '1桶×3500g', -28800, '', -28800),
(203, '雀巢7L冰淇淋香草味（6422ml）1桶×3500g', '0', '', '', 'e52a5b7ebf75fddbfe0b3c1a18f8404d', '4841ac97c5bd1d3f7902d2de2428e204', '90c0c92cc7b9208ff065fdf2255088ee,43f1e0d0e02af897773d166f7fb3e830,a95f7daade1c180328222f61a6d48bc2', 1, 6, 0, 1, '桶装', '天津', '天津', '桶', 65, 10, 120.00, 120.00, 0, 1460203750, '1桶×3500g', -28800, '', -28800),
(204, '三全馄饨（菜肉）500g', '0', '', '', '986a68395221cd8d0a34f894fd97a010', '41498165c9c37a5da5a33b7cb9fb1cec', '8e8156fb39bdd049d2cb630fccb3272b,caa1caa37cde3e2c4b2fa3a8cb371523,4144922c9774bec8b86e477d9941fb91', 3, 8, 0, 1, '袋装', '郑州', '河南', '袋', 65, 48, 10.00, 10.00, 0, 1460123926, '1×500g×16袋', 0, '', 0),
(205, '三全馄饨（荠菜猪肉）500g', '0', '', '', '0be5272f62e779bb2487494a045fea3b', '5b8f8aa1ad6ce60a56a5690f487c7db7', 'b48b5ed44095dad4f88ca8f66ed4aa0e,8b35992d26a917b4aef3bd2db4a94728,4c5ec88a9805ca41417234b5eae9247c', 3, 8, 0, 1, '袋装', '郑州', '河南', '袋', 65, 48, 10.00, 10.00, 0, 1460124118, '1×500g×16袋', 0, '', 0),
(206, '三全馄饨（三鲜）500g', '0', '', '', '95b181becefecfcbd124bd8b6e318ede', 'dffdb321a06b8c6f110910d42f022e3d', 'fff72771d670e22e4e4d9f773aa65335,db8b27ed009f3f52ab6daa6ee82903c3,97b1c74ddb55e1d4f43a0bb57c230797', 3, 8, 0, 1, '袋装', '郑州', '河南', '袋', 65, 48, 10.00, 10.00, 0, 1460124217, '1×500g×16袋', 0, '', 0),
(207, '随变经典香草口味雪糕75g×40支', ' ', '', '', '498e52b991ef933c08978b8d7292be4a', '7077ef9ae9be4730566131deb4ac7898', '59bd53e24b9f7179ef1aa8e3a1957f4c', 1, 3, 0, 1, '箱装', '呼和浩特', '内蒙古', '箱', 65, 60, 64.00, 64.00, 0, 1460265497, '1×75g×40支', -28800, '', -28800),
(208, '梅林街9号杯（卡布基诺）', '0', '', '', 'e43daa89d8f8968cbe5473e047103489', '91776b60b9d9f9d98864a1f59c5555d6', 'ff19b01bbc991f190f0a4b7fd44fdcf1,1148f05a1f175179ef3e81eae417261c,e0988b122007d34077b31271d3fbf703', 1, 15, 1, 0, '箱装', '四平市', '吉林省', '箱', 65, 10, 45.00, 45.00, 0, 1460126607, '1×20', 0, '', 0),
(209, '测试商品修改', '1', '', '5588e1bc8007524318a0fffdad3d402f', '046368a3c269b8c67f4d4851aeea1e3b', '50baa7a24939d13d0dfda54718bcbdba', '504a724b087c5c67c6baba6bd6d417b2', 1, 19, 1, 1, '1', '', '', '1', 65, 9, 1.00, 1.00, 0, 1460168712, '1', -28800, '1', -28800),
(210, '测试商品', '1', '1', '', 'dd1c4e1f9b0cfd4952853add4d16f767', 'feb8f2cdcb7b169a3df429816946b7a0', '72d339f7a210e21cd83f0cfea123df4e,468683e1860a32e1a16a63e857759a06,f6429d3f7d89ed0329c901ba4f1ef7f8', 1, 19, 1, 1, '1', '1', '1', '1', 65, 11, 11.00, 11.00, 0, 1460169563, '1', -28800, '1', -28800),
(211, '1', '0', ' ', '', '2c73d18663f0d12c296dbed6ee30869b', '8d033d1230fa365429174c1235a85596', '85868a584b02c8dfda775f4d2905b8ed', 1, 19, 1, 0, '1', '1', '1', '1', 65, 1, 1.00, 1.00, 0, 1460171834, '1', 0, '', 0),
(212, '1', '0', ' ', '', '4c5013dbfdd7c85e3420966c20438b34', '9c335c89b0b40ca0494a65f9904e928e', 'bf7546a9654d9ddc33e68ab576802268,2f8d98f128daf9d0f6b64901a17bcb4b,691553bf36a20f66247d746fe2117d34', 1, 19, 1, 0, '1', '1', '1', '1', 65, 2, 1.00, 1.00, 0, 1460172156, '1', -28800, '', -28800),
(213, '三全儿童水饺鱼肉260g', '0', ' ', '', 'ce249649e01fe930d48bf53dbfc11c8a', '3e1a91dd8ea3abf24a89f5b60b01855c', '86b105bd458f49877fdfad2e1e7ff8a2,cbc682707b763cc13849e0f12671e4f7,5a9634d63d99e80c779748acc05dfb0c', 3, 8, 0, 1, '袋装', '郑州', '河南', '袋', 65, 40, 7.00, 7.00, 0, 1460173902, '1×260g×20袋', 0, '', 0),
(214, '1', '1', '1', '', 'a3d60e14c105f1a1869d10c6e9e2dac9', '4d4e38e5d0b4802bd8822b4c7c7ca214', 'bd2febc06c8daa58173a0957cea5c287,ad68be4ad31204b2c6ab4a4c5c9dcfee,370ea8ae4af74145a617081a996edfa6', 1, 19, 1, 0, '1', '1', '1', '1', 65, 1, 1.00, 1.00, 0, 1460174093, '1', 0, '1', 0),
(215, '1', '1111', '1', '292124257fce3a2767b8af3fdabd42a9', 'ad937eecd9a9c1e00f355b9e5b38b0c2', '667a92d555def425d8a8f23497bc5e80', '55171b90e5acb0ff56c3fe5f8519f899', 1, 19, 1, 1, '1', '1', '1', '1', 65, 1, 1.00, 1.00, 0, 1460174309, '1', 1460131200, '1', 1460131200),
(216, '（中八）香草283g×6杯', '0', '', '', 'ca78d000025cc23e7ae49c7fbbc0683e', '6fbfe4f1a4d34fea3368e832d1036ce6', 'f64d85d035ed863d4100493d25fc5c92,2214cec4e103b514f45666ff579871b6,aa0208ffb26b7ee135236057d00cf930', 1, 7, 0, 1, '箱装', '北京', '北京', '箱', 65, 20, 103.20, 103.20, 0, 1460176552, '1×283g×6杯', 0, '', 0),
(217, '（中八）朗姆283g×6杯', '0', '', '', 'cae5c55f059cb5c6abe6bc0194324eec', 'ffbad6604acd0a7b4e30604577e72fb1', '', 1, 7, 0, 1, '箱装', '北京', '北京', '箱', 65, 10, 103.20, 103.20, 0, 1460176681, '1×283g×6杯', 0, '', 0),
(218, '（小八）巧克力90g×24杯', '0', '', '', '76a72a36f2743876a1994f50e3b9f576', '292baf74b1ddb75211f2ca9bc799cee2', 'ae243a162b07777d8ae085a5390f33f4,f8e47834df061971fb9350067932e9bb,2fd2e52fce1853632f723c2763113acf', 1, 7, 0, 1, '箱装', '北京', '北京', '箱', 65, 80, 144.00, 144.00, 0, 1460178290, '1×90g×24杯', 0, '', 0),
(219, '天冰聪明转转玉米味', '0', ' ', '', 'c2717b929133031db91d2be616f55ae6', 'c8c164e414cba5d6d284db91645abd8e', 'f7ce3fbb066dffd658334b570ac3a7db,92cb7f6b34136637bf0cc453090a043c,d732bd5e85b6a917a8e5bdeb087ca685', 1, 20, 0, 1, '箱装', '郑州市', '河南省', '箱', 65, 10, 30.00, 30.00, 0, 1460178595, '1×90g×24杯', 0, '', 0),
(220, '麦酷狮奶昔杯草莓口味雪糕67g×24杯', '0', '', '', '979b940ac2170417fd4a81a825a118d9', '46ed3ee55d75f5985541112a004b8a59', 'b85edbe2ed3fcb59af0cf948fb12f9d0,719968282122dc45f6fde34ddd6defe6,6234ac12fc55e3f1bd2553b9ebbe1c1f', 1, 5, 0, 1, '箱装', '北京', '北京', '箱', 65, 20, 72.00, 72.00, 0, 1460178642, '1×67g×24杯', 0, '', 0),
(221, '麦酷狮绿舌头苹果口味果冻冰棍54g×36支', '0', '', '', '681f27235d928518ab709a0a1823e5f5', 'd10e9b5045726e8c49950e4cf74587ed', 'b554a6cf77f646d9521361464244c35f,1d098be889e84be9f600638d92a14733,d222aabc0687f48d88cac527be128be6', 1, 5, 0, 1, '箱装', '北京', '北京', '箱', 65, 100, 40.50, 40.50, 0, 1460178756, '1×54g×36支', 0, '', 0),
(222, '可爱多甜筒香芋牛奶口味冰淇淋68g×24支', '0', '', '', '95bfee358304a70cae9cbebf8a00349f', '971b810ebf39d7e90bec8ec657f5a53a', '8b1644cd43d058508a92bcc4344a9311,bd4cc81ca84104f324a3c911ad1817a1,314c905f4f1db3aae8f86bcc673d41a4', 1, 5, 0, 1, '箱装', '北京', '北京', '箱', 65, 50, 72.00, 72.00, 0, 1460178837, '1×68g×24支', 0, '', 0),
(223, '宏宝莱绿豆沙', '0', '', '', '274011d81b6306a6a0a0395da6336ba6', 'c47998cea20529b37c0b1154211c7aeb', '98a0286b7ce7207917dd009ac92dbd2a,39000f334595d7544dc13d8e3d7e467c,f529a33a1544ac5313728893f0673da4', 1, 15, 0, 1, '箱装', '四平市', '吉林省', '箱', 65, 20, 29.00, 29.00, 0, 1460178943, '1×40', 0, '', 0),
(224, '天冰雪贝', '0', ' ', '', 'd112567a3e3799c6e7693c99f513bf4b', '248f692b5ce7f8a023b2a9c8026899dc', '2e06894df831a328e99b3ff00f4ba615,e3edbafdc59b3965b11f048c7b8bb2ff,2780b610319e507849232407563551e8', 1, 20, 0, 1, '箱装', '郑州市', '河南省', '箱', 65, 10, 19.00, 19.00, 0, 1460178955, '1×60g×50支', 0, '', 0),
(225, '可爱多甜筒芒果酸奶口味冰淇淋62g×24支', '0', '', '', '17a7e0c378844662557632e69085b0db', '9a0dead7fde491d97e1e62ac00f711a4', '613cefdaee7d75754dcf27c7bbcda92e,130359f936a6d3d28368ec20d5f553f7,ac1f72d028b7823b2535b4b42f897b49', 1, 5, 0, 1, '箱装', '北京', '北京', '箱', 65, 48, 72.00, 72.00, 0, 1460179011, '1×62g×24支', 0, '', 0),
(226, '可爱多甜筒蓝莓口味冰淇淋69g×24支', '0', '', '', '7059dfcb85bea7b515741c135fa0e3c5', 'b18c61d1516c62f42812e4686b5c49dc', 'c7f9a84286df857106de61f882499b9f,2010f5dc53d2bfd2dae1fc817ea9bb60,2a67e9d7d2f71da5c1576e91fc7412cf', 1, 5, 0, 1, '箱装', '北京', '北京', '箱', 65, 50, 72.00, 72.00, 0, 1460179076, '1×69g×24支', 0, '', 0),
(227, '可爱多甜筒非常香草口味冰淇淋67g×24支', '0', '', '', 'd52dcdaa758a9ab3b0669ed131fc8d53', 'bdb9991a9ca048c39a29eb4316d03276', 'c51cfc1b651415a614d887af5482c0c9,1f41299ab63f71e54eaab1383f88d5c8,89a604c5ec801feda1fd75dedeaf692e', 1, 5, 0, 1, '箱装', '北京', '北京', ' 箱', 65, 100, 72.00, 72.00, 0, 1460179154, '1×67g×24支', 0, '', 0),
(228, '可爱多甜筒非常草莓口味冰淇淋67g×24支', '0', '', '', '10080b631f4c1a327afb67ac2ddb5e0f', 'beb59306b8df4d7c7177c69cd51adb6c', '79ef7ce574163fca8fc14a00edf91a8e,a7d75a6b3721e967dfa4227f08e4edd7,216979a909bba6f47c4506cd54de09bf', 1, 5, 0, 1, '箱装', '北京', '北京', '箱', 65, 99, 72.00, 72.00, 0, 1460179206, '1×67g×24支', 0, '', 0),
(229, '欣华银原味奶', '0', ' ', '', '3087b182c2d358cfec5d41658b5d14f7', 'c682986b7aa87512d5a81079e3845d04', 'e13203d2768324451092f2985a316de7,f6da30d94ec420ef44b9217d43d88072,a2d5bc49f245f1ec2a8b2fa49c0da00e', 1, 21, 0, 1, '箱装', '潍坊', '山东', '箱', 65, 30, 38.00, 38.00, 0, 1460179227, '1×40', 0, '', 0),
(230, '可爱多杯朗姆酒&葡萄干口味冰淇淋98g×18杯', '', ' ', '', 'a295dd95ca648f90a8bed8db81f76f06', 'b56d20b33704ce9a1d76c2fff847f257', 'b8f039c22955c0198ad459f3e371214b,b4a673cff05867ba3d1394193ab605a7,d43cce56047442613e5c84f5d4f67ecd', 1, 5, 0, 1, '箱装', '北京', '北京', '箱', 65, 10, 81.00, 81.00, 0, 1460452515, '1×98g×18杯', 0, '', 0),
(231, '皇冠北岛精品雪糕（牛奶）', '0', '', '', 'bac44a3cd86d0182d1c055e5283e699b', 'cd1b9b6da83f69e1119aace3827378ef', '59d380b6bcc61b7b97398dfa8b6750f7,df16fdde15185a073aa9c9bd37da1013,109af5f48eb4cfb46bc95a2c7e40eef6', 1, 16, 0, 1, '箱装', '大庆市', '黑龙江省', '箱', 65, 50, 88.00, 88.00, 0, 1460179367, '1×90g×10支/盒×4盒/箱', 0, '', 0),
(232, '大牛奶巧克力口味雪糕', '0', '', '', '93d2d7be0395b22e97d9d38228ae9d1f', '4a9ec4ba062b15a21d205dbbd291efad', 'fcf14c36d72102366b37f85229568d7d,65b43c771d2beb8d62244c6a4da9a2ef,b22b582f9fad258edd455849455c0ab4', 1, 5, 0, 1, '箱装', '北京', '北京', '箱', 65, 20, 77.76, 77.76, 0, 1460179540, '1×60g×36支', 0, '', 0),
(233, '（小八）摩卡杏仁90g×24杯', '0', '', '', 'a277244dedca820f440e6df2a4f4aee9', '4f073793ecd1981345cd3bd9ea0e04f1', 'a5e5111faf9b2adb5fb1ab0702be0bc0,346533495cab3693b22c298b46516047,670e3e0f5a6953503c4496956d4120f7', 1, 7, 0, 1, '箱装', '北京', '北京', '箱', 65, 30, 144.00, 144.00, 0, 1460180020, '1×90g×24杯', 0, '', 0),
(234, '（中八）草莓283g×6杯', '0', '', '', '314c186771a061401c290b99f9e24a00', '515ec8083b7bd2fe092a7f7c8774af07', '8a33d3941a4fa830861c68cb6e432abd,47c3867e16cd6c9a2f074b6f1aaf16e2,994b6e8c2378deb2b13a754b5affbde0', 1, 7, 0, 1, '箱装', '北京', '北京', '箱', 65, 20, 103.20, 103.20, 0, 1460180098, '1×283g×6杯', 0, '', 0),
(235, '（中八）绿茶283g×6杯', '0', '', '', 'c50fd351f67e5f88d37a26561619a0c6', '7978641f39e59ed0cc1c45191a8e20f1', '07b9268a99b4e0a8c9a0b249e7cc949b,f358badb70240b34f5e7b0d2079be70b,8cc79120b5fa137930f9b8ded96fced3', 1, 7, 0, 1, '箱装', '北京', '北京', '箱', 65, 25, 103.20, 103.20, 0, 1460180169, '1×283g×6杯', 0, '', 0),
(236, '（中八）巧克力283g×6杯', '0', '', '', 'b4a6ae6dcd7f03ea23408f1f898c7b25', '48ae9620f8ab52d10b682667dedcddf5', '5422f6bce8d7dbd052f0334abd04e277,0f9c01a5f4acccd8f64d55bf5e5bc545,b06416ab0b804b03309cb0becf42f756', 1, 7, 0, 1, '箱装', '北京', '北京', '箱', 65, 10, 103.20, 103.20, 0, 1460180224, '1×283g×6杯', 0, '', 0),
(237, '（中八）摩卡杏仁283g×6杯', '0', '', '', '60fea65f82f4ae569db90e90a264c89c', 'f351cc3b3ff6c6b8d41e6f87df4dcdf8', '3406c59c3faa0e66f85b40f2e4a7f78d,0e4b581f31fe997f0f21519bdab47d31,70eeea2981a054dfba6881a42b84cb9f', 1, 7, 0, 1, '箱装', '北京', '北京', '箱', 65, 10, 103.20, 103.20, 0, 1460180297, ' 1×283g×6杯', 0, '', 0),
(238, '马达尔瑞士巧克力1*30', '0', ' ', '', 'd466f2291c347b12e715bdc86f35e5ed', 'e0bf6dcff05d6b5f5fa5132904fa7dfd', '2ff15bf80e7237c2933d0c1b39fad429,54260633cd4241fd21cf51dd141d189f,28a0502403e9147dd35e7eb26b4d68fb', 1, 22, 0, 1, '箱装', '衡水', '河北省', '箱', 65, 5, 60.00, 60.00, 0, 1460180795, '1×30', 0, '', 0),
(239, '马达尔法国香草1*30', '0', ' ', '', 'f4578bd04e7fd51c64325dec3faf66e3', '68d6225a38b2569c1eefabcb74b27c96', '3014089bfc718a65868c14da36cf230e,83bd5c99fee84565254b3a7691d997c2,1f371b900a0f784b6a4e4541c948c5d8', 1, 22, 0, 1, '箱装', '衡水', '河北省', '箱', 65, 0, 60.00, 60.00, 0, 1460180896, '1*30', 0, '', 0),
(240, '马达尔蛋奶芝士1*30', '0', '', '', '837c3530aac4ad908a2d6e881f017e8a', '673d7cdff11fa86838729b41db41c95c', '95700a71b3f492972c13701cf6e7cc80,86ca34349d8eed0eb308475b0a7e4da5,f6c45258cf72962d15c6e7fa58f43ca3', 1, 22, 0, 1, '箱装', '衡水', '河北省', '箱', 65, 5, 60.00, 60.00, 0, 1460180982, '1*30', 0, '', 0),
(241, '马达尔臻草莓1*30', '0', ' ', '', '854e0d63719955464e699a963c9983b9', '8f10c7e57a97b9ceff1e3a45b5306b54', '92f849e1b73b699197518e3baa171e3d,adf32a0d014796c7e392c80da98be89d,48b98be9e05d130e9af7a742388f5c83', 1, 22, 0, 1, '箱装', '衡水', '河北省', '箱', 65, 5, 60.00, 60.00, 0, 1460181061, '1*30', 0, '', 0),
(242, '三全上海风味馄饨（香菇猪肉）500g', '0', ' ', '', '0a4b91a954a1a33824940cf728f1d001', 'ad6e5a6752183920ac2fc66b2735f773', '9232fb134e511baa05843b0b4b9fe58b,1fc72d5d8df88c04e6747540b45ba194,5383c39a741f69fb69d08e28af560420', 3, 8, 0, 1, '袋装', '郑州市', '河南', '袋', 65, 48, 10.00, 10.00, 0, 1460181182, '1×500g×16袋', 0, '', 0),
(243, '三全上海风味馄饨（猪肉）500g', '0', ' ', '', '689a9a8664f88ee832489dbc41699684', '401c097acf6e930fcbd783da3919f899', '4d5e8b639cf6148039cc1dbce263b23c,372acb3abd7998d1f60daed7a2b9f9db,620b8523aab819d69bcceb7e59c00b1b', 3, 8, 0, 1, '袋装', '郑州', '河南', '袋', 65, 48, 10.00, 10.00, 0, 1460181298, '1×500g×16袋', 0, '', 0),
(244, '湾仔600g鲜美虾皇云吞', '0', '', '', '6686ccd88117086262666597aa5eafbb', 'b1be87cdc5e2591fb34824e2d5388ac1', '0e8cd10a12642b779636d4a9dfb9164e,d4891cc07d94adeeee4f7a3855a13043,3083372beeffea56935d7a7757981eaa', 3, 9, 0, 1, '袋装', '上海市', '上海市', '袋', 65, 80, 23.00, 23.00, 0, 1460181390, '600g×12×75', 0, '', 0),
(245, '1', '1', '', '601c61c3235608474551c3a3d4e6559b', '9766d504bcd865116fa1dd26757c27e4', '92ad4ff18ee6beff4dd153311a45e05f', 'caa1e92bc92562693ace775f04258fed', 1, 19, 1, 0, '1', '', '', '1', 65, 1, 1.00, 1.00, 0, 1460181760, '1', 0, '', 0),
(246, '格桑梅朵桑果雪芭（新品）', '0', '', '', 'd4336617e130f546741b388cfb91abe3', '31ed8068454171ddaa3328c0f2632407', '', 1, 12, 1, 0, '箱装', '甘孜州', '四川省', '箱', 65, 50, 58.50, 58.50, 0, 1460183758, '1×73g×30支', -28800, '', -28800),
(247, '1', '1', '', '', 'e9070f8d4197e31a0dc5c915e59c2eaa', '012ea91029101ac83a1266548eec4d88', 'ec73855b036f73426dee0ea4082d9556', 1, 19, 1, 0, '1', '', '', '1', 65, 1, 1.00, 1.00, 0, 1460182121, '1', 0, '', 0),
(248, 'test', '1', '', '1a72216e232199a6937592b830100e95', 'b52ec41c20b46190f3df6b658dc60acc', '0bcf50bc7a230acbe7f9a565c75f1123', '4f1063d92e63556c241895896a2d00cb', 1, 19, 1, 0, '1', '', '', '1', 65, 1, 1.00, 1.00, 0, 1460182353, '1', 0, '1', 0),
(249, '格桑梅朵野莓雪芭（新品）', '0', '', '', 'cb8dce28c3d4cc4153274d287d94b08b', '471c80ea6b4a666094199218747630dd', '7fb350f4e0a498f049fc573214121f66', 1, 12, 0, 1, '箱装', '甘孜州', '四川省', '箱', 65, 50, 58.50, 58.50, 0, 1460183872, '1×73g×30支', 0, '', 0),
(250, '优牧之选雪孩子雪糕牛奶巧克力口味60g×40支', '0', '', '', 'db9098b7c63495531596e2842e6575cc', '2fe426c17a9bad09f7320f53fbf412a3', '3e3eeec0d111b3cd0db969dee032a925,82edb399d4d0e8acaa6f005a4f9cf7dc,1ef05aa39818c82f7ed40c6f859c0504', 1, 3, 0, 1, '箱装', '呼和浩特', '内蒙古', '箱', 65, 50, 52.00, 52.00, 0, 1460184345, '1×60g×40支', 0, '', 0),
(251, '迷你可爱多1*8盒*10支/盒（草莓+蓝莓）', '0', '', '', 'f0cc3a83a1ad2f028c16ccdd985a2303', '7efe9199e351f5df211ffbea3e79cada', '611aa150bd06a3e68cddd652f4e956f4,2772fc91547bbe700c6c729646faf73c,93042c62caf2949c0af8f4218b46c0d7', 1, 5, 0, 1, '箱装', '北京', '北京', '箱', 65, 30, 105.58, 105.58, 0, 1460184488, '1×8盒×10支/盒', 0, '', 0),
(252, '麦酷狮奇彩旋柠檬柳橙口味果汁冰棍71g×40支', '0', '', '', '9d21908b988257e14027aedce9a21292', 'fdc5dc90cefa505f2a8841d8081391c3', '1ef64b2ddc05509a7e69040250ea4430,33d06157117f4e322a8c23c0c760eed3,4473391b1827e1f48cf1783575f9c825', 1, 5, 0, 1, '箱装', '北京', '北京', '箱 ', 65, 30, 60.00, 60.00, 0, 1460184565, '1×71g×40支', 0, '', 0),
(253, '美登高塑杯香芋', '0', '', '', '56bf3fe5a0edf6cc15bafe30887bbed5', '7e992b811de549180b517ecf59fe958f', '8a4271b6a6975778fb046ffcffbcc3ff,3c8af6c3212746126dc25f1daaca47d7,647ed4bc271214138262dc9892afb351', 1, 19, 1, 1, '箱装', '天津市', '天津市', '箱', 65, 20, 20.00, 20.00, 0, 1460184657, '1×12', 0, '', 0),
(254, '美登高塑杯巧克力', '', '  ', '', 'df0ec1bc9a47efb71f35f0dbf6cbad94', '1b344ad97efb431a36b0d9a86b5e0105', '982fc92142d7db0fe88e5fcc5069d6b2,f12eb1e5d6a3bcce49b628910e343585,7cf81460e7624ac418d771c19fd9a731', 1, 19, 1, 1, '箱装', '天津市', '天津市', '箱', 65, 20, 20.00, 20.00, 0, 1460451591, '1×12', 0, '', 0),
(255, '雀巢花心筒香草味冰淇淋67g×12支', '0', '', '', 'c7c0f945c0b5c8f3f02afa9f0b415843', '4f3d17eeb2cf2ee1b30ceeafce2c13a7', 'db8821de312c983a11bf3ccb9ed9de4d,28949e0afbbab36f7255332edbbf4079,72a4572a6fabfa168cf7271532dddefa', 1, 6, 0, 1, '箱装', '天津', '天津', '箱', 65, 20, 46.80, 46.80, 0, 1460195099, '1×67g×12支', -28800, '', -28800),
(256, '格桑梅朵桑果雪芭（新品）', '0', '', '', 'a078014b2fbb21b6830fd6099ad4985f', '766bcfc64439501387912b42c2b08d95', 'ceefadd10c7b75ce816055115d81bc3f', 1, 12, 0, 1, '箱装', '甘孜州', '四川省', '箱', 65, 50, 58.50, 58.50, 0, 1460185227, '1×73g×30支', 0, '', 0),
(257, '康定情歌/奶油玫瑰口味冰淇淋', '0', '', '', 'ba644307cf06192722a7bcf1c1cd3858', '7b32229ef6ab443314abf0a8021c2d55', 'a6b49b42890fe4592c575315ced94b28', 1, 12, 0, 1, '箱装', '甘孜州', '四川省', '箱', 65, 20, 105.00, 105.00, 0, 1460186270, '1×70g×30支', 0, '', 0),
(258, '康定情歌/奶油番石榴口味冰淇淋', '0', '', '', 'b803523a3df376f0813249a63daa8299', '897dac74594b66c8f2023b53d21b0b52', '5be4de6557ef0e13137f3195bfbb383f', 1, 12, 0, 1, '箱装', '甘孜州', '四川省', '箱', 65, 20, 105.00, 105.00, 0, 1460186343, '1×70g×30支', 0, '', 0),
(259, '康定情歌/奶油木瓜口味冰淇淋', '0', '', '', 'ae6c380a0cb6362af6bdf1e8197808bc', '861369b1783eba00602550e9f89db085', '9e6738f6923bcbe255a369d360854626', 1, 12, 0, 1, '箱装', '甘孜州', '四川省', '箱', 65, 20, 105.00, 105.00, 0, 1460186400, '1×70g×30支', 0, '', 0),
(260, '雪域奶酪口味冰淇淋（新品）', '0', '', '', '5c1439a3d5d863403f698472166b74fa', '684b013043da0f0aa17e331aa79f5965', 'f467aaf9d8f3b1b18f23465839fb5ee2', 1, 12, 0, 1, '箱装', '甘孜州', '四川省', '箱', 65, 20, 170.00, 170.00, 0, 1460186778, '1×65g×16杯', 0, '', 0),
(261, '湾仔720g玉米蔬菜猪肉水饺', '0', '', '', 'a92073830ee2bfe91cde44392463c710', '8febf73fcbcf4f4cb95e1d277c86b832', '0f1346ea563d6ad6ba7843c9cb5cb044', 3, 9, 0, 1, '袋装', '上海市', '上海市', '袋', 65, 16, 19.00, 19.00, 0, 1460187401, '720g×8×36', 0, '', 0),
(262, '栗子红豆口味冰淇淋', '0', '', '', '748d72bfcf1e44014aab009ef1522873', '0b87cf16fbb91842c74a7393aac0ee51', '1f06e516117c62f3bd0a3af270f6d063', 1, 12, 0, 1, '箱装', '甘孜州', '四川省', '箱', 65, 20, 90.00, 90.00, 0, 1460187609, '1×90g×16杯', 0, '', 0),
(263, '湾仔600g香菇菜肉云吞', '0', '', '', '569f2446294d02b5c54fb3f327ab8655', 'b3ef112b641766569a18cb0548ff2e96', '8e7f55f8d36ff3511b0789abd86e92ee', 3, 9, 0, 1, '袋装', '上海市', '上海市', '袋', 65, 12, 23.00, 23.00, 0, 1460189478, '600g×12×75', 0, '', 0),
(264, '三全羊肉水饺450g', '0', '', '', 'bcc77aca20f379679ec4df928703127c', 'b859400cf49042c6462df8bf655bb576', 'd8b30d0021aea1f9f45383b5d5e37b0d,a448eb747ff713063d39c0960c727835,a5eaa72683af7d45deefff92b9e5aaca', 3, 8, 0, 1, '袋装', '郑州市', '河南', '袋', 65, 97, 5.00, 5.00, 0, 1460192441, '1×450g×20袋', 0, '', 0),
(265, '三全猪肉白菜水饺450g', '0', '', '', '66a488a3c924d7f4c24385d0170af814', '53be25c575c0ccbc42dd24f691a4b4ec', '77febda9726e6d504fdeb2758f6bb3b9,2d718f85efdfffdd0708b51118263fe3,8c0f860968207b8610ca54d16243ac9e', 3, 8, 0, 1, '袋装', '郑州市', '河南', '袋', 65, 98, 5.00, 5.00, 0, 1460192692, '1×450g×20袋', 0, '', 0),
(266, '三全猪肉大葱水饺450g', '0', '', '', '9412732b990a2cb527e31c91555cf8b1', 'f786f616f20b5f6e94a47d750c8a4d73', '560f18c478474f0d31917f0f4c61d60c,3efba5bfaf7907b3468661c75cdecf48,188ca8187cdea58a44805f8ce4019b9c', 3, 8, 0, 1, '袋装', '郑州市', '河南', '袋', 65, 100, 5.00, 5.00, 0, 1460192959, '1×450g×20袋', 0, '', 0),
(267, '三全猪肉韭菜水饺450g', '0', '', '', '001d30de4dc5c26d5575531cc619e0c0', '03fded6a9dba89ce68fce68e58203d46', 'c819b13582738e98bb9a0f950c02b731,433ce89abbe29868979bb73b763e2078,c9a09d828c1f173af7dbc32c6ee552c9', 3, 8, 0, 1, '袋装', '郑州市', '河南', '袋', 65, 100, 5.00, 5.00, 0, 1460193069, '1×450g×20袋', 0, '', 0),
(268, '三全猪肉荠菜水饺450g', '0', '', '', 'f6e15edd3c1ff06eab5b0a884aadd0d2', '2419b273fc285edfe1b1ee7524e64df9', '34d121d485c08d0fd043f1b0605bfbcf,2ca8e9d324597869b0e0f9ac684063c6,07f63bd0694e5c6eaf15ebf66915481e', 3, 8, 0, 1, '袋装', '郑州市', '河南', '袋', 65, 100, 5.00, 5.00, 0, 1460193265, '1×450g×20袋', 0, '', 0),
(269, '三全猪肉芹菜水饺450g', '0', '', '', '9f8abb7b62d6626cd2c03ab079f93c83', '0689f8bd509cb192e03c96307f8833c2', '4cf6c10d47d4f30518c139b2fbe5199b,758114366310f2e62db99ea011a2354b,b0b3e4d5281caed9e9c119f2406e4a78', 3, 8, 0, 1, '袋装', '郑州市', '河南', '袋', 65, 100, 5.00, 5.00, 0, 1460193373, '1×450g×20袋', 0, '', 0),
(270, '壹清蛋奶脆皮', '0', '', '', '76fddcef0126ddc86e294dd95a805e9c', 'e56118b8969d8e4399e989f5cceea5c9', 'c2da2620411fdfff881c2c293a2edfb6', 1, 11, 0, 1, '箱装', '呼和浩特', '内蒙古', '箱', 65, 20, 56.00, 56.00, 0, 1460193463, '1×75g×40支', 0, '', 0),
(271, '三全三鲜水饺450g', '0', '', '', 'a2494e5e130ad70dcb1056914aedb180', 'e1b95bdf72ffe79c88511cad2a091a47', '7959b83e0b57cc03cb6f4300b8b0ced4,4680914eef7ad595855b879de875e926,c044b39fac327ff42e0f526c1f49a704', 3, 8, 0, 1, '袋装', '郑州市', '河南', '袋', 65, 100, 5.00, 5.00, 0, 1460193482, '1×450g×20袋', 0, '', 0),
(272, '香草苏打口味棒冰（夏天定制）', '0', '', '', '181c4269a35d8668a49fa37996a0ba5b', 'e2a7dca3599afd36c6d98aef63fd110d', 'd26c97d0d7639c09cf78086af1b0007d', 1, 11, 0, 1, '箱装', '呼和浩特', '内蒙古', '箱', 65, 20, 56.00, 56.00, 0, 1460193541, '1×75g×40支', 0, '', 0),
(273, '三全猪肉香菇水饺450g', '0', '', '', '7ea34b7e407394d45bf812a77ed46dba', 'f13b6c53340abcc4e95a56a6929d1d25', 'c8821484c1a4d41301cb754f99d104d9,829b95861c253a11b8b6670753a5d5df,b662cd9a1174f3ca400984cad69cf248', 3, 8, 0, 1, '袋装', '郑州市', '河南', '袋', 65, 99, 5.00, 5.00, 0, 1460193583, '1×450g×20袋', 0, '', 0),
(274, '西关奶皮子奶油口味雪糕（清真定制）', '0', '', '', 'bd18712a164b43f5c496fedc0da88788', '6ea619a861c8a948e5321fe4b16de9d7', '947c8509e72e6da2ddfa3c9eaf49951a', 1, 11, 0, 1, '箱装', '呼和浩特', '内蒙古', '箱', 65, 20, 56.00, 56.00, 0, 1460193610, '1×80g×40支', 0, '', 0),
(275, '西关鸡蛋牛奶蛋奶口味雪糕（清真定制）', '0', '', '', 'a941b3b9111158624128e8c10b7ec90f', '9f509fff8f9158d1483893c247d51d00', '454fe8bf057347bd947754871debd869', 1, 11, 0, 1, '箱装', '呼和浩特', '内蒙古', '箱', 65, 21, 56.00, 56.00, 0, 1460193668, '1×80g×40支', 0, '', 0),
(276, '红豆雪糕（青春定制）', '0', '', '', '72d99304b247cc695dfb20a8d58a22b9', '745835fc0f3b4496456be26ca5d55972', '37b12d0535f44c63a403f7bab69b1801', 1, 11, 0, 1, '箱装', '呼和浩特', '内蒙古', '箱', 65, 7, 56.00, 56.00, 0, 1460193769, '1×72g×40支', 0, '', 0),
(277, '红茶雪糕（远方定制）', '0', '', '', 'b9f662a2e37d65d9fc1f259617a236f2', '02d41ac64c55f5849228c3cd55c5d523', 'ab63371ef2b0c82c4e558f3453eedabc', 1, 11, 0, 1, '箱装', '呼和浩特', '内蒙古', '箱', 65, 7, 56.00, 56.00, 0, 1460193838, '1×80g×40支', 0, '', 0),
(278, '雀巢雪糍香草味冰淇淋32g×40袋', '', ' ', '', '0b6a82f54052e9301bc41df7617bae33', 'e65a83dbd04d7675ebb17b335b02f6e5', 'cc3e604ba7ff65aea1012ab25f203788,e6781e790f623ff3cfdeeb04fd354604', 1, 6, 0, 1, '箱装', '天津', '天津', '箱', 65, 17, 93.60, 93.60, 0, 1460452596, '1×32g×40袋', 0, '', 0),
(279, '红豆雪糕（北京定制）', '0', '', '', '6679cb6b3ee53a071b902dce1d248716', '7d55c3a7c425f83530467416023a88d2', '034b62c2cd4398abf2c0bce169e3b244', 1, 11, 0, 1, '箱装', '呼和浩特', '内蒙古', '箱', 65, 8, 56.00, 56.00, 0, 1460194281, '1×72g×40支', 0, '', 0),
(280, '牛奶红豆脆筒冰淇淋（青春定制）', '0', '', '', '7c4ab42f79e2b0c7c4d6642073ee3d6b', '918d8b0a6c89f2686c8ad4db5196bcee', '0218eba19f9fe779673130c00b08f3ed,135ff1b007154c4a5f944da1967021ff', 1, 11, 0, 1, '箱装', '呼和浩特', '内蒙古', '箱', 65, 47, 56.00, 56.00, 0, 1460194348, '1×70g×20支', 0, '', 0),
(281, '香草口味脆筒冰淇淋（青春定制）', '0', '', '', '169cc981dc0a0b278fa2d9595d903208', '266acd66dedd01bbd1458a5d2506a8c9', 'f6f525c1a1ab674fb47919b96e4b6323,a759e1988890f4c7c316b0f6b8f47ed8', 1, 11, 0, 1, '箱装', '呼和浩特', '内蒙古', '箱', 65, 46, 56.00, 56.00, 0, 1460194423, '1×70g×20支', 0, '', 0),
(282, '香草苏打口味棒冰（北京定制）', '0', '', '', '8c88d4b900fff7ea6546f8deead23639', '920a4b102fa112fa2858f11c8acd030e', '3566c3d4bfd025b5980bd681cf098541', 1, 11, 0, 1, '箱装', '呼和浩特', '内蒙古', '箱', 65, 8, 56.00, 56.00, 0, 1460194488, '1×75g×40支', 0, '', 0),
(283, '中街大果朗姆', '0', '', '', '8ddd8b1452bc8a882d45bd4c9b5a6676', '524797c9d803fa159a2d2c0ff89228fa', 'e4503f729033a3b21b473bc5f770fbc6,d31f65b968437a443426687357a36da5,6f44c502ce9141269b39e24e867a37c0', 1, 13, 0, 1, '箱装', '沈阳', '辽宁省', '箱', 65, 7, 46.00, 46.00, 0, 1460197023, '1×30', 0, '', 0),
(284, '中街大果比利时巧克力', '0', '', '', 'fe2b14cc079c0dee50893d5bc75a19b1', 'd27275a9875cb1b2e0ec23b066e441e2', '3b03fea13c61ffc21452e985e6e58f34,af85881da3a0036d6949b01856eb769f,a01a4f28341f19fa0d06facb7fa08154', 1, 13, 0, 1, '箱装', '沈阳', '辽宁省', '箱', 65, 8, 80.00, 80.00, 0, 1460197657, '1×30', 0, '', 0),
(285, '二合一小萌杯（酸奶+巧克力）90g×24支', '0', '', '', '241b9fde66e1d1f1e21c32beb3aebe10', '1731497a7fc7d0f609071e11ad5b9a0f', '728942e632fe5ca6d0d8820896222d89,52f459fa1c222faa2ccb3fcad9abbd86,a500408195e484f891d8528048faa9ef', 1, 15, 0, 1, '箱装', '四平市', '吉林省', '箱', 65, 17, 32.00, 32.00, 0, 1460198630, '1×90g×24支', 0, '', 0),
(286, '和路雪大红杯（香草草莓）204g×12杯', '0', '', '', '286350a0605ef84792ff8f6e6823f3d1', '690e2f877d548f5aa81c2db4b7c919e8', '25c3a490044366762def07d9e0d6c54c,dc3e6b98655c64e271326eaab6d9b86e,1f517a3342d25cb6bec079728e4e4729', 1, 5, 0, 1, '箱装', '北京', '北京', '箱', 65, 11, 98.64, 98.64, 0, 1460204724, '1×204g×12杯', 0, '', 0),
(287, '和路雪大红杯（香草巧克力）204g×12杯', '0', '', '', '904a0fd1d2554de66e64cbba22e203f9', '14847d96ca223d69d9b52055845fe3fc', 'e253ab6ab69a2f13b999270da530a974,130d83ea7a123c0863facbd401f2af79,01bc8393eb4263be928111f8a0813fa9', 1, 5, 0, 1, '箱装', '北京', '北京', '箱', 65, 10, 98.64, 98.64, 0, 1460204819, '1×204g×12杯', 0, '', 0),
(288, '小神童哈密瓜60g×30支', '0', '', '', '1514415ef29994106b79903ae22bb989', '5dbb143955a07eef8d2cb2236aeb9fe9', '88b7963f4d22277cbfb60d2a1d89ba5b,e9e5c886fd1c33afa15717b1e3543933,a640956d089d628bc433908d3c35bf73', 1, 20, 0, 1, '箱装', '郑州市', '河南省', '箱', 65, 2, 42.00, 42.00, 0, 1460204959, '1×60g×30支', 0, '', 0),
(289, '宏宝莱200桶组合装（香草+草莓+香芋+哈密瓜各3杯）', '0', '', '', '5f0313cb445466b09b9c91a8e68d67ba', '8986216d5f261712dce0015176d5970b', '95608c482b2ec1f6c56ff40f685ef053,7fde5606618244e56ac092ba81c24b9a,d69cb3e5482b793d3e59ca8be9e1cfed', 1, 15, 0, 1, '箱装', '四平市', '吉林省', '箱', 65, 17, 28.00, 28.00, 0, 1460206323, '1×12', 0, '', 0),
(290, '大八喜绿茶550g×6杯', '0', ' ', '', 'ca8be0f61d8dc39d2e0c3c21ea566b38', '2f7cf03b170e517089ac9c0223603600', '3db596e5385ff4d6e0fdb99f19bc31a7,8f657bf0fa09c5966739fc5dce85c64d,054d09e45b0052d8e5b3ec9917f8b762', 1, 7, 0, 1, '箱装', '北京', '北京', '箱', 65, 0, 160.80, 160.80, 0, 1460293213, ' 1×550g×6杯', 0, '', 0),
(291, '伊利冰工厂清爽蓝莓棒冰80g×40支', '0', ' ', '', '33506659c28c7dd0d671c5f4698448e3', '62a142d3708e5e850bdae67caf0a586a', '0996d11e0177bdcec7500d99618f7b95', 1, 4, 0, 1, '箱装', '呼和浩特', '内蒙古', '箱', 65, 3, 42.00, 42.00, 0, 1460448337, '1×80g×40支', 0, '', 0),
(292, '伊利冰工厂炫菠萝雪泥80g×40支', '0', ' ', '', '1daf1056ec2fa38d5b2cc723c21ba66d', 'd5d6b946675af6b47c6a3d7c6c4c5a67', '42eb4984c1bc77354735c32fb770b29b', 1, 4, 0, 1, '箱装', '呼和浩特', '内蒙古', '箱', 65, 4, 52.00, 52.00, 0, 1460448453, '1×80g×40支', 0, '', 0),
(293, '伊利香雪儿牛奶巧克力口味雪糕145g×12杯', '0', ' ', '', '074e6c3db120c1a83b8100d475f9a4fb', 'e7c74466b4bf080fac729df014ae92b1', 'e74d46362ee46dedaf14a2c493f3b72c', 1, 4, 0, 1, '箱装', '呼和浩特', '内蒙古', '箱', 65, 4, 36.00, 36.00, 0, 1460448532, '1×145g×12杯', 0, '', 0),
(294, '伊利六个圈冰淇淋200g×12杯', '0', ' ', '', 'fc0200553c9f2b28c4d919f1f4d76074', '4a80420418a902a11a5f3dc241391dc5', '33056385a9f40a7fdb5c70150ebd51c7', 1, 4, 0, 1, '箱装', '呼和浩特', '内蒙古', '箱', 65, 5, 72.00, 72.00, 0, 1460448591, '1×200g×12杯', 0, '', 0),
(295, '伊利牧场双莓酸奶雪糕110g×12杯', '0', ' ', '', 'f399b5fd6168e3169274d09f6068a415', '7978ac3c4237049f8f27a3ec217c7f43', '26f1fddc5015fdd0c6c2be3907826311', 1, 4, 0, 1, '箱装', '呼和浩特', '内蒙古', '箱', 65, 0, 36.00, 36.00, 0, 1460448655, '1×110g×12杯', 0, '', 0),
(296, '伊利牧场牛奶棒雪糕65g×30支', '0', ' ', '', 'dc4de716fd0479565643535425b3cf5b', '2d1649e2540c32f7aff08e50299c095f', 'ed91027b2184885cf1ad409c2c0391c0', 1, 4, 0, 1, '箱装', '呼和浩特', '内蒙古', '箱', 65, 0, 45.00, 45.00, 0, 1460448720, '1×65g×30支', 0, '', 0),
(297, '伊利牧场甄稀香草味冰淇淋90g×16杯', '0', ' ', '', '0c72ede745ecac1d6fb0abc47dc7ca3c', '6a9fbc0935ef403b736c6acd219b7f66', '147a7e249191eccbfb71069840e265b0', 1, 4, 0, 1, '箱装', '呼和浩特', '内蒙古', '箱', 65, 0, 88.00, 88.00, 0, 1460448787, '1×90g×16杯', 0, '', 0),
(298, '伊利牧场甄稀提拉米苏味冰淇淋90g×16杯', '0', ' ', '', '962b12ce3c644d4c34592a51039a2435', '8c216e2e30773ff5a74d211aecc95a06', '2449bf0f82fdf734e375518791d62b94', 1, 4, 0, 1, '箱装', '呼和浩特', '内蒙古', '箱', 65, 4, 88.00, 88.00, 0, 1460448849, '1×90g×16杯', 0, '', 0),
(299, '伊利牧场甄稀醇真原味雪糕80g×30支', '0', ' ', '', '936d2e3babf4b5f2e58f2b7c83291a5f', '36b7db16ceb37fce0f579692f637fef0', 'd622b1853ea4d9a9d88d0d8cbd831d76', 1, 4, 0, 1, '箱装', '呼和浩特', '内蒙古', '箱', 65, 5, 78.00, 78.00, 0, 1460448918, '1×80g×30支', 0, '', 0),
(300, '伊利牧场甄稀挚恋草莓雪糕80g×30支', '0', ' ', '', '9451388eb93d5c4e63a18a868615d6c8', '17e931c39490dffc33dd8aa5f7b8a03f', '1e8374d7822a14461bd21794b1bbcdbe', 1, 4, 0, 1, '箱装', '呼和浩特', '内蒙古', '箱', 65, 54, 78.00, 78.00, 0, 1460448978, '1×80g×30支', 0, '', 0),
(301, '美登高塑杯香芋', '0', ' \r\n', '', '275b1e793414e2c95ff0f4a5a8511c75', '44f5a2e1e39a52050c3bae3cda5a4ebd', '42da460ca8f95b101026fdb07ed2d7b2,8cc4c6e14bb9d97bd2a5461108dd0edf,8613d8accfd7ea7b301eb3c511c8beff', 1, 5, 0, 1, '箱装', '天津市', '天津市', '箱', 65, 26, 20.00, 20.00, 0, 1460453054, '1×110g×12杯', 0, '', 0),
(302, '美登高塑杯巧克力', '0', ' ', '', 'a27208c25c41285703daba1a5c47bd59', '87b0d631a597ec472ea541879b9b1862', '5ffe55c36b88ab6a7ca46f9434e1723f,5d729dc4ff0480d851090c500e72986c,726a44eb5c85fbdf4477a8c49dc9f116', 1, 19, 0, 1, '箱装', '天津市', '天津市', '箱', 65, 14, 20.00, 20.00, 0, 1460453153, '1×110g×12杯', 0, '', 0),
(303, '可爱多甜筒樱桃卡布基诺口味', '', ' ', '', '46da68f997be9b0228ba64de18e633f4', '74ee118723747fd369d2a4908da8b69c', 'bcdc530a87aa79eb639aeb0138bf0531', 1, 5, 0, 1, '箱装', '北京', '北京', '箱', 65, 48, 72.00, 72.00, 0, 1460964224, '1×69g×24支', 0, '', 0);
INSERT INTO `goods` (`id`, `goods_name`, `goods_weight`, `goods_desc`, `goods_desc_img`, `goods_thumb`, `goods_img`, `original_img`, `goods_type`, `brand_id`, `is_delete`, `is_show`, `packaging`, `origin`, `province`, `unit`, `cid`, `amount`, `all_price`, `city_price`, `sort`, `create_time`, `standard`, `production_time`, `storage`, `shelf_life`) VALUES
(304, '小神童草莓', '0', ' ', '', '08c6f1ed4f1aae2a43ffd2fc4cb69e5c', '8d67038341a0664ce421c7d3c4e33a71', '30567786534329c17b81940adbc12a3f', 1, 20, 0, 1, '箱装', '郑州市', '河南省', '箱', 65, 2, 42.00, 42.00, 0, 1460459587, '1×60g×30支', 0, '', 0),
(305, '小神童香芋', '0', ' ', '', '8267be086a8d77d2a655df6d04412b9a', '694124d71aeaf49c1448c94c5f89e4d8', '3adedbdb57488f4a4d41b2227738f866', 1, 20, 0, 1, '箱装', '郑州市', '河南省', '箱', 65, 2, 42.00, 42.00, 0, 1460459646, '1×60g×30支', 0, '', 0),
(306, '小神童巧克力', '', ' ', '', 'd52dc42c236528a7b958e53bbfc1abb1', '85b9416fc3d8040ef91407216277b0e5', 'aa8229314d6f52ffe117dd506e5ffe13', 1, 20, 0, 0, '箱装', '郑州市', '河南省', '箱', 65, 91, 42.00, 42.00, 0, 1460709991, '1×60g×30支', 0, '', 0),
(307, 'test', '', '', '', 'f0eadeb952fc667d3066d4951939b507', '9c7d5699e3d26644f04ab301e2b9af9c', '', 1, 19, 1, 1, '', '', '', 'P', 65, 1, 1.00, 1.00, 0, 1460515947, '1*2*3', 0, '', 0),
(308, '超好吃冰淇淋1', '300', '', 'b49744c3c482b8e9433b5fde1fae9e2f', '2b0897081d64a680200d2e882d6b1957', 'cdfc8f261000478dbf4134d4acda4616', 'b0148cf8a1b1a9fdce89a8b0680c7a7a', 1, 4, 0, 1, '', '', '', '袋', 65, 3, 5.00, 8.00, 0, 1461051455, '90g*6支*4包测试', 0, '', 18),
(309, '蒙牛冰淇淋', '80', '     ', '4cfa282e589d977b327fa5a6c818f39a,3392031c67cd89bef689ec49b2cc353e,89d4f8f035e1f325f808c0b3926246ed,c5c9ffdfe718fb3447917edb2a7e33a3', 'f34750b15124051a2d5d9e6f8f281019', 'e80f7ffc4b023a1e97ab4e1aa687d002', 'a6cdd353e42ef7a3422959441358c666,6cf16028b37a170fe98fba11aa8134da', 1, 22, 0, 1, '', '', '', '箱', 65, 12, 80.00, 100.00, 0, 1460964062, '1*40支', 0, '', 0);

-- --------------------------------------------------------

--
-- 表的结构 `goods_type`
--

CREATE TABLE IF NOT EXISTS `goods_type` (
  `id` int(8) unsigned NOT NULL AUTO_INCREMENT COMMENT '商品类型ID',
  `name` varchar(60) NOT NULL COMMENT '类型名称',
  `is_show` tinyint(1) NOT NULL DEFAULT '0' COMMENT '是否显示 0:不显示  1:显示',
  `order` tinyint(1) NOT NULL COMMENT '排序',
  `describe` varchar(255) NOT NULL COMMENT '描述',
  `parent_id` int(8) NOT NULL COMMENT '父级ID',
  `create_time` int(11) NOT NULL COMMENT '创建时间',
  PRIMARY KEY (`id`)
) ENGINE=MyISAM  DEFAULT CHARSET=utf8 COMMENT='商品类型表' AUTO_INCREMENT=4 ;

--
-- 转存表中的数据 `goods_type`
--

INSERT INTO `goods_type` (`id`, `name`, `is_show`, `order`, `describe`, `parent_id`, `create_time`) VALUES
(1, '冰淇淋', 1, 0, '冰淇淋', 0, 1458809938),
(3, '速冻类', 1, 0, '水饺、馄饨、汤圆、火锅丸子、粽子等', 0, 1459324328);

-- --------------------------------------------------------

--
-- 表的结构 `menu`
--

CREATE TABLE IF NOT EXISTS `menu` (
  `id` int(11) NOT NULL AUTO_INCREMENT,
  `name` varchar(255) NOT NULL COMMENT '应用名',
  `controller` varchar(255) NOT NULL COMMENT '控制器',
  `method` varchar(255) NOT NULL COMMENT '方法',
  `parent_id` int(10) NOT NULL DEFAULT '0',
  `basemenu` tinyint(4) NOT NULL DEFAULT '0' COMMENT '本身作为最终菜单',
  PRIMARY KEY (`id`)
) ENGINE=InnoDB  DEFAULT CHARSET=utf8 AUTO_INCREMENT=97 ;

--
-- 转存表中的数据 `menu`
--

INSERT INTO `menu` (`id`, `name`, `controller`, `method`, `parent_id`, `basemenu`) VALUES
(2, '公司列表', 'addressOffice', 'addressOfficeList', 0, 0),
(3, '添加公司', 'addressOffice', 'add', 0, 0),
(4, '编辑公司', 'addressOffice', 'edit', 0, 0),
(5, '公司详情', 'addressOffice', 'companyInfo', 0, 0),
(6, '公司账单列表', 'addressOffice', 'companyaccountlist', 0, 0),
(7, '公司账单详情', 'addressOffice', 'companyaccountinfo', 0, 0),
(8, '公司账单确认结算', 'addressOffice', 'updateStatus', 0, 0),
(9, '经销商账单列表', 'addressOffice', 'warehouseaccountlist', 0, 0),
(10, '经销商账单详情', 'addressOffice', 'warehouseAccountInfo', 0, 0),
(11, '添加公司', 'addressOffice', 'add', 0, 0),
(12, '账号列表', 'developer', 'adminlist', 0, 0),
(13, '添加账号', 'developer', 'signup', 0, 0),
(14, '编辑账号', 'developer', 'update', 0, 0),
(15, '删除账号', 'developer', 'delete', 0, 0),
(16, '角色列表', 'developer', 'rolelist', 0, 0),
(17, '添加角色', 'developer', 'roleadd', 0, 0),
(18, '编辑角色', 'developer', 'roleupdate', 0, 0),
(19, '删除角色', 'developer', 'roledelete', 0, 0),
(20, '应用列表', 'developer', 'rbclist', 0, 0),
(21, '添加应用', 'developer', 'addrbc', 0, 0),
(22, '编辑应用', 'developer', 'updatemenu', 0, 0),
(23, '删除应用', 'developer', 'delerbc', 0, 0),
(24, '后支付用户账单列表', 'afterpayuser', 'getlist', 0, 0),
(25, '后支付用户账单详情', 'afterpayuser', 'accountlist', 0, 0),
(26, '经销商列表', 'warehouse', 'warehouselist', 0, 0),
(27, '添加经销商', 'warehouse', 'add', 0, 0),
(28, '编辑经销商', 'warehouse', 'edit', 0, 0),
(29, '经销商详情', 'warehouse', 'warehouseInfo', 0, 0),
(30, '用户列表', 'users', 'userlist', 0, 0),
(31, '编辑用户', 'users', 'userdetail', 0, 0),
(32, '拉黑用户', 'users', 'dodel', 0, 0),
(33, '审核用户', 'users', 'cancelstock', 0, 0),
(34, '订单列表', 'orders', 'orderlist', 0, 0),
(35, '订单详情', 'orders', 'orderInfo', 0, 0),
(36, '修改订单状态', 'orders', 'ajaxOrderStates', 0, 0),
(37, '消息列表', 'message', 'messagelist', 0, 0),
(38, '添加消息', 'message', 'add', 0, 0),
(39, '编辑消息', 'message', 'update', 0, 0),
(40, '重发消息', 'message', 'resend', 0, 0),
(41, '删除消息', 'message', 'del', 0, 0),
(42, '商品列表', 'goods', 'list', 0, 0),
(43, '编辑商品', 'goods', 'update', 0, 0),
(44, '商品上下架', 'goods', 'upShow', 0, 0),
(45, '删除商品', 'goods', 'delete', 0, 0),
(46, '添加商品', 'goods', 'add', 0, 0),
(47, '品牌列表', 'brand', 'list', 0, 0),
(48, '添加品牌', 'brand', 'add', 0, 0),
(49, '编辑品牌', 'brand', 'update', 0, 0),
(50, '品牌是否显示', 'brand', 'upShow', 0, 0),
(51, '删除品牌', 'brand', 'del', 0, 0),
(52, '品类列表', 'classify', 'list', 0, 0),
(53, '添加品类', 'classify', 'add', 0, 0),
(54, '编辑品类', 'classify', 'update', 0, 0),
(55, '品类是否显示', 'classify', 'upShow', 0, 0),
(56, '删除品类', 'classify', 'del', 0, 0),
(57, '限时抢购列表', 'activitylimittime', 'list', 0, 0),
(58, '添加限时抢购', 'activitylimittime', 'add', 0, 0),
(59, '搜索限时抢购商品', 'activitylimittime', 'goodsSearch', 0, 0),
(60, '编辑限时抢购', 'activitylimittime', 'update', 0, 0),
(61, '删除限时抢购', 'activitylimittime', 'delete', 0, 0),
(62, '限时抢购置顶', 'activitylimittime', 'activityOrder', 0, 0),
(63, '买就送列表', 'activitygift', 'list', 0, 0),
(64, '添加买就送', 'activitygift', 'add', 0, 0),
(65, '搜索买就送商品', 'activitygift', 'goodsSearch', 0, 0),
(66, '搜索买就送赠品', 'activitygift', 'giftGoodsSearch', 0, 0),
(67, '编辑买就送', 'activitygift', 'update', 0, 0),
(68, '删除买就送', 'activitygift', 'delete', 0, 0),
(69, '买就送置顶', 'activitygift', 'activityOrder', 0, 0),
(70, '品牌活动列表', 'activitybrand', 'list', 0, 0),
(71, '添加品牌活动', 'activitybrand', 'add', 0, 0),
(72, '搜索品牌活动商品', 'activitybrand', 'goodsSearch', 0, 0),
(73, '编辑品牌活动', 'activitybrand', 'update', 0, 0),
(74, '删除品牌活动', 'activitybrand', 'delete', 0, 0),
(75, '品牌活动置顶', 'activitybrand', 'activityOrder', 0, 0),
(76, '广告列表', 'ad', 'list', 0, 0),
(77, '搜索广告商品', 'ad', 'goodsSearch', 0, 0),
(78, '编辑广告', 'ad', 'update', 0, 0),
(79, '删除广告', 'ad', 'delete', 0, 0),
(80, '添加广告', 'ad', 'add', 0, 0),
(81, '代金券列表', 'securities', 'list', 0, 0),
(82, '添加代金券', 'securities', 'add', 0, 0),
(83, '编辑代金券', 'securities', 'update', 0, 0),
(84, '删除代金券', 'securities', 'delete', 0, 0),
(85, '发放代金券', 'securities', 'resend', 0, 0),
(86, '优惠券列表', 'coupons', 'list', 0, 0),
(87, '添加优惠券', 'coupons', 'add', 0, 0),
(88, '搜索优惠券商品', 'coupons', 'goodsSearch', 0, 0),
(89, '编辑优惠券', 'coupons', 'update', 0, 0),
(90, '发放优惠券', 'coupons', 'resend', 0, 0),
(91, '删除优惠券', 'coupons', 'delete', 0, 0),
(92, '添加优惠券', '易信通控制器', '通信模块', 0, 0),
(93, '发货', 'orders', 'deliverGoods', 0, 0),
(94, '删除图片', 'goods', 'delImg', 0, 0),
(95, '退款', 'orders', 'refund', 0, 0),
(96, '更新应用', 'app', 'index', 0, 0);

-- --------------------------------------------------------

--
-- 表的结构 `message`
--

CREATE TABLE IF NOT EXISTS `message` (
  `id` int(10) unsigned NOT NULL AUTO_INCREMENT COMMENT '消息表ID',
  `title` varchar(160) NOT NULL COMMENT '标题',
  `content` varchar(255) NOT NULL COMMENT '内容',
  `receiver` tinyint(1) NOT NULL DEFAULT '0' COMMENT '接收区分 0.全部 1.普通客户 2.大客户',
  `type` tinyint(1) NOT NULL COMMENT '1.订单 2.账单 3.官方 4.优惠券',
  `create_time` int(11) NOT NULL COMMENT '创建时间',
  PRIMARY KEY (`id`)
) ENGINE=InnoDB  DEFAULT CHARSET=utf8 COMMENT='消息表' AUTO_INCREMENT=265 ;

--
-- 转存表中的数据 `message`
--

INSERT INTO `message` (`id`, `title`, `content`, `receiver`, `type`, `create_time`) VALUES
(1, '官方消息', '欢迎您使用冰团e购，我们致力于打造最便捷、最安心的冷食采购平台，快来体验吧，如您在使用过程中有任何问题或建议欢迎联系我们400-629-6379', 0, 3, 1460534025),
(2, '官方消息', '欢迎您使用冰团e购，我们致力于打造最便捷、最安心的冷食采购平台，快来体验吧，如您在使用过程中有任何问题或建议欢迎联系我们400-629-6379', 1, 3, 1460535909),
(3, '订单消息', '尊敬的用户，您在冰团e购已成功提交在线支付订单，请在1小时内完成支付，超时未支付订单将自动取消，活动订单将取消参与资格。客服热线：400-629-6379', 1, 1, 1460536556),
(4, '订单消息', '尊敬的用户，您在冰团e购已成功提交在线支付订单，请在1小时内完成支付，超时未支付订单将自动取消，活动订单将取消参与资格。客服热线：400-629-6379', 1, 1, 1460536725),
(5, '订单消息', '尊敬的用户，您在冰团e购已成功提交在线支付订单，请在1小时内完成支付，超时未支付订单将自动取消，活动订单将取消参与资格。客服热线：400-629-6379', 1, 1, 1460536737),
(6, '官方消息', '1代金券已入您的账户,请注意查收', 1, 4, 1460559013),
(7, '官方消息', '测试1优惠券已入您的账户,请注意查收', 1, 4, 1460559534),
(8, '订单消息', '恭喜您下单成功啦！下单时间：2016-04-13 23:00:28, 查看该订单', 1, 1, 1460559628),
(9, '订单消息', '恭喜您下单成功啦！下单时间：2016-04-13 23:00:31, 查看该订单', 1, 1, 1460559631),
(10, '订单消息', '恭喜您下单成功啦！下单时间：2016-04-13 23:00:32, 查看该订单', 1, 1, 1460559632),
(11, '订单消息', '恭喜您下单成功啦！下单时间：2016-04-13 23:00:33, 查看该订单', 1, 1, 1460559633),
(12, '订单消息', '恭喜您下单成功啦！下单时间：2016-04-13 23:00:34, 查看该订单', 1, 1, 1460559634),
(13, '订单消息', '恭喜您下单成功啦！下单时间：2016-04-13 23:00:35, 查看该订单', 1, 1, 1460559635),
(14, '订单消息', '尊敬的用户，您在冰团e购已成功提交在线支付订单，请在1小时内完成支付，超时未支付订单将自动取消，活动订单将取消参与资格。客服热线：400-629-6379', 1, 1, 1460559647),
(15, '官方消息', '测试2优惠券已入您的账户,请注意查收', 1, 4, 1460559708),
(16, '订单消息', '恭喜您下单成功啦！下单时间：2016-04-13 23:02:11, 查看该订单', 1, 1, 1460559731),
(17, '订单消息', '恭喜您下单成功啦！下单时间：2016-04-13 23:02:15, 查看该订单', 1, 1, 1460559735),
(18, '订单消息', '恭喜您下单成功啦！下单时间：2016-04-13 23:02:35, 查看该订单', 1, 1, 1460559755),
(19, '订单消息', '恭喜您下单成功啦！下单时间：2016-04-13 23:02:37, 查看该订单', 1, 1, 1460559757),
(20, '订单消息', '恭喜您下单成功啦！下单时间：2016-04-13 23:03:19, 查看该订单', 1, 1, 1460559799),
(21, '官方消息', '测试3优惠券已入您的账户,请注意查收', 1, 4, 1460559946),
(22, '订单消息', '恭喜您下单成功啦！下单时间：2016-04-13 23:09:00, 查看该订单', 1, 1, 1460560140),
(23, '订单消息', '尊敬的用户，您在冰团e购已成功提交在线支付订单，请在1小时内完成支付，超时未支付订单将自动取消，活动订单将取消参与资格。客服热线：400-629-6379', 1, 1, 1460560599),
(24, '订单消息', '尊敬的用户，您在冰团e购已成功提交在线支付订单，请在1小时内完成支付，超时未支付订单将自动取消，活动订单将取消参与资格。客服热线：400-629-6379', 1, 1, 1460561142),
(25, '官方消息', '造个bug优惠券已入您的账户,请注意查收', 1, 4, 1460598690),
(26, '订单消息', '恭喜您下单成功啦！下单时间：2016-04-14 09:53:08, 查看该订单', 1, 1, 1460598788),
(27, '订单消息', '恭喜您下单成功啦！下单时间：2016-04-14 09:53:13, 查看该订单', 1, 1, 1460598793),
(28, '订单消息', '尊敬的用户，您在冰团e购已成功提交在线支付订单，请在1小时内完成支付，超时未支付订单将自动取消，活动订单将取消参与资格。客服热线：400-629-6379', 1, 1, 1460599173),
(29, '订单消息', '您的订单201604140959331960已退款成功，退款金额56.00元，退款时间：1970-01-01 08:00:00, 查看退款记录', 1, 1, 1460599201),
(30, '订单消息', '尊敬的用户，您在冰团e购已成功提交在线支付订单，请在1小时内完成支付，超时未支付订单将自动取消，活动订单将取消参与资格。客服热线：400-629-6379', 1, 1, 1460599845),
(31, '订单消息', '尊敬的用户，您在冰团e购已成功提交在线支付订单，请在1小时内完成支付，超时未支付订单将自动取消，活动订单将取消参与资格。客服热线：400-629-6379', 1, 1, 1460599982),
(32, '订单消息', '尊敬的用户，您在冰团e购已成功提交在线支付订单，请在1小时内完成支付，超时未支付订单将自动取消，活动订单将取消参与资格。客服热线：400-629-6379', 1, 1, 1460600245),
(33, '订单消息', '恭喜您下单成功啦！下单时间：2016-04-14 10:36:47, 查看该订单', 1, 1, 1460601407),
(34, '订单消息', '恭喜您下单成功啦！下单时间：2016-04-14 10:37:04, 查看该订单', 1, 1, 1460601424),
(35, '订单消息', '尊敬的用户，您在冰团e购已成功提交在线支付订单，请在1小时内完成支付，超时未支付订单将自动取消，活动订单将取消参与资格。客服热线：400-629-6379', 1, 1, 1460602244),
(36, '官方消息', '造个bug优惠券已入您的账户,请注意查收', 1, 4, 1460603857),
(37, '订单消息', '恭喜您下单成功啦！下单时间：2016-04-14 11:22:51, 查看该订单', 1, 1, 1460604171),
(38, '订单消息', '恭喜您下单成功啦！下单时间：2016-04-14 11:22:55, 查看该订单', 1, 1, 1460604175),
(39, '订单消息', '恭喜您下单成功啦！下单时间：2016-04-14 11:22:56, 查看该订单', 1, 1, 1460604176),
(40, '订单消息', '恭喜您下单成功啦！下单时间：2016-04-14 11:22:57, 查看该订单', 1, 1, 1460604177),
(41, '订单消息', '恭喜您下单成功啦！下单时间：2016-04-14 11:22:58, 查看该订单', 1, 1, 1460604178),
(42, '订单消息', '恭喜您下单成功啦！下单时间：2016-04-14 11:22:58, 查看该订单', 1, 1, 1460604178),
(43, '订单消息', '恭喜您下单成功啦！下单时间：2016-04-14 11:22:59, 查看该订单', 1, 1, 1460604179),
(44, '订单消息', '恭喜您下单成功啦！下单时间：2016-04-14 11:23:00, 查看该订单', 1, 1, 1460604180),
(45, '订单消息', '恭喜您下单成功啦！下单时间：2016-04-14 11:23:00, 查看该订单', 1, 1, 1460604180),
(46, '订单消息', '恭喜您下单成功啦！下单时间：2016-04-14 11:23:00, 查看该订单', 1, 1, 1460604180),
(47, '订单消息', '恭喜您下单成功啦！下单时间：2016-04-14 11:23:50, 查看该订单', 1, 1, 1460604230),
(48, '订单消息', '恭喜您下单成功啦！下单时间：2016-04-14 11:23:52, 查看该订单', 1, 1, 1460604232),
(49, '订单消息', '尊敬的用户，您在冰团e购已成功提交在线支付订单，请在1小时内完成支付，超时未支付订单将自动取消，活动订单将取消参与资格。客服热线：400-629-6379', 1, 1, 1460604286),
(50, '订单消息', '尊敬的用户，您在冰团e购已成功提交在线支付订单，请在1小时内完成支付，超时未支付订单将自动取消，活动订单将取消参与资格。客服热线：400-629-6379', 1, 1, 1460604310),
(51, '订单消息', '恭喜您下单成功啦！下单时间：2016-04-14 11:25:29, 查看该订单', 1, 1, 1460604329),
(52, '订单消息', '恭喜您下单成功啦！下单时间：2016-04-14 11:26:23, 查看该订单', 1, 1, 1460604383),
(53, '官方消息', '欢迎您使用冰团e购，我们致力于打造最便捷、最安心的冷食采购平台，快来体验吧，如您在使用过程中有任何问题或建议欢迎联系我们400-629-6379', 0, 3, 1460604930),
(54, '官方消息', '测试优惠券优惠券已入您的账户,请注意查收', 1, 4, 1460605000),
(55, '订单消息', '恭喜您下单成功啦！下单时间：2016-04-14 11:39:40, 查看该订单', 1, 1, 1460605180),
(56, '订单消息', '尊敬的用户，您在冰团e购已成功提交在线支付订单，请在1小时内完成支付，超时未支付订单将自动取消，活动订单将取消参与资格。客服热线：400-629-6379', 1, 1, 1460605284),
(57, '官方消息', '测试优惠券优惠券已入您的账户,请注意查收', 1, 4, 1460606095),
(58, '订单消息', '尊敬的用户，您在冰团e购已成功提交在线支付订单，请在1小时内完成支付，超时未支付订单将自动取消，活动订单将取消参与资格。客服热线：400-629-6379', 1, 1, 1460606331),
(59, '订单消息', '恭喜您下单成功啦！下单时间：2016-04-14 11:59:40, 查看该订单', 1, 1, 1460606380),
(60, '订单消息', '您的订单201604141139407121已于2016-04-14 11:59:43被您取消, 查看退款进度', 1, 1, 1460606383),
(61, '订单消息', '恭喜您下单成功啦！下单时间：2016-04-14 11:59:43, 查看该订单', 1, 1, 1460606383),
(62, '官方消息', '1个优惠券优惠券已入您的账户,请注意查收', 1, 4, 1460606467),
(63, '订单消息', '尊敬的用户，您在冰团e购已成功提交在线支付订单，请在1小时内完成支付，超时未支付订单将自动取消，活动订单将取消参与资格。客服热线：400-629-6379', 1, 1, 1460607438),
(64, '官方消息', '测试代金券发送代金券已入您的账户,请注意查收', 1, 4, 1460615246),
(65, '订单消息', '尊敬的用户，您在冰团e购已成功提交在线支付订单，请在1小时内完成支付，超时未支付订单将自动取消，活动订单将取消参与资格。客服热线：400-629-6379', 1, 1, 1460615579),
(66, '订单消息', '尊敬的用户，您在冰团e购已成功提交在线支付订单，请在1小时内完成支付，超时未支付订单将自动取消，活动订单将取消参与资格。客服热线：400-629-6379', 1, 1, 1460615684),
(67, '官方消息', '测试代金券发送代金券已入您的账户,请注意查收', 1, 4, 1460615757),
(68, '订单消息', '尊敬的用户，您在冰团e购已成功提交在线支付订单，请在1小时内完成支付，超时未支付订单将自动取消，活动订单将取消参与资格。客服热线：400-629-6379', 1, 1, 1460615794),
(69, '官方消息', '测试代金券发送代金券已入您的账户,请注意查收', 1, 4, 1460616424),
(70, '官方消息', '测试代金券发送代金券已入您的账户,请注意查收', 1, 4, 1460616429),
(71, '官方消息', '测试代金券发送代金券已入您的账户,请注意查收', 1, 4, 1460616435),
(72, '订单消息', '尊敬的用户，您在冰团e购已成功提交在线支付订单，请在1小时内完成支付，超时未支付订单将自动取消，活动订单将取消参与资格。客服热线：400-629-6379', 1, 1, 1460616502),
(73, '订单消息', '尊敬的用户，您在冰团e购已成功提交在线支付订单，请在1小时内完成支付，超时未支付订单将自动取消，活动订单将取消参与资格。客服热线：400-629-6379', 1, 1, 1460616543),
(74, '订单消息', '尊敬的用户，您在冰团e购已成功提交在线支付订单，请在1小时内完成支付，超时未支付订单将自动取消，活动订单将取消参与资格。客服热线：400-629-6379', 1, 1, 1460616618),
(75, '官方消息', '测试代金券发送代金券已入您的账户,请注意查收', 1, 4, 1460616775),
(76, '订单消息', '尊敬的用户，您在冰团e购已成功提交在线支付订单，请在1小时内完成支付，超时未支付订单将自动取消，活动订单将取消参与资格。客服热线：400-629-6379', 1, 1, 1460616863),
(77, '官方消息', '测试优惠券对应商品打折优惠券已入您的账户,请注意查收', 1, 4, 1460617964),
(78, '官方消息', '测试优惠券对应商品打折优惠券已入您的账户,请注意查收', 1, 4, 1460618234),
(79, '订单消息', '恭喜您下单成功啦！下单时间：2016-04-14 15:21:06, 查看该订单', 1, 1, 1460618466),
(80, '订单消息', '恭喜您下单成功啦！下单时间：2016-04-14 15:21:35, 查看该订单', 1, 1, 1460618495),
(81, '订单消息', '恭喜您下单成功啦！下单时间：2016-04-14 15:22:02, 查看该订单', 1, 1, 1460618522),
(82, '订单消息', '恭喜您下单成功啦！下单时间：2016-04-14 15:22:08, 查看该订单', 1, 1, 1460618528),
(83, '订单消息', '恭喜您下单成功啦！下单时间：2016-04-14 15:23:12, 查看该订单', 1, 1, 1460618592),
(84, '订单消息', '尊敬的用户，您在冰团e购已成功提交在线支付订单，请在1小时内完成支付，超时未支付订单将自动取消，活动订单将取消参与资格。客服热线：400-629-6379', 1, 1, 1460619348),
(85, '订单消息', '尊敬的用户，您在冰团e购已成功提交在线支付订单，请在1小时内完成支付，超时未支付订单将自动取消，活动订单将取消参与资格。客服热线：400-629-6379', 1, 1, 1460620677),
(86, '官方消息', '欢迎您使用冰团e购，我们致力于打造最便捷、最安心的冷食采购平台，快来体验吧，如您在使用过程中有任何问题或建议欢迎联系我们400-629-6379', 0, 3, 1460623934),
(87, '官方消息', '测试优惠券对应商品打折优惠券已入您的账户,请注意查收', 1, 4, 1460623993),
(88, '订单消息', '尊敬的用户，您在冰团e购已成功提交在线支付订单，请在1小时内完成支付，超时未支付订单将自动取消，活动订单将取消参与资格。客服热线：400-629-6379', 1, 1, 1460625507),
(89, '订单消息', '尊敬的用户，您在冰团e购已成功提交在线支付订单，请在1小时内完成支付，超时未支付订单将自动取消，活动订单将取消参与资格。客服热线：400-629-6379', 1, 1, 1460627709),
(90, '订单消息', '尊敬的用户，您在冰团e购已成功提交在线支付订单，请在1小时内完成支付，超时未支付订单将自动取消，活动订单将取消参与资格。客服热线：400-629-6379', 1, 1, 1460627823),
(91, '订单消息', '尊敬的用户，您在冰团e购已成功提交在线支付订单，请在1小时内完成支付，超时未支付订单将自动取消，活动订单将取消参与资格。客服热线：400-629-6379', 1, 1, 1460627924),
(92, '订单消息', '尊敬的用户，您在冰团e购已成功提交在线支付订单，请在1小时内完成支付，超时未支付订单将自动取消，活动订单将取消参与资格。客服热线：400-629-6379', 1, 1, 1460628279),
(93, '订单消息', '尊敬的用户，您在冰团e购已成功提交在线支付订单，请在1小时内完成支付，超时未支付订单将自动取消，活动订单将取消参与资格。客服热线：400-629-6379', 1, 1, 1460628722),
(94, '订单消息', '尊敬的用户，您在冰团e购已成功提交在线支付订单，请在1小时内完成支付，超时未支付订单将自动取消，活动订单将取消参与资格。客服热线：400-629-6379', 1, 1, 1460629439),
(95, '订单消息', '尊敬的用户，您在冰团e购已成功提交在线支付订单，请在1小时内完成支付，超时未支付订单将自动取消，活动订单将取消参与资格。客服热线：400-629-6379', 1, 1, 1460629815),
(96, '订单消息', '尊敬的用户，您在冰团e购已成功提交在线支付订单，请在1小时内完成支付，超时未支付订单将自动取消，活动订单将取消参与资格。客服热线：400-629-6379', 1, 1, 1460629984),
(97, '订单消息', '尊敬的用户，您在冰团e购已成功提交在线支付订单，请在1小时内完成支付，超时未支付订单将自动取消，活动订单将取消参与资格。客服热线：400-629-6379', 1, 1, 1460630023),
(98, '订单消息', '尊敬的用户，您在冰团e购已成功提交在线支付订单，请在1小时内完成支付，超时未支付订单将自动取消，活动订单将取消参与资格。客服热线：400-629-6379', 1, 1, 1460630175),
(99, '官方消息', '测试代金券发送代金券已入您的账户,请注意查收', 1, 4, 1460635588),
(100, '订单消息', '尊敬的用户，您在冰团e购已成功提交在线支付订单，请在1小时内完成支付，超时未支付订单将自动取消，活动订单将取消参与资格。客服热线：400-629-6379', 1, 1, 1460635615),
(101, '订单消息', '尊敬的用户，您在冰团e购已成功提交在线支付订单，请在1小时内完成支付，超时未支付订单将自动取消，活动订单将取消参与资格。客服热线：400-629-6379', 1, 1, 1460675420),
(102, '订单消息', '尊敬的用户，您在冰团e购已成功提交在线支付订单，请在1小时内完成支付，超时未支付订单将自动取消，活动订单将取消参与资格。客服热线：400-629-6379', 1, 1, 1460675539),
(103, '订单消息', '尊敬的用户，您在冰团e购已成功提交在线支付订单，请在1小时内完成支付，超时未支付订单将自动取消，活动订单将取消参与资格。客服热线：400-629-6379', 1, 1, 1460676529),
(104, '订单消息', '尊敬的用户，您在冰团e购已成功提交在线支付订单，请在1小时内完成支付，超时未支付订单将自动取消，活动订单将取消参与资格。客服热线：400-629-6379', 1, 1, 1460685891),
(105, '订单消息', '尊敬的用户，您在冰团e购已成功提交在线支付订单，请在1小时内完成支付，超时未支付订单将自动取消，活动订单将取消参与资格。客服热线：400-629-6379', 1, 1, 1460686719),
(106, '订单消息', '尊敬的用户，您在冰团e购已成功提交在线支付订单，请在1小时内完成支付，超时未支付订单将自动取消，活动订单将取消参与资格。客服热线：400-629-6379', 1, 1, 1460686773),
(107, '订单消息', '您的订单201604151018398777已退款成功，退款金额72.00元，退款时间：1970-01-01 08:00:00, 查看退款记录', 1, 1, 1460686817),
(108, '订单消息', '恭喜您下单成功啦！下单时间：2016-04-15 10:25:10, 查看该订单', 1, 1, 1460687110),
(109, '订单消息', '恭喜您下单成功啦！下单时间：2016-04-15 10:25:56, 查看该订单', 1, 1, 1460687156),
(110, '订单消息', '恭喜您下单成功啦！下单时间：2016-04-15 10:26:40, 查看该订单', 1, 1, 1460687200),
(111, '订单消息', '恭喜您下单成功啦！下单时间：2016-04-15 10:26:59, 查看该订单', 1, 1, 1460687219),
(112, '订单消息', '恭喜您下单成功啦！下单时间：2016-04-15 10:27:25, 查看该订单', 1, 1, 1460687245),
(113, '订单消息', '尊敬的用户，您在冰团e购已成功提交在线支付订单，请在1小时内完成支付，超时未支付订单将自动取消，活动订单将取消参与资格。客服热线：400-629-6379', 1, 1, 1460688333),
(114, '订单消息', '恭喜您下单成功啦！下单时间：2016-04-15 11:03:01, 查看该订单', 1, 1, 1460689381),
(115, '订单消息', '恭喜您下单成功啦！下单时间：2016-04-15 11:04:44, 查看该订单', 1, 1, 1460689484),
(116, '订单消息', '恭喜您下单成功啦！下单时间：2016-04-15 11:05:08, 查看该订单', 1, 1, 1460689508),
(117, '订单消息', '尊敬的用户，您在冰团e购已成功提交在线支付订单，请在1小时内完成支付，超时未支付订单将自动取消，活动订单将取消参与资格。客服热线：400-629-6379', 1, 1, 1460689556),
(118, '订单消息', '恭喜您下单成功啦！下单时间：2016-04-15 11:06:29, 查看该订单', 1, 1, 1460689589),
(119, '订单消息', '尊敬的用户，您在冰团e购已成功提交在线支付订单，请在1小时内完成支付，超时未支付订单将自动取消，活动订单将取消参与资格。客服热线：400-629-6379', 1, 1, 1460689705),
(120, '订单消息', '恭喜您下单成功啦！下单时间：2016-04-15 11:08:58, 查看该订单', 1, 1, 1460689738),
(121, '订单消息', '恭喜您下单成功啦！下单时间：2016-04-15 11:09:07, 查看该订单', 1, 1, 1460689747),
(122, '订单消息', '恭喜您下单成功啦！下单时间：2016-04-15 11:09:13, 查看该订单', 1, 1, 1460689753),
(123, '订单消息', '恭喜您下单成功啦！下单时间：2016-04-15 11:09:15, 查看该订单', 1, 1, 1460689755),
(124, '订单消息', '尊敬的用户，您在冰团e购已成功提交在线支付订单，请在1小时内完成支付，超时未支付订单将自动取消，活动订单将取消参与资格。客服热线：400-629-6379', 1, 1, 1460690384),
(125, '订单消息', '尊敬的用户，您在冰团e购已成功提交在线支付订单，请在1小时内完成支付，超时未支付订单将自动取消，活动订单将取消参与资格。客服热线：400-629-6379', 1, 1, 1460690400),
(126, '官方消息', '测试订单显示优惠券已入您的账户,请注意查收', 1, 4, 1460691233),
(127, '订单消息', '尊敬的用户，您在冰团e购已成功提交在线支付订单，请在1小时内完成支付，超时未支付订单将自动取消，活动订单将取消参与资格。客服热线：400-629-6379', 1, 1, 1460691250),
(128, '官方消息', '测试单个优惠券优惠券已入您的账户,请注意查收', 1, 4, 1460691624),
(129, '订单消息', '恭喜您下单成功啦！下单时间：2016-04-15 11:43:09, 查看该订单', 1, 1, 1460691789),
(130, '订单消息', '恭喜您下单成功啦！下单时间：2016-04-15 11:43:16, 查看该订单', 1, 1, 1460691796),
(131, '订单消息', '尊敬的用户，您在冰团e购已成功提交在线支付订单，请在1小时内完成支付，超时未支付订单将自动取消，活动订单将取消参与资格。客服热线：400-629-6379', 1, 1, 1460691855),
(132, '订单消息', '尊敬的用户，您在冰团e购已成功提交在线支付订单，请在1小时内完成支付，超时未支付订单将自动取消，活动订单将取消参与资格。客服热线：400-629-6379', 1, 1, 1460692016),
(133, '订单消息', '尊敬的用户，您在冰团e购已成功提交在线支付订单，请在1小时内完成支付，超时未支付订单将自动取消，活动订单将取消参与资格。客服热线：400-629-6379', 1, 1, 1460692888),
(134, '订单消息', '尊敬的用户，您在冰团e购已成功提交在线支付订单，请在1小时内完成支付，超时未支付订单将自动取消，活动订单将取消参与资格。客服热线：400-629-6379', 1, 1, 1460692983),
(135, '订单消息', '尊敬的用户，您在冰团e购已成功提交在线支付订单，请在1小时内完成支付，超时未支付订单将自动取消，活动订单将取消参与资格。客服热线：400-629-6379', 1, 1, 1460693019),
(136, '订单消息', '尊敬的用户，您在冰团e购已成功提交在线支付订单，请在1小时内完成支付，超时未支付订单将自动取消，活动订单将取消参与资格。客服热线：400-629-6379', 1, 1, 1460693040),
(137, '订单消息', '恭喜您下单成功啦！下单时间：2016-04-15 12:06:41, 查看该订单', 1, 1, 1460693202),
(138, '订单消息', '恭喜您下单成功啦！下单时间：2016-04-15 12:12:19, 查看该订单', 1, 1, 1460693539),
(139, '订单消息', '恭喜您下单成功啦！下单时间：2016-04-15 12:12:26, 查看该订单', 1, 1, 1460693546),
(140, '订单消息', '恭喜您下单成功啦！下单时间：2016-04-15 12:18:27, 查看该订单', 1, 1, 1460693907),
(141, '订单消息', '尊敬的用户，您在冰团e购已成功提交在线支付订单，请在1小时内完成支付，超时未支付订单将自动取消，活动订单将取消参与资格。客服热线：400-629-6379', 1, 1, 1460694031),
(142, '订单消息', '尊敬的用户，您在冰团e购已成功提交在线支付订单，请在1小时内完成支付，超时未支付订单将自动取消，活动订单将取消参与资格。客服热线：400-629-6379', 1, 1, 1460697621),
(143, '订单消息', '尊敬的用户，您在冰团e购已成功提交在线支付订单，请在1小时内完成支付，超时未支付订单将自动取消，活动订单将取消参与资格。客服热线：400-629-6379', 1, 1, 1460699568),
(144, '订单消息', '尊敬的用户，您在冰团e购已成功提交在线支付订单，请在1小时内完成支付，超时未支付订单将自动取消，活动订单将取消参与资格。客服热线：400-629-6379', 1, 1, 1460700304),
(145, '订单消息', '尊敬的用户，您在冰团e购已成功提交在线支付订单，请在1小时内完成支付，超时未支付订单将自动取消，活动订单将取消参与资格。客服热线：400-629-6379', 1, 1, 1460700851),
(146, '订单消息', '尊敬的用户，您在冰团e购已成功提交在线支付订单，请在1小时内完成支付，超时未支付订单将自动取消，活动订单将取消参与资格。客服热线：400-629-6379', 1, 1, 1460700907),
(147, '官方消息', '测试单个优惠券优惠券已入您的账户,请注意查收', 1, 4, 1460703019),
(148, '订单消息', '尊敬的用户，您在冰团e购已成功提交在线支付订单，请在1小时内完成支付，超时未支付订单将自动取消，活动订单将取消参与资格。客服热线：400-629-6379', 1, 1, 1460705483),
(149, '订单消息', '尊敬的用户，您在冰团e购已成功提交在线支付订单，请在1小时内完成支付，超时未支付订单将自动取消，活动订单将取消参与资格。客服热线：400-629-6379', 1, 1, 1460705885),
(150, '订单消息', '尊敬的用户，您在冰团e购已成功提交在线支付订单，请在1小时内完成支付，超时未支付订单将自动取消，活动订单将取消参与资格。客服热线：400-629-6379', 1, 1, 1460706468),
(151, '订单消息', '尊敬的用户，您在冰团e购已成功提交在线支付订单，请在1小时内完成支付，超时未支付订单将自动取消，活动订单将取消参与资格。客服热线：400-629-6379', 1, 1, 1460706504),
(152, '订单消息', '尊敬的用户，您在冰团e购已成功提交在线支付订单，请在1小时内完成支付，超时未支付订单将自动取消，活动订单将取消参与资格。客服热线：400-629-6379', 1, 1, 1460706918),
(153, '订单消息', '尊敬的用户，您在冰团e购已成功提交在线支付订单，请在1小时内完成支付，超时未支付订单将自动取消，活动订单将取消参与资格。客服热线：400-629-6379', 1, 1, 1460706935),
(154, '订单消息', '尊敬的用户，您在冰团e购已成功提交在线支付订单，请在1小时内完成支付，超时未支付订单将自动取消，活动订单将取消参与资格。客服热线：400-629-6379', 1, 1, 1460707063),
(155, '订单消息', '尊敬的用户，您在冰团e购已成功提交在线支付订单，请在1小时内完成支付，超时未支付订单将自动取消，活动订单将取消参与资格。客服热线：400-629-6379', 1, 1, 1460707416),
(156, '订单消息', '尊敬的用户，您在冰团e购已成功提交在线支付订单，请在1小时内完成支付，超时未支付订单将自动取消，活动订单将取消参与资格。客服热线：400-629-6379', 1, 1, 1460707825),
(157, '订单消息', '尊敬的用户，您在冰团e购已成功提交在线支付订单，请在1小时内完成支付，超时未支付订单将自动取消，活动订单将取消参与资格。客服热线：400-629-6379', 1, 1, 1460707843),
(158, '订单消息', '尊敬的用户，您在冰团e购已成功提交在线支付订单，请在1小时内完成支付，超时未支付订单将自动取消，活动订单将取消参与资格。客服热线：400-629-6379', 1, 1, 1460708027),
(159, '订单消息', '尊敬的用户，您在冰团e购已成功提交在线支付订单，请在1小时内完成支付，超时未支付订单将自动取消，活动订单将取消参与资格。客服热线：400-629-6379', 1, 1, 1460708154),
(160, '官方消息', '测试单个优惠券优惠券已入您的账户,请注意查收', 1, 4, 1460708372),
(161, '订单消息', '尊敬的用户，您在冰团e购已成功提交在线支付订单，请在1小时内完成支付，超时未支付订单将自动取消，活动订单将取消参与资格。客服热线：400-629-6379', 1, 1, 1460708538),
(162, '订单消息', '尊敬的用户，您在冰团e购已成功提交在线支付订单，请在1小时内完成支付，超时未支付订单将自动取消，活动订单将取消参与资格。客服热线：400-629-6379', 1, 1, 1460708742),
(163, '订单消息', '尊敬的用户，您在冰团e购已成功提交在线支付订单，请在1小时内完成支付，超时未支付订单将自动取消，活动订单将取消参与资格。客服热线：400-629-6379', 1, 1, 1460709014),
(164, '官方消息', '测试代金券发送代金券已入您的账户,请注意查收', 1, 4, 1460709040),
(165, '官方消息', '测试代金券发送代金券已入您的账户,请注意查收', 1, 4, 1460709047),
(166, '官方消息', '测试代金券发送代金券已入您的账户,请注意查收', 1, 4, 1460709058),
(167, '订单消息', '您的订单201604151622183519已退款成功，退款金额315.00元，退款时间：1970-01-01 08:00:00, 查看退款记录', 1, 1, 1460709633),
(168, '订单消息', '尊敬的用户，您在冰团e购已成功提交在线支付订单，请在1小时内完成支付，超时未支付订单将自动取消，活动订单将取消参与资格。客服热线：400-629-6379', 1, 1, 1460709690),
(169, '订单消息', '尊敬的用户，您在冰团e购已成功提交在线支付订单，请在1小时内完成支付，超时未支付订单将自动取消，活动订单将取消参与资格。客服热线：400-629-6379', 1, 1, 1460710706),
(170, '订单消息', '您的订单201604151658263452已于2016-04-15 16:59:31签收, 查看该订单', 1, 1, 1460710771),
(171, '订单消息', '尊敬的用户，您在冰团e购已成功提交在线支付订单，请在1小时内完成支付，超时未支付订单将自动取消，活动订单将取消参与资格。客服热线：400-629-6379', 1, 1, 1460713667),
(172, '订单消息', '尊敬的用户，您在冰团e购已成功提交在线支付订单，请在1小时内完成支付，超时未支付订单将自动取消，活动订单将取消参与资格。客服热线：400-629-6379', 1, 1, 1460713694),
(173, '订单消息', '您的订单201604151747478906已退款成功，退款金额150.00元，退款时间：1970-01-01 08:00:00, 查看退款记录', 1, 1, 1460713748),
(174, '订单消息', '尊敬的用户，您在冰团e购已成功提交在线支付订单，请在1小时内完成支付，超时未支付订单将自动取消，活动订单将取消参与资格。客服热线：400-629-6379', 1, 1, 1460713931),
(175, '订单消息', '您的订单201604151748146607已退款成功，退款金额605.00元，退款时间：1970-01-01 08:00:00, 查看退款记录', 1, 1, 1460714416),
(176, '订单消息', '尊敬的用户，您在冰团e购已成功提交在线支付订单，请在1小时内完成支付，超时未支付订单将自动取消，活动订单将取消参与资格。客服热线：400-629-6379', 1, 1, 1460714678),
(177, '官方消息', '测试订单显示优惠券已入您的账户,请注意查收', 1, 4, 1460714812),
(178, '订单消息', '尊敬的用户，您在冰团e购已成功提交在线支付订单，请在1小时内完成支付，超时未支付订单将自动取消，活动订单将取消参与资格。客服热线：400-629-6379', 1, 1, 1460714834),
(179, '订单消息', '尊敬的用户，您在冰团e购已成功提交在线支付订单，请在1小时内完成支付，超时未支付订单将自动取消，活动订单将取消参与资格。客服热线：400-629-6379', 1, 1, 1460778745),
(180, '订单消息', '尊敬的用户，您在冰团e购已成功提交在线支付订单，请在1小时内完成支付，超时未支付订单将自动取消，活动订单将取消参与资格。客服热线：400-629-6379', 1, 1, 1460778814),
(181, '订单消息', '尊敬的用户，您在冰团e购已成功提交在线支付订单，请在1小时内完成支付，超时未支付订单将自动取消，活动订单将取消参与资格。客服热线：400-629-6379', 1, 1, 1460778920),
(182, '订单消息', '尊敬的用户，您在冰团e购已成功提交在线支付订单，请在1小时内完成支付，超时未支付订单将自动取消，活动订单将取消参与资格。客服热线：400-629-6379', 1, 1, 1460788549),
(183, '订单消息', '尊敬的用户，您在冰团e购已成功提交在线支付订单，请在1小时内完成支付，超时未支付订单将自动取消，活动订单将取消参与资格。客服热线：400-629-6379', 1, 1, 1460788915),
(184, '订单消息', '尊敬的用户，您在冰团e购已成功提交在线支付订单，请在1小时内完成支付，超时未支付订单将自动取消，活动订单将取消参与资格。客服热线：400-629-6379', 1, 1, 1460789002),
(185, '订单消息', '尊敬的用户，您在冰团e购已成功提交在线支付订单，请在1小时内完成支付，超时未支付订单将自动取消，活动订单将取消参与资格。客服热线：400-629-6379', 1, 1, 1460789249),
(186, '订单消息', '尊敬的用户，您在冰团e购已成功提交在线支付订单，请在1小时内完成支付，超时未支付订单将自动取消，活动订单将取消参与资格。客服热线：400-629-6379', 1, 1, 1460789294),
(187, '订单消息', '尊敬的用户，您在冰团e购已成功提交在线支付订单，请在1小时内完成支付，超时未支付订单将自动取消，活动订单将取消参与资格。客服热线：400-629-6379', 1, 1, 1460789373),
(188, '订单消息', '尊敬的用户，您在冰团e购已成功提交在线支付订单，请在1小时内完成支付，超时未支付订单将自动取消，活动订单将取消参与资格。客服热线：400-629-6379', 1, 1, 1460790093),
(189, '订单消息', '尊敬的用户，您在冰团e购已成功提交在线支付订单，请在1小时内完成支付，超时未支付订单将自动取消，活动订单将取消参与资格。客服热线：400-629-6379', 1, 1, 1460790276),
(190, '订单消息', '尊敬的用户，您在冰团e购已成功提交在线支付订单，请在1小时内完成支付，超时未支付订单将自动取消，活动订单将取消参与资格。客服热线：400-629-6379', 1, 1, 1460790770),
(191, '订单消息', '恭喜您下单成功啦！下单时间：2016-04-16 15:13:35, 查看该订单', 1, 1, 1460790815),
(192, '订单消息', '尊敬的用户，您在冰团e购已成功提交在线支付订单，请在1小时内完成支付，超时未支付订单将自动取消，活动订单将取消参与资格。客服热线：400-629-6379', 1, 1, 1460792294),
(193, '订单消息', '尊敬的用户，您在冰团e购已成功提交在线支付订单，请在1小时内完成支付，超时未支付订单将自动取消，活动订单将取消参与资格。客服热线：400-629-6379', 1, 1, 1460792672),
(194, '订单消息', '尊敬的用户，您在冰团e购已成功提交在线支付订单，请在1小时内完成支付，超时未支付订单将自动取消，活动订单将取消参与资格。客服热线：400-629-6379', 1, 1, 1460792716),
(195, '订单消息', '尊敬的用户，您在冰团e购已成功提交在线支付订单，请在1小时内完成支付，超时未支付订单将自动取消，活动订单将取消参与资格。客服热线：400-629-6379', 1, 1, 1460794923),
(196, '订单消息', '尊敬的用户，您在冰团e购已成功提交在线支付订单，请在1小时内完成支付，超时未支付订单将自动取消，活动订单将取消参与资格。客服热线：400-629-6379', 1, 1, 1460795189),
(197, '订单消息', '尊敬的用户，您在冰团e购已成功提交在线支付订单，请在1小时内完成支付，超时未支付订单将自动取消，活动订单将取消参与资格。客服热线：400-629-6379', 1, 1, 1460801150),
(198, '订单消息', '您的订单201604161805505893已退款成功，退款金额42.00元，退款时间：1970-01-01 08:00:00, 查看退款记录', 1, 1, 1460801181),
(199, '订单消息', '尊敬的用户，您在冰团e购已成功提交在线支付订单，请在1小时内完成支付，超时未支付订单将自动取消，活动订单将取消参与资格。客服热线：400-629-6379', 1, 1, 1460801271),
(200, '订单消息', '您的订单201604161807514577已退款成功，退款金额195.20元，退款时间：1970-01-01 08:00:00, 查看退款记录', 1, 1, 1460801304),
(201, '订单消息', '尊敬的用户，您在冰团e购已成功提交在线支付订单，请在1小时内完成支付，超时未支付订单将自动取消，活动订单将取消参与资格。客服热线：400-629-6379', 1, 1, 1460801334),
(202, '订单消息', '您的订单201604161808544603已退款成功，退款金额619.20元，退款时间：1970-01-01 08:00:00, 查看退款记录', 1, 1, 1460801363),
(203, '订单消息', '尊敬的用户，您在冰团e购已成功提交在线支付订单，请在1小时内完成支付，超时未支付订单将自动取消，活动订单将取消参与资格。客服热线：400-629-6379', 1, 1, 1460801866),
(204, '订单消息', '尊敬的用户，您在冰团e购已成功提交在线支付订单，请在1小时内完成支付，超时未支付订单将自动取消，活动订单将取消参与资格。客服热线：400-629-6379', 1, 1, 1460802702),
(205, '订单消息', '尊敬的用户，您在冰团e购已成功提交在线支付订单，请在1小时内完成支付，超时未支付订单将自动取消，活动订单将取消参与资格。客服热线：400-629-6379', 1, 1, 1460802724),
(206, '订单消息', '尊敬的用户，您在冰团e购已成功提交在线支付订单，请在1小时内完成支付，超时未支付订单将自动取消，活动订单将取消参与资格。客服热线：400-629-6379', 1, 1, 1460802841),
(207, '订单消息', '尊敬的用户，您在冰团e购已成功提交在线支付订单，请在1小时内完成支付，超时未支付订单将自动取消，活动订单将取消参与资格。客服热线：400-629-6379', 1, 1, 1460803365),
(208, '订单消息', '尊敬的用户，您在冰团e购已成功提交在线支付订单，请在1小时内完成支付，超时未支付订单将自动取消，活动订单将取消参与资格。客服热线：400-629-6379', 1, 1, 1460803450),
(209, '订单消息', '尊敬的用户，您在冰团e购已成功提交在线支付订单，请在1小时内完成支付，超时未支付订单将自动取消，活动订单将取消参与资格。客服热线：400-629-6379', 1, 1, 1460803620),
(210, '订单消息', '尊敬的用户，您在冰团e购已成功提交在线支付订单，请在1小时内完成支付，超时未支付订单将自动取消，活动订单将取消参与资格。客服热线：400-629-6379', 1, 1, 1460804348),
(211, '订单消息', '尊敬的用户，您在冰团e购已成功提交在线支付订单，请在1小时内完成支付，超时未支付订单将自动取消，活动订单将取消参与资格。客服热线：400-629-6379', 1, 1, 1460804506),
(212, '订单消息', '尊敬的用户，您在冰团e购已成功提交在线支付订单，请在1小时内完成支付，超时未支付订单将自动取消，活动订单将取消参与资格。客服热线：400-629-6379', 1, 1, 1460805290),
(213, '订单消息', '尊敬的用户，您在冰团e购已成功提交在线支付订单，请在1小时内完成支付，超时未支付订单将自动取消，活动订单将取消参与资格。客服热线：400-629-6379', 1, 1, 1460805478),
(214, '订单消息', '尊敬的用户，您在冰团e购已成功提交在线支付订单，请在1小时内完成支付，超时未支付订单将自动取消，活动订单将取消参与资格。客服热线：400-629-6379', 1, 1, 1460806222),
(215, '订单消息', '您的订单201604161930223405已退款成功，退款金额1917.60元，退款时间：1970-01-01 08:00:00, 查看退款记录', 1, 1, 1460806254),
(216, '订单消息', '尊敬的用户，您在冰团e购已成功提交在线支付订单，请在1小时内完成支付，超时未支付订单将自动取消，活动订单将取消参与资格。客服热线：400-629-6379', 1, 1, 1460810521),
(217, '订单消息', '尊敬的用户，您在冰团e购已成功提交在线支付订单，请在1小时内完成支付，超时未支付订单将自动取消，活动订单将取消参与资格。客服热线：400-629-6379', 1, 1, 1460849604),
(218, '订单消息', '尊敬的用户，您在冰团e购已成功提交在线支付订单，请在1小时内完成支付，超时未支付订单将自动取消，活动订单将取消参与资格。客服热线：400-629-6379', 1, 1, 1460849637),
(219, '订单消息', '尊敬的用户，您在冰团e购已成功提交在线支付订单，请在1小时内完成支付，超时未支付订单将自动取消，活动订单将取消参与资格。客服热线：400-629-6379', 1, 1, 1460849691),
(220, '订单消息', '尊敬的用户，您在冰团e购已成功提交在线支付订单，请在1小时内完成支付，超时未支付订单将自动取消，活动订单将取消参与资格。客服热线：400-629-6379', 1, 1, 1460861883),
(221, '订单消息', '尊敬的用户，您在冰团e购已成功提交在线支付订单，请在1小时内完成支付，超时未支付订单将自动取消，活动订单将取消参与资格。客服热线：400-629-6379', 1, 1, 1460878054),
(222, '订单消息', '尊敬的用户，您在冰团e购已成功提交在线支付订单，请在1小时内完成支付，超时未支付订单将自动取消，活动订单将取消参与资格。客服热线：400-629-6379', 1, 1, 1460944722),
(223, '订单消息', '尊敬的用户，您在冰团e购已成功提交在线支付订单，请在1小时内完成支付，超时未支付订单将自动取消，活动订单将取消参与资格。客服热线：400-629-6379', 1, 1, 1460944937),
(224, '订单消息', '尊敬的用户，您在冰团e购已成功提交在线支付订单，请在1小时内完成支付，超时未支付订单将自动取消，活动订单将取消参与资格。客服热线：400-629-6379', 1, 1, 1460945400),
(225, '订单消息', '尊敬的用户，您在冰团e购已成功提交在线支付订单，请在1小时内完成支付，超时未支付订单将自动取消，活动订单将取消参与资格。客服热线：400-629-6379', 1, 1, 1460945423),
(226, '订单消息', '您的订单201604161917581186已退款成功，退款金额5.00元，退款时间：1970-01-01 08:00:00, 查看退款记录', 1, 1, 1460948032),
(227, '订单消息', '尊敬的用户，您在冰团e购已成功提交在线支付订单，请在1小时内完成支付，超时未支付订单将自动取消，活动订单将取消参与资格。客服热线：400-629-6379', 1, 1, 1460948206),
(228, '订单消息', '尊敬的用户，您在冰团e购已成功提交在线支付订单，请在1小时内完成支付，超时未支付订单将自动取消，活动订单将取消参与资格。客服热线：400-629-6379', 1, 1, 1460948384),
(229, '订单消息', '尊敬的用户，您在冰团e购已成功提交在线支付订单，请在1小时内完成支付，超时未支付订单将自动取消，活动订单将取消参与资格。客服热线：400-629-6379', 1, 1, 1460949001),
(230, '订单消息', '尊敬的用户，您在冰团e购已成功提交在线支付订单，请在1小时内完成支付，超时未支付订单将自动取消，活动订单将取消参与资格。客服热线：400-629-6379', 1, 1, 1460949013),
(231, '订单消息', '您的订单201604181110019119已退款成功，退款金额80.00元，退款时间：1970-01-01 08:00:00, 查看退款记录', 1, 1, 1460949111),
(232, '订单消息', '尊敬的用户，您在冰团e购已成功提交在线支付订单，请在1小时内完成支付，超时未支付订单将自动取消，活动订单将取消参与资格。客服热线：400-629-6379', 1, 1, 1460949209),
(233, '订单消息', '尊敬的用户，您在冰团e购已成功提交在线支付订单，请在1小时内完成支付，超时未支付订单将自动取消，活动订单将取消参与资格。客服热线：400-629-6379', 1, 1, 1460949575),
(234, '订单消息', '尊敬的用户，您在冰团e购已成功提交在线支付订单，请在1小时内完成支付，超时未支付订单将自动取消，活动订单将取消参与资格。客服热线：400-629-6379', 1, 1, 1460949699),
(235, '订单消息', '您的订单201604181121394815已退款成功，退款金额57.00元，退款时间：1970-01-01 08:00:00, 查看退款记录', 1, 1, 1460949752),
(236, '订单消息', '尊敬的用户，您在冰团e购已成功提交在线支付订单，请在1小时内完成支付，超时未支付订单将自动取消，活动订单将取消参与资格。客服热线：400-629-6379', 1, 1, 1460950325),
(237, '订单消息', '尊敬的用户，您在冰团e购已成功提交在线支付订单，请在1小时内完成支付，超时未支付订单将自动取消，活动订单将取消参与资格。客服热线：400-629-6379', 1, 1, 1460950347),
(238, '订单消息', '尊敬的用户，您在冰团e购已成功提交在线支付订单，请在1小时内完成支付，超时未支付订单将自动取消，活动订单将取消参与资格。客服热线：400-629-6379', 1, 1, 1460959433),
(239, '订单消息', '尊敬的用户，您在冰团e购已成功提交在线支付订单，请在1小时内完成支付，超时未支付订单将自动取消，活动订单将取消参与资格。客服热线：400-629-6379', 1, 1, 1460961002),
(240, '订单消息', '尊敬的用户，您在冰团e购已成功提交在线支付订单，请在1小时内完成支付，超时未支付订单将自动取消，活动订单将取消参与资格。客服热线：400-629-6379', 1, 1, 1460964270),
(241, '官方消息', '测试优惠券已入您的账户,请注意查收', 1, 4, 1460972729),
(242, '订单消息', '尊敬的用户，您在冰团e购已成功提交在线支付订单，请在1小时内完成支付，超时未支付订单将自动取消，活动订单将取消参与资格。客服热线：400-629-6379', 1, 1, 1460972800),
(243, '官方消息', '测试优惠券已入您的账户,请注意查收', 1, 4, 1460972911),
(244, '订单消息', '尊敬的用户，您在冰团e购已成功提交在线支付订单，请在1小时内完成支付，超时未支付订单将自动取消，活动订单将取消参与资格。客服热线：400-629-6379', 1, 1, 1460972963),
(245, '官方消息', '测试代金券发送代金券已入您的账户,请注意查收', 1, 4, 1460984707),
(246, '官方消息', '测试代金券发送代金券已入您的账户,请注意查收', 1, 4, 1460984826),
(247, '订单消息', '恭喜您下单成功啦！下单时间：2016-04-18 21:12:28, 查看该订单', 1, 1, 1460985148),
(248, '订单消息', '您的订单201604182112284637已于2016-04-18 21:13:09被您取消, 查看退款进度', 1, 1, 1460985189),
(249, '订单消息', '尊敬的用户，您在冰团e购已成功提交在线支付订单，请在1小时内完成支付，超时未支付订单将自动取消，活动订单将取消参与资格。客服热线：400-629-6379', 1, 1, 1460985452),
(250, '订单消息', '尊敬的用户，您在冰团e购已成功提交在线支付订单，请在1小时内完成支付，超时未支付订单将自动取消，活动订单将取消参与资格。客服热线：400-629-6379', 1, 1, 1460988953),
(251, '订单消息', '尊敬的用户，您在冰团e购已成功提交在线支付订单，请在1小时内完成支付，超时未支付订单将自动取消，活动订单将取消参与资格。客服热线：400-629-6379', 1, 1, 1461031316),
(252, '订单消息', '尊敬的用户，您在冰团e购已成功提交在线支付订单，请在1小时内完成支付，超时未支付订单将自动取消，活动订单将取消参与资格。客服热线：400-629-6379', 1, 1, 1461034442),
(253, '订单消息', '尊敬的用户，您在冰团e购已成功提交在线支付订单，请在1小时内完成支付，超时未支付订单将自动取消，活动订单将取消参与资格。客服热线：400-629-6379', 1, 1, 1461046351),
(254, '订单消息', '尊敬的用户，您在冰团e购已成功提交在线支付订单，请在1小时内完成支付，超时未支付订单将自动取消，活动订单将取消参与资格。客服热线：400-629-6379', 1, 1, 1461051467),
(255, '订单消息', '您的订单201604191537479822已退款成功，退款金额999.00元，退款时间：1970-01-01 08:00:00, 查看退款记录', 1, 1, 1461051529),
(256, '订单消息', '尊敬的用户，您在冰团e购已成功提交在线支付订单，请在1小时内完成支付，超时未支付订单将自动取消，活动订单将取消参与资格。客服热线：400-629-6379', 1, 1, 1461053358),
(257, '订单消息', '您的订单201604191609187916已退款成功，退款金额999.00元，退款时间：1970-01-01 08:00:00, 查看退款记录', 1, 1, 1461053377);
INSERT INTO `message` (`id`, `title`, `content`, `receiver`, `type`, `create_time`) VALUES
(258, '订单消息', '尊敬的用户，您在冰团e购已成功提交在线支付订单，请在1小时内完成支付，超时未支付订单将自动取消，活动订单将取消参与资格。客服热线：400-629-6379', 1, 1, 1461053410),
(259, '订单消息', '您的订单201604191610108757已退款成功，退款金额999.00元，退款时间：1970-01-01 08:00:00, 查看退款记录', 1, 1, 1461053426),
(260, '订单消息', '尊敬的用户，您在冰团e购已成功提交在线支付订单，请在1小时内完成支付，超时未支付订单将自动取消，活动订单将取消参与资格。客服热线：400-629-6379', 1, 1, 1461054652),
(261, '官方消息', '测试优惠券已入您的账户,请注意查收', 1, 4, 1461059220),
(262, '订单消息', '尊敬的用户，您在冰团e购已成功提交在线支付订单，请在1小时内完成支付，超时未支付订单将自动取消，活动订单将取消参与资格。客服热线：400-629-6379', 1, 1, 1461059327),
(263, '订单消息', '您的订单201604191748472099已于2016-04-19 17:54:10签收, 查看该订单', 1, 1, 1461059650),
(264, '订单消息', '恭喜您下单成功啦！下单时间：2016-04-19 18:08:02, 查看该订单', 1, 1, 1461060482);

-- --------------------------------------------------------

--
-- 表的结构 `message_order`
--

CREATE TABLE IF NOT EXISTS `message_order` (
  `id` int(10) NOT NULL AUTO_INCREMENT COMMENT '关联消息表ID',
  `message_id` int(10) NOT NULL COMMENT '消息表ID',
  `user_id` int(10) NOT NULL COMMENT '用户ID',
  `is_del` tinyint(1) NOT NULL DEFAULT '0' COMMENT '0未删 1已删',
  `status` tinyint(1) NOT NULL DEFAULT '0' COMMENT '0.未读 1.已读',
  `coupons` varchar(255) NOT NULL COMMENT '优惠券',
  `parent_id` int(10) NOT NULL COMMENT '订单\\账单\\',
  `create_time` int(11) NOT NULL COMMENT '创建时间',
  PRIMARY KEY (`id`)
) ENGINE=InnoDB  DEFAULT CHARSET=utf8 COMMENT='消息关联订单和账单和官方' AUTO_INCREMENT=346 ;

--
-- 转存表中的数据 `message_order`
--

INSERT INTO `message_order` (`id`, `message_id`, `user_id`, `is_del`, `status`, `coupons`, `parent_id`, `create_time`) VALUES
(1, 1, 1, 0, 1, '', 0, 1460534025),
(2, 2, 2, 1, 0, '', 0, 1460535909),
(3, 3, 1, 0, 1, '', 1, 1460536556),
(4, 4, 1, 0, 1, '', 2, 1460536725),
(6, 1, 1, 0, 1, '', 0, 1460541047),
(7, 6, 1, 0, 0, '12', 0, 1460559013),
(9, 7, 1, 0, 0, '13', 0, 1460559534),
(11, 8, 1, 0, 0, '', 4, 1460559628),
(12, 9, 1, 0, 0, '', 5, 1460559631),
(13, 10, 1, 0, 0, '', 6, 1460559632),
(14, 11, 1, 0, 0, '', 7, 1460559633),
(15, 12, 1, 0, 0, '', 8, 1460559634),
(16, 13, 1, 0, 0, '', 9, 1460559635),
(17, 14, 1, 0, 0, '', 10, 1460559647),
(18, 15, 1, 0, 0, '14', 0, 1460559708),
(20, 16, 1, 0, 0, '', 11, 1460559731),
(21, 17, 1, 0, 0, '', 12, 1460559735),
(22, 18, 1, 0, 0, '', 13, 1460559755),
(23, 19, 1, 0, 0, '', 14, 1460559757),
(24, 20, 1, 0, 0, '', 15, 1460559799),
(25, 21, 1, 0, 0, '15', 0, 1460559946),
(27, 22, 1, 0, 0, '', 16, 1460560140),
(30, 25, 1, 0, 0, '16', 0, 1460598690),
(32, 26, 1, 0, 0, '', 19, 1460598788),
(33, 27, 1, 0, 0, '', 20, 1460598793),
(36, 2, 2, 1, 1, '', 0, 1460599768),
(43, 36, 1, 0, 0, '16', 0, 1460603857),
(61, 53, 4, 0, 1, '', 0, 1460604930),
(62, 54, 1, 0, 0, '17', 0, 1460605001),
(64, 54, 4, 0, 1, '17', 0, 1460605001),
(65, 53, 4, 0, 1, '', 0, 1460605047),
(67, 56, 4, 0, 1, '', 45, 1460605284),
(68, 57, 1, 0, 0, '18', 0, 1460606096),
(70, 57, 4, 0, 1, '18', 0, 1460606096),
(72, 59, 1, 0, 0, '', 47, 1460606380),
(74, 61, 1, 0, 0, '', 48, 1460606383),
(75, 62, 1, 0, 0, '19', 0, 1460606467),
(77, 62, 4, 0, 0, '19', 0, 1460606467),
(79, 64, 1, 0, 0, '20', 0, 1460615247),
(81, 64, 4, 0, 0, '20', 0, 1460615247),
(84, 67, 1, 0, 0, '20', 0, 1460615757),
(86, 67, 4, 0, 0, '20', 0, 1460615757),
(88, 69, 1, 0, 0, '20', 0, 1460616424),
(90, 69, 4, 0, 0, '20', 0, 1460616424),
(91, 70, 1, 0, 0, '20', 0, 1460616429),
(93, 70, 4, 0, 0, '20', 0, 1460616429),
(94, 71, 1, 0, 0, '20', 0, 1460616435),
(96, 71, 4, 0, 0, '20', 0, 1460616436),
(100, 75, 1, 0, 0, '20', 0, 1460616775),
(102, 75, 4, 0, 0, '20', 0, 1460616776),
(104, 77, 1, 0, 0, '21', 0, 1460617964),
(106, 77, 4, 0, 0, '21', 0, 1460617964),
(107, 78, 1, 0, 0, '21', 0, 1460618234),
(109, 78, 4, 0, 0, '21', 0, 1460618235),
(117, 86, 5, 0, 0, '', 0, 1460623934),
(118, 87, 1, 0, 0, '21', 0, 1460623993),
(120, 87, 4, 0, 0, '21', 0, 1460623993),
(121, 87, 5, 0, 1, '21', 0, 1460623993),
(133, 99, 1, 0, 0, '20', 0, 1460635588),
(135, 99, 3, 0, 0, '20', 0, 1460635589),
(136, 99, 4, 0, 0, '20', 0, 1460635589),
(138, 101, 1, 0, 0, '', 76, 1460675420),
(139, 102, 1, 0, 0, '', 77, 1460675539),
(140, 103, 1, 0, 0, '', 78, 1460676529),
(151, 114, 1, 0, 0, '', 88, 1460689381),
(152, 115, 1, 0, 0, '', 89, 1460689484),
(155, 118, 1, 0, 0, '', 92, 1460689589),
(163, 126, 1, 0, 0, '22', 0, 1460691233),
(165, 126, 3, 0, 0, '22', 0, 1460691233),
(166, 126, 4, 0, 0, '22', 0, 1460691233),
(167, 127, 1, 0, 0, '', 100, 1460691250),
(168, 128, 1, 0, 0, '23', 0, 1460691624),
(170, 128, 3, 0, 0, '23', 0, 1460691624),
(171, 128, 4, 0, 0, '23', 0, 1460691624),
(174, 131, 1, 0, 0, '', 103, 1460691855),
(175, 132, 1, 0, 0, '', 104, 1460692016),
(190, 147, 1, 0, 0, '23', 0, 1460703019),
(192, 147, 3, 0, 0, '23', 0, 1460703019),
(193, 147, 4, 0, 0, '23', 0, 1460703019),
(206, 160, 1, 0, 0, '23', 0, 1460708372),
(208, 160, 3, 0, 0, '23', 0, 1460708372),
(209, 160, 4, 0, 0, '23', 0, 1460708372),
(211, 162, 1, 0, 0, '', 132, 1460708742),
(213, 164, 1, 0, 0, '20', 0, 1460709040),
(215, 164, 3, 0, 0, '20', 0, 1460709040),
(216, 164, 4, 0, 0, '20', 0, 1460709040),
(217, 165, 1, 0, 0, '20', 0, 1460709047),
(219, 165, 3, 0, 0, '20', 0, 1460709048),
(220, 165, 4, 0, 0, '20', 0, 1460709048),
(221, 166, 1, 0, 0, '20', 0, 1460709058),
(223, 166, 3, 0, 0, '20', 0, 1460709059),
(224, 166, 4, 0, 0, '20', 0, 1460709059),
(227, 169, 1, 0, 0, '', 135, 1460710706),
(228, 170, 1, 0, 0, '', 135, 1460710771),
(230, 172, 1, 0, 0, '', 137, 1460713694),
(232, 174, 1, 0, 0, '', 138, 1460713931),
(233, 175, 1, 0, 0, '', 137, 1460714416),
(235, 177, 1, 0, 0, '22', 0, 1460714812),
(237, 177, 3, 0, 0, '22', 0, 1460714812),
(238, 177, 4, 0, 0, '22', 0, 1460714812),
(244, 183, 1, 0, 0, '', 145, 1460788915),
(245, 184, 1, 0, 0, '', 146, 1460789002),
(246, 185, 1, 0, 0, '', 147, 1460789249),
(247, 186, 1, 0, 0, '', 148, 1460789294),
(248, 187, 1, 0, 0, '', 149, 1460789373),
(249, 188, 1, 0, 0, '', 150, 1460790093),
(250, 189, 1, 0, 0, '', 151, 1460790276),
(251, 190, 1, 0, 0, '', 152, 1460790770),
(252, 191, 1, 0, 0, '', 153, 1460790815),
(253, 192, 1, 0, 0, '', 154, 1460792294),
(254, 193, 1, 0, 0, '', 155, 1460792672),
(255, 194, 1, 0, 0, '', 156, 1460792716),
(257, 196, 1, 0, 0, '', 158, 1460795189),
(258, 197, 1, 0, 0, '', 159, 1460801150),
(259, 198, 1, 0, 0, '', 159, 1460801181),
(260, 199, 1, 0, 0, '', 160, 1460801271),
(261, 200, 1, 0, 0, '', 160, 1460801304),
(262, 201, 1, 0, 0, '', 161, 1460801334),
(263, 202, 1, 0, 0, '', 161, 1460801363),
(265, 204, 5, 0, 0, '', 163, 1460802702),
(266, 205, 5, 0, 0, '', 164, 1460802724),
(267, 206, 5, 0, 0, '', 165, 1460802841),
(268, 207, 5, 0, 0, '', 166, 1460803365),
(269, 208, 5, 0, 1, '', 167, 1460803450),
(270, 209, 5, 0, 0, '', 168, 1460803620),
(271, 210, 5, 0, 0, '', 169, 1460804348),
(272, 211, 5, 0, 0, '', 170, 1460804506),
(273, 212, 5, 0, 0, '', 171, 1460805290),
(274, 213, 5, 0, 0, '', 172, 1460805478),
(275, 214, 1, 0, 0, '', 173, 1460806222),
(276, 215, 1, 0, 0, '', 173, 1460806254),
(278, 217, 1, 0, 0, '', 175, 1460849604),
(279, 218, 1, 0, 0, '', 176, 1460849637),
(280, 219, 1, 0, 0, '', 177, 1460849691),
(281, 220, 1, 0, 0, '', 178, 1460861883),
(283, 222, 1, 0, 0, '', 180, 1460944722),
(284, 223, 1, 0, 0, '', 181, 1460944937),
(285, 224, 1, 0, 0, '', 182, 1460945400),
(286, 225, 1, 0, 0, '', 183, 1460945423),
(287, 226, 5, 0, 0, '', 172, 1460948032),
(291, 230, 1, 0, 0, '', 187, 1460949013),
(300, 239, 1, 0, 0, '', 194, 1460961002),
(302, 241, 1, 0, 0, '24', 0, 1460972729),
(304, 241, 3, 0, 0, '24', 0, 1460972730),
(305, 241, 4, 0, 0, '24', 0, 1460972730),
(306, 241, 6, 0, 0, '24', 0, 1460972730),
(308, 243, 1, 0, 0, '24', 0, 1460972911),
(310, 243, 3, 0, 0, '24', 0, 1460972911),
(311, 243, 4, 0, 0, '24', 0, 1460972911),
(312, 243, 6, 0, 0, '24', 0, 1460972911),
(314, 245, 1, 0, 0, '20', 0, 1460984707),
(316, 245, 3, 0, 0, '20', 0, 1460984707),
(317, 245, 4, 0, 0, '20', 0, 1460984707),
(318, 245, 6, 0, 0, '20', 0, 1460984707),
(319, 246, 1, 0, 0, '20', 0, 1460984826),
(321, 246, 3, 0, 0, '20', 0, 1460984827),
(322, 246, 4, 0, 0, '20', 0, 1460984827),
(323, 246, 6, 0, 0, '20', 0, 1460984827),
(326, 249, 1, 0, 0, '', 199, 1460985452),
(327, 250, 1, 0, 0, '', 200, 1460988953),
(329, 252, 1, 0, 0, '', 202, 1461034442),
(338, 261, 1, 0, 0, '24', 0, 1461059220),
(340, 261, 3, 0, 0, '24', 0, 1461059220),
(341, 261, 4, 0, 0, '24', 0, 1461059220),
(342, 261, 6, 0, 0, '24', 0, 1461059220);

-- --------------------------------------------------------

--
-- 表的结构 `order_action`
--

CREATE TABLE IF NOT EXISTS `order_action` (
  `id` int(10) unsigned NOT NULL AUTO_INCREMENT COMMENT '订单操作表ID',
  `action_user` varchar(30) NOT NULL COMMENT '操作用户',
  `order_id` int(8) NOT NULL COMMENT '订单号',
  `add_time` int(11) NOT NULL COMMENT '下单时间',
  PRIMARY KEY (`id`)
) ENGINE=InnoDB  DEFAULT CHARSET=utf8 COMMENT='订单操作表' AUTO_INCREMENT=210 ;

--
-- 转存表中的数据 `order_action`
--

INSERT INTO `order_action` (`id`, `action_user`, `order_id`, `add_time`) VALUES
(1, '1', 1, 1460536556),
(3, '2', 3, 1460536737),
(4, '1', 4, 1460559628),
(5, '1', 5, 1460559631),
(6, '1', 6, 1460559632),
(7, '1', 7, 1460559633),
(8, '1', 8, 1460559634),
(9, '1', 9, 1460559635),
(10, '1', 10, 1460559647),
(11, '1', 11, 1460559731),
(12, '1', 12, 1460559735),
(13, '1', 13, 1460559755),
(14, '1', 14, 1460559757),
(15, '1', 15, 1460559799),
(16, '1', 16, 1460560140),
(17, '2', 17, 1460560599),
(18, '2', 18, 1460561142),
(19, '1', 19, 1460598788),
(20, '1', 20, 1460598793),
(22, '2', 22, 1460599845),
(23, '2', 23, 1460599982),
(24, '2', 24, 1460600245),
(25, '2', 25, 1460601407),
(26, '2', 26, 1460601424),
(27, '2', 27, 1460602244),
(28, '2', 28, 1460604171),
(29, '2', 29, 1460604175),
(30, '2', 30, 1460604176),
(31, '2', 31, 1460604177),
(32, '2', 32, 1460604178),
(33, '2', 33, 1460604178),
(34, '2', 34, 1460604179),
(35, '2', 35, 1460604180),
(36, '2', 36, 1460604180),
(37, '2', 37, 1460604180),
(38, '2', 38, 1460604230),
(39, '2', 39, 1460604232),
(40, '2', 40, 1460604286),
(42, '2', 42, 1460604329),
(43, '2', 43, 1460604383),
(44, '2', 44, 1460605180),
(45, '4', 45, 1460605284),
(47, '1', 47, 1460606380),
(48, '1', 48, 1460606383),
(51, '2', 51, 1460615684),
(52, '2', 52, 1460615794),
(54, '2', 54, 1460616543),
(57, '2', 57, 1460618466),
(58, '2', 58, 1460618495),
(59, '2', 59, 1460618522),
(60, '2', 60, 1460618528),
(61, '2', 61, 1460618592),
(74, '2', 74, 1460630175),
(76, '1', 76, 1460675420),
(77, '1', 77, 1460675539),
(78, '1', 78, 1460676529),
(79, '2', 79, 1460685891),
(80, '2', 80, 1460686719),
(81, '2', 81, 1460686773),
(82, '2', 82, 1460687110),
(83, '2', 83, 1460687156),
(84, '2', 84, 1460687200),
(85, '2', 85, 1460687219),
(86, '2', 86, 1460687245),
(88, '1', 88, 1460689381),
(89, '1', 89, 1460689484),
(90, '2', 90, 1460689508),
(92, '1', 92, 1460689589),
(94, '2', 94, 1460689738),
(95, '2', 95, 1460689747),
(96, '2', 96, 1460689753),
(97, '2', 97, 1460689755),
(100, '1', 100, 1460691250),
(101, '2', 101, 1460691789),
(102, '2', 102, 1460691796),
(103, '1', 103, 1460691855),
(104, '1', 104, 1460692016),
(109, '2', 109, 1460693202),
(110, '2', 110, 1460693539),
(111, '2', 111, 1460693546),
(112, '2', 112, 1460693907),
(118, '2', 118, 1460700907),
(120, '2', 120, 1460705885),
(121, '2', 121, 1460706468),
(122, '2', 122, 1460706504),
(126, '2', 126, 1460707416),
(130, '2', 130, 1460708154),
(131, '2', 131, 1460708538),
(132, '1', 132, 1460708742),
(133, '2', 133, 1460709014),
(135, '1', 135, 1460710706),
(136, '2', 136, 1460713667),
(137, '1', 137, 1460713694),
(138, '1', 138, 1460713931),
(139, '2', 139, 1460714678),
(140, '2', 140, 1460714834),
(141, '2', 141, 1460778745),
(142, '2', 142, 1460778814),
(143, '2', 143, 1460778920),
(145, '1', 145, 1460788915),
(146, '1', 146, 1460789002),
(147, '1', 147, 1460789249),
(148, '1', 148, 1460789294),
(149, '1', 149, 1460789373),
(150, '1', 150, 1460790093),
(151, '1', 151, 1460790276),
(152, '1', 152, 1460790770),
(153, '1', 153, 1460790815),
(154, '1', 154, 1460792294),
(155, '1', 155, 1460792672),
(156, '1', 156, 1460792716),
(157, '2', 157, 1460794923),
(158, '1', 158, 1460795189),
(159, '1', 159, 1460801150),
(160, '1', 160, 1460801271),
(161, '1', 161, 1460801334),
(162, '2', 162, 1460801865),
(163, '5', 163, 1460802702),
(164, '5', 164, 1460802724),
(165, '5', 165, 1460802841),
(166, '5', 166, 1460803365),
(168, '5', 168, 1460803620),
(169, '5', 169, 1460804348),
(170, '5', 170, 1460804506),
(171, '5', 171, 1460805290),
(172, '5', 172, 1460805478),
(173, '1', 173, 1460806222),
(174, '2', 174, 1460810521),
(175, '1', 175, 1460849604),
(176, '1', 176, 1460849637),
(177, '1', 177, 1460849691),
(178, '1', 178, 1460861883),
(180, '1', 180, 1460944722),
(181, '1', 181, 1460944937),
(182, '1', 182, 1460945400),
(183, '1', 183, 1460945423),
(185, '2', 185, 1460948384),
(186, '2', 186, 1460949001),
(187, '1', 187, 1460949012),
(189, '2', 189, 1460949575),
(190, '2', 190, 1460949699),
(192, '2', 192, 1460950347),
(193, '2', 193, 1460959433),
(194, '1', 194, 1460961002),
(198, '2', 198, 1460985148),
(199, '1', 199, 1460985452),
(200, '1', 200, 1460988953),
(201, '2', 201, 1461031316),
(202, '1', 202, 1461034442),
(203, '2', 203, 1461046351),
(204, '2', 204, 1461051467),
(205, '2', 205, 1461053358),
(206, '2', 206, 1461053410),
(207, '2', 207, 1461054652),
(208, '2', 208, 1461059327),
(209, '2', 209, 1461060482);

-- --------------------------------------------------------

--
-- 表的结构 `order_goods`
--

CREATE TABLE IF NOT EXISTS `order_goods` (
  `id` int(10) unsigned NOT NULL AUTO_INCREMENT COMMENT '订单商品表ID',
  `order_id` int(10) NOT NULL COMMENT '订单详情ID',
  `goods_id` int(10) NOT NULL COMMENT '商品ID',
  `goods_number` tinyint(5) NOT NULL COMMENT '商品购买数量',
  `activity_id` tinyint(6) NOT NULL DEFAULT '0' COMMENT '活动ID',
  `goods_money` decimal(10,2) NOT NULL COMMENT '商品价格',
  `create_time` int(11) NOT NULL COMMENT '创建时间',
  PRIMARY KEY (`id`)
) ENGINE=InnoDB  DEFAULT CHARSET=utf8 COMMENT='订单商品表' AUTO_INCREMENT=326 ;

--
-- 转存表中的数据 `order_goods`
--

INSERT INTO `order_goods` (`id`, `order_id`, `goods_id`, `goods_number`, `activity_id`, `goods_money`, `create_time`) VALUES
(1, 1, 142, 1, 0, 98.64, 1460536556),
(2, 1, 159, 2, 0, 52.00, 1460536556),
(4, 3, 35, 1, 0, 19.00, 1460536737),
(5, 4, 50, 1, 0, 175.00, 1460559628),
(6, 5, 50, 1, 0, 175.00, 1460559631),
(7, 6, 50, 1, 0, 175.00, 1460559632),
(8, 7, 50, 1, 0, 175.00, 1460559633),
(9, 8, 50, 1, 0, 175.00, 1460559634),
(10, 9, 50, 1, 0, 175.00, 1460559635),
(11, 10, 50, 1, 0, 175.00, 1460559647),
(12, 11, 65, 1, 0, 160.80, 1460559731),
(13, 12, 65, 1, 0, 160.80, 1460559735),
(14, 13, 65, 1, 0, 160.80, 1460559755),
(15, 14, 65, 1, 0, 160.80, 1460559757),
(16, 15, 65, 1, 0, 160.80, 1460559799),
(17, 16, 86, 1, 0, 30.00, 1460560140),
(18, 16, 88, 1, 0, 51.00, 1460560140),
(19, 16, 89, 1, 0, 52.00, 1460560140),
(20, 17, 297, 4, 30, 0.01, 1460560599),
(21, 18, 297, 1, 30, 0.01, 1460561142),
(22, 19, 302, 1, 0, 20.00, 1460598788),
(23, 19, 304, 1, 0, 42.00, 1460598788),
(24, 19, 305, 1, 0, 42.00, 1460598788),
(25, 19, 306, 1, 0, 42.00, 1460598788),
(26, 19, 288, 1, 0, 42.00, 1460598788),
(27, 19, 289, 1, 0, 28.00, 1460598788),
(28, 19, 290, 1, 0, 160.80, 1460598788),
(29, 19, 276, 1, 0, 56.00, 1460598788),
(30, 19, 277, 1, 0, 56.00, 1460598788),
(31, 19, 278, 1, 0, 93.60, 1460598788),
(32, 19, 279, 1, 0, 56.00, 1460598788),
(33, 19, 280, 1, 0, 56.00, 1460598788),
(34, 19, 281, 1, 0, 56.00, 1460598788),
(35, 19, 282, 1, 0, 56.00, 1460598788),
(36, 19, 283, 1, 0, 46.00, 1460598788),
(37, 19, 284, 1, 0, 80.00, 1460598788),
(38, 19, 285, 1, 0, 32.00, 1460598788),
(39, 20, 302, 1, 0, 20.00, 1460598793),
(40, 20, 304, 1, 0, 42.00, 1460598793),
(41, 20, 305, 1, 0, 42.00, 1460598793),
(42, 20, 306, 1, 0, 42.00, 1460598793),
(43, 20, 288, 1, 0, 42.00, 1460598793),
(44, 20, 289, 1, 0, 28.00, 1460598793),
(45, 20, 290, 1, 0, 160.80, 1460598793),
(46, 20, 276, 1, 0, 56.00, 1460598793),
(47, 20, 277, 1, 0, 56.00, 1460598793),
(48, 20, 278, 1, 0, 93.60, 1460598793),
(49, 20, 279, 1, 0, 56.00, 1460598793),
(50, 20, 280, 1, 0, 56.00, 1460598793),
(51, 20, 281, 1, 0, 56.00, 1460598793),
(52, 20, 282, 1, 0, 56.00, 1460598793),
(53, 20, 283, 1, 0, 46.00, 1460598793),
(54, 20, 284, 1, 0, 80.00, 1460598793),
(55, 20, 285, 1, 0, 32.00, 1460598793),
(56, 21, 275, 1, 0, 56.00, 1460599173),
(57, 22, 303, 3, 31, 0.01, 1460599845),
(58, 23, 305, 1, 0, 42.00, 1460599982),
(59, 24, 288, 1, 0, 42.00, 1460600245),
(60, 24, 290, 1, 0, 160.80, 1460600245),
(61, 24, 291, 1, 30, 0.01, 1460600245),
(62, 24, 293, 1, 30, 0.01, 1460600245),
(63, 24, 292, 1, 30, 0.01, 1460600245),
(64, 24, 277, 1, 0, 56.00, 1460600245),
(65, 24, 276, 1, 0, 56.00, 1460600245),
(66, 24, 278, 1, 0, 93.60, 1460600245),
(67, 24, 280, 1, 0, 56.00, 1460600245),
(68, 24, 281, 1, 0, 56.00, 1460600245),
(69, 25, 52, 2, 0, 90.00, 1460601407),
(70, 26, 52, 2, 0, 90.00, 1460601424),
(71, 27, 296, 5, 30, 0.01, 1460602244),
(72, 28, 55, 1, 29, 0.00, 1460604171),
(73, 38, 55, 1, 29, 0.00, 1460604230),
(74, 40, 47, 1, 0, 105.00, 1460604286),
(76, 42, 55, 1, 29, 0.00, 1460604329),
(77, 44, 54, 1, 0, 90.00, 1460605180),
(78, 45, 295, 5, 30, 0.01, 1460605284),
(80, 47, 68, 1, 0, 144.00, 1460606380),
(81, 47, 67, 1, 0, 144.00, 1460606380),
(82, 47, 66, 1, 0, 144.00, 1460606380),
(83, 48, 68, 1, 0, 144.00, 1460606383),
(84, 48, 67, 1, 0, 144.00, 1460606383),
(85, 48, 66, 1, 0, 144.00, 1460606383),
(88, 51, 298, 1, 30, 0.01, 1460615684),
(89, 52, 302, 1, 0, 20.00, 1460615794),
(92, 54, 290, 1, 0, 160.80, 1460616543),
(100, 57, 77, 1, 0, 36.00, 1460618466),
(101, 57, 78, 1, 0, 58.00, 1460618466),
(102, 57, 81, 1, 0, 105.00, 1460618466),
(103, 58, 77, 1, 0, 36.00, 1460618495),
(104, 58, 78, 1, 0, 58.00, 1460618495),
(105, 58, 81, 1, 0, 105.00, 1460618495),
(106, 59, 77, 1, 0, 36.00, 1460618522),
(107, 59, 78, 1, 0, 58.00, 1460618522),
(108, 59, 81, 1, 0, 105.00, 1460618522),
(109, 60, 77, 1, 0, 36.00, 1460618528),
(110, 60, 78, 1, 0, 58.00, 1460618528),
(111, 60, 81, 1, 0, 105.00, 1460618528),
(112, 61, 77, 1, 0, 36.00, 1460618592),
(113, 61, 78, 1, 0, 58.00, 1460618592),
(114, 61, 81, 1, 0, 105.00, 1460618592),
(135, 74, 302, 1, 0, 20.00, 1460630175),
(140, 76, 54, 1, 0, 90.00, 1460675420),
(141, 77, 304, 1, 0, 42.00, 1460675539),
(142, 78, 303, 1, 0, 72.00, 1460676529),
(143, 79, 303, 1, 0, 72.00, 1460685891),
(144, 79, 302, 1, 0, 20.00, 1460685891),
(145, 79, 301, 1, 0, 20.00, 1460685891),
(146, 79, 300, 1, 0, 78.00, 1460685891),
(147, 80, 303, 1, 0, 72.00, 1460686719),
(148, 81, 303, 1, 0, 72.00, 1460686773),
(149, 82, 47, 1, 46, 0.00, 1460687110),
(150, 84, 47, 1, 46, 0.00, 1460687200),
(151, 85, 47, 1, 46, 0.00, 1460687219),
(152, 86, 47, 1, 46, 0.00, 1460687245),
(159, 88, 47, 1, 46, 0.00, 1460689381),
(160, 89, 47, 1, 46, 0.00, 1460689484),
(161, 90, 47, 1, 46, 0.00, 1460689508),
(163, 92, 47, 1, 46, 0.00, 1460689589),
(166, 94, 47, 1, 46, 0.00, 1460689738),
(169, 100, 87, 1, 0, 30.00, 1460691250),
(170, 100, 86, 1, 0, 30.00, 1460691250),
(171, 100, 85, 1, 0, 30.00, 1460691250),
(172, 101, 47, 1, 46, 0.00, 1460691789),
(173, 103, 69, 1, 0, 144.00, 1460691855),
(174, 104, 110, 1, 45, 5.00, 1460692016),
(175, 104, 109, 2, 45, 5.00, 1460692016),
(176, 104, 107, 3, 45, 5.00, 1460692016),
(177, 104, 106, 4, 45, 5.00, 1460692016),
(182, 109, 47, 2, 46, 0.00, 1460693202),
(183, 110, 47, 1, 46, 0.00, 1460693539),
(184, 112, 47, 3, 46, 0.00, 1460693907),
(190, 118, 303, 1, 0, 72.00, 1460700907),
(192, 120, 303, 1, 0, 72.00, 1460705885),
(193, 121, 300, 1, 0, 78.00, 1460706468),
(194, 122, 300, 1, 0, 78.00, 1460706504),
(206, 126, 78, 1, 0, 58.00, 1460707416),
(207, 126, 291, 1, 0, 42.00, 1460707416),
(208, 126, 289, 1, 0, 28.00, 1460707416),
(209, 126, 287, 1, 0, 98.64, 1460707416),
(210, 126, 285, 1, 0, 32.00, 1460707416),
(211, 126, 283, 1, 0, 46.00, 1460707416),
(212, 126, 286, 1, 0, 98.64, 1460707416),
(213, 126, 281, 1, 0, 56.00, 1460707416),
(217, 130, 69, 3, 0, 144.00, 1460708154),
(218, 131, 47, 3, 46, 105.00, 1460708538),
(219, 132, 47, 1, 46, 105.00, 1460708742),
(220, 133, 47, 15, 46, 105.00, 1460709014),
(224, 135, 306, 1, 47, 42.00, 1460710706),
(225, 136, 303, 2, 58, 40.00, 1460713667),
(226, 136, 287, 2, 58, 40.00, 1460713667),
(227, 137, 134, 1, 50, 30.00, 1460713694),
(228, 137, 132, 1, 50, 30.00, 1460713694),
(229, 137, 102, 1, 45, 5.00, 1460713694),
(230, 137, 103, 2, 45, 5.00, 1460713694),
(231, 137, 306, 1, 47, 42.00, 1460713694),
(232, 137, 235, 1, 0, 103.20, 1460713694),
(233, 137, 159, 2, 0, 52.00, 1460713694),
(234, 137, 129, 1, 53, 160.80, 1460713694),
(235, 137, 303, 1, 58, 40.00, 1460713694),
(236, 137, 286, 2, 58, 40.00, 1460713694),
(237, 138, 225, 2, 58, 40.00, 1460713931),
(238, 138, 228, 1, 58, 40.00, 1460713931),
(239, 138, 47, 1, 46, 105.00, 1460713931),
(240, 138, 82, 2, 51, 60.00, 1460713931),
(241, 138, 97, 1, 45, 5.00, 1460713931),
(242, 138, 96, 1, 45, 5.00, 1460713931),
(243, 138, 99, 5, 45, 5.00, 1460713931),
(244, 139, 87, 1, 0, 30.00, 1460714678),
(245, 140, 87, 1, 0, 30.00, 1460714834),
(246, 141, 287, 1, 58, 40.00, 1460778745),
(247, 142, 309, 1, 0, 80.00, 1460778814),
(248, 143, 309, 1, 0, 80.00, 1460778920),
(250, 145, 309, 1, 0, 80.00, 1460788915),
(251, 146, 309, 1, 0, 80.00, 1460789002),
(252, 147, 290, 5, 48, 160.80, 1460789249),
(253, 148, 290, 1, 0, 160.80, 1460789294),
(254, 149, 235, 1, 0, 103.20, 1460789373),
(255, 150, 309, 1, 0, 80.00, 1460790093),
(256, 151, 309, 1, 0, 80.00, 1460790276),
(257, 152, 309, 1, 0, 80.00, 1460790770),
(258, 154, 309, 1, 0, 80.00, 1460792294),
(259, 155, 309, 1, 0, 80.00, 1460792672),
(260, 156, 309, 1, 0, 80.00, 1460792716),
(261, 157, 309, 1, 0, 80.00, 1460794923),
(262, 158, 309, 1, 0, 80.00, 1460795189),
(263, 159, 306, 1, 0, 42.00, 1460801150),
(264, 160, 303, 1, 58, 40.00, 1460801271),
(265, 160, 235, 1, 0, 103.20, 1460801271),
(266, 160, 159, 1, 0, 52.00, 1460801271),
(267, 161, 235, 6, 55, 103.20, 1460801334),
(268, 162, 309, 1, 0, 80.00, 1460801865),
(269, 163, 308, 1, 0, 5.00, 1460802702),
(270, 164, 308, 1, 0, 5.00, 1460802724),
(271, 165, 308, 1, 0, 5.00, 1460802841),
(272, 166, 308, 1, 0, 5.00, 1460803365),
(274, 168, 308, 1, 0, 5.00, 1460803620),
(275, 169, 308, 1, 0, 5.00, 1460804348),
(276, 170, 308, 1, 0, 5.00, 1460804506),
(277, 171, 308, 2, 0, 5.00, 1460805290),
(278, 172, 308, 1, 0, 5.00, 1460805478),
(279, 173, 303, 2, 58, 40.00, 1460806222),
(280, 173, 302, 1, 0, 20.00, 1460806222),
(281, 173, 301, 7, 0, 20.00, 1460806222),
(282, 173, 300, 9, 0, 78.00, 1460806222),
(283, 173, 134, 5, 50, 30.00, 1460806222),
(284, 173, 235, 8, 55, 103.20, 1460806222),
(285, 174, 309, 1, 0, 80.00, 1460810521),
(286, 175, 306, 1, 0, 42.00, 1460849604),
(287, 175, 300, 1, 0, 78.00, 1460849604),
(288, 175, 273, 1, 0, 5.00, 1460849604),
(289, 176, 265, 2, 0, 5.00, 1460849637),
(290, 176, 264, 3, 0, 5.00, 1460849637),
(291, 177, 239, 5, 0, 60.00, 1460849691),
(292, 178, 306, 10, 0, 42.00, 1460861883),
(294, 180, 90, 1, 59, 67.00, 1460944722),
(295, 181, 90, 1, 59, 67.00, 1460944937),
(296, 182, 90, 1, 59, 67.00, 1460945400),
(297, 183, 90, 1, 59, 67.00, 1460945423),
(299, 185, 309, 1, 0, 80.00, 1460948384),
(300, 186, 309, 1, 0, 80.00, 1460949001),
(301, 187, 90, 1, 59, 67.00, 1460949012),
(303, 189, 90, 1, 59, 67.00, 1460949575),
(304, 190, 90, 1, 59, 67.00, 1460949699),
(306, 192, 309, 1, 0, 80.00, 1460950347),
(307, 193, 306, 1, 0, 42.00, 1460959433),
(308, 194, 309, 1, 0, 80.00, 1460961002),
(312, 198, 308, 1, 0, 5.00, 1460985148),
(313, 199, 54, 1, 0, 90.00, 1460985452),
(314, 200, 152, 1, 62, 5.00, 1460988953),
(315, 200, 164, 1, 72, 29.00, 1460988953),
(316, 200, 300, 1, 73, 1.00, 1460988953),
(317, 201, 309, 1, 0, 80.00, 1461031316),
(318, 202, 309, 1, 78, 888.00, 1461034442),
(319, 203, 302, 1, 0, 20.00, 1461046351),
(320, 204, 308, 1, 77, 999.00, 1461051467),
(321, 205, 308, 1, 77, 999.00, 1461053358),
(322, 206, 308, 1, 77, 999.00, 1461053410),
(323, 207, 302, 1, 0, 20.00, 1461054652),
(324, 208, 303, 1, 0, 72.00, 1461059327),
(325, 209, 308, 1, 77, 999.00, 1461060482);

-- --------------------------------------------------------

--
-- 表的结构 `order_info`
--

CREATE TABLE IF NOT EXISTS `order_info` (
  `id` int(10) unsigned NOT NULL AUTO_INCREMENT COMMENT '订单ID',
  `order_number` char(18) NOT NULL COMMENT '订单流水号',
  `user_id` int(8) NOT NULL COMMENT '用户ID',
  `order_status` tinyint(1) NOT NULL DEFAULT '1' COMMENT '订单状态 1.未确认 2.已取消 3.已确认 4.申请退货5.已退货 6.已关闭 7.申请退款，8.已退款 9.退款中',
  `shipping_status` tinyint(1) NOT NULL DEFAULT '1' COMMENT '配送状态 1.未配送 2.已配送',
  `sign_status` tinyint(1) NOT NULL DEFAULT '1' COMMENT '签收状态 1.未签收 2.已签收',
  `consignee` varchar(60) NOT NULL COMMENT '收货人',
  `tel` varchar(13) NOT NULL COMMENT '收货人电话',
  `postscript` varchar(255) NOT NULL COMMENT '订单附言',
  `shipping_type` tinyint(1) NOT NULL DEFAULT '1' COMMENT '配送方式 1.公司配送',
  `pay_status` tinyint(1) NOT NULL DEFAULT '1' COMMENT '支付状态：1.未支付,2.已支付',
  `warehouse_id` int(8) NOT NULL COMMENT '经销商ID',
  `seller_address` varchar(255) NOT NULL COMMENT '配送地址',
  `seller_tel` varchar(13) NOT NULL COMMENT '配送电话：卖家电话',
  `pay_id` tinyint(1) NOT NULL COMMENT '支付方式 1.微信支付 2.支付宝 3.POS机',
  `goods_amount` decimal(10,2) NOT NULL COMMENT '商品总额',
  `pay_money` decimal(10,2) NOT NULL COMMENT '支付金额',
  `address_id` int(8) NOT NULL COMMENT '地址ID',
  `remind_time` int(10) NOT NULL COMMENT '提醒时间（一天一次）',
  `order_address` varchar(255) NOT NULL COMMENT '收货地址ID',
  `couponsId` varchar(120) DEFAULT '0' COMMENT '使用优惠卷id',
  `voucher_id` int(10) DEFAULT '0' COMMENT '代金卷id',
  `is_delete` tinyint(1) NOT NULL DEFAULT '0' COMMENT '是否删除 0.否 1.是',
  `trade_no` varchar(64) DEFAULT '0' COMMENT '订单支付交易号',
  `refund_num` varchar(64) NOT NULL COMMENT '退款记录号',
  `refund_time` int(11) NOT NULL COMMENT '退款时间',
  `province_id` int(7) NOT NULL COMMENT '省',
  `city_id` int(7) NOT NULL COMMENT '市',
  `area_id` int(7) NOT NULL COMMENT '区',
  `shipments_time` int(11) NOT NULL COMMENT '发货时间',
  `pay_time` int(11) NOT NULL COMMENT '支付时间',
  `add_time` int(11) DEFAULT NULL COMMENT '订单生成时间',
  PRIMARY KEY (`id`,`remind_time`,`order_address`),
  KEY `trade_no` (`trade_no`),
  KEY `order_number` (`order_number`),
  KEY `trade_no_2` (`trade_no`)
) ENGINE=InnoDB  DEFAULT CHARSET=utf8 COMMENT='订单信息表' AUTO_INCREMENT=210 ;

--
-- 转存表中的数据 `order_info`
--

INSERT INTO `order_info` (`id`, `order_number`, `user_id`, `order_status`, `shipping_status`, `sign_status`, `consignee`, `tel`, `postscript`, `shipping_type`, `pay_status`, `warehouse_id`, `seller_address`, `seller_tel`, `pay_id`, `goods_amount`, `pay_money`, `address_id`, `remind_time`, `order_address`, `couponsId`, `voucher_id`, `is_delete`, `trade_no`, `refund_num`, `refund_time`, `province_id`, `city_id`, `area_id`, `shipments_time`, `pay_time`, `add_time`) VALUES
(1, '201604131635567168', 1, 1, 1, 1, '姓名', '13901234567', '', 1, 1, 5, '我有二维码', '13901234567', 1, 202.64, 202.64, 1, 0, '北京东城东城区地址', '0', 0, 0, '0', '', 0, 11, 1101, 110101, 0, 0, 1460536556),
(3, '201604131638578643', 2, 1, 1, 1, '猴子', '18811367132', '', 1, 1, 6, '猴子也有二维码', '18811367132', 1, 19.00, 19.00, 2, 0, '北京通州通州区河里', '0', 0, 0, '0', '', 0, 11, 1112, 111212, 0, 0, 1460536737),
(4, '201604132300286548', 1, 3, 1, 1, '姓名', '13901234567', '', 1, 2, 5, '我有二维码', '13901234567', 0, 175.00, 0.00, 1, 0, '北京东城东城区地址', '9', 0, 0, '0', '', 0, 11, 1101, 110101, 0, 1460559628, 1460559628),
(5, '201604132300311041', 1, 3, 1, 1, '姓名', '13901234567', '', 1, 2, 5, '我有二维码', '13901234567', 0, 175.00, 0.00, 1, 0, '北京东城东城区地址', '9', 0, 0, '0', '', 0, 11, 1101, 110101, 0, 1460559631, 1460559631),
(6, '201604132300324729', 1, 3, 1, 1, '姓名', '13901234567', '', 1, 2, 5, '我有二维码', '13901234567', 0, 175.00, 0.00, 1, 0, '北京东城东城区地址', '9', 0, 0, '0', '', 0, 11, 1101, 110101, 0, 1460559632, 1460559632),
(7, '201604132300333019', 1, 3, 1, 1, '姓名', '13901234567', '', 1, 2, 5, '我有二维码', '13901234567', 0, 175.00, 0.00, 1, 0, '北京东城东城区地址', '9', 0, 0, '0', '', 0, 11, 1101, 110101, 0, 1460559633, 1460559633),
(8, '201604132300343188', 1, 3, 1, 1, '姓名', '13901234567', '', 1, 2, 5, '我有二维码', '13901234567', 0, 175.00, 0.00, 1, 0, '北京东城东城区地址', '9', 0, 0, '0', '', 0, 11, 1101, 110101, 0, 1460559634, 1460559634),
(9, '201604132300356414', 1, 3, 1, 1, '姓名', '13901234567', '', 1, 2, 5, '我有二维码', '13901234567', 0, 175.00, 0.00, 1, 0, '北京东城东城区地址', '9', 0, 0, '0', '', 0, 11, 1101, 110101, 0, 1460559635, 1460559635),
(10, '201604132300476637', 1, 1, 1, 1, '姓名', '13901234567', '', 1, 1, 5, '我有二维码', '13901234567', 1, 175.00, 175.00, 1, 0, '北京东城东城区地址', '0', 0, 0, '0', '', 0, 11, 1101, 110101, 0, 0, 1460559647),
(11, '201604132302118511', 1, 3, 1, 1, '姓名', '13901234567', '', 1, 2, 5, '我有二维码', '13901234567', 0, 160.80, 0.00, 1, 0, '北京东城东城区地址', '11', 0, 0, '0', '', 0, 11, 1101, 110101, 0, 1460559731, 1460559731),
(12, '201604132302159949', 1, 3, 1, 1, '姓名', '13901234567', '', 1, 2, 5, '我有二维码', '13901234567', 0, 160.80, 0.00, 1, 0, '北京东城东城区地址', '11', 0, 0, '0', '', 0, 11, 1101, 110101, 0, 1460559735, 1460559735),
(13, '201604132302354919', 1, 3, 1, 1, '姓名', '13901234567', '', 1, 2, 5, '我有二维码', '13901234567', 0, 160.80, 0.00, 1, 0, '北京东城东城区地址', '11', 0, 0, '0', '', 0, 11, 1101, 110101, 0, 1460559755, 1460559755),
(14, '201604132302376059', 1, 3, 1, 1, '姓名', '13901234567', '', 1, 2, 5, '我有二维码', '13901234567', 0, 160.80, 0.00, 1, 0, '北京东城东城区地址', '11', 0, 0, '0', '', 0, 11, 1101, 110101, 0, 1460559757, 1460559757),
(15, '201604132303198668', 1, 3, 1, 1, '姓名', '13901234567', '', 1, 2, 5, '我有二维码', '13901234567', 0, 160.80, 0.00, 1, 0, '北京东城东城区地址', '11', 0, 0, '0', '', 0, 11, 1101, 110101, 0, 1460559799, 1460559799),
(16, '201604132309002471', 1, 3, 1, 1, '姓名', '13901234567', '', 1, 2, 5, '我有二维码', '13901234567', 0, 133.00, 0.00, 1, 0, '北京东城东城区地址', '13', 0, 0, '0', '', 0, 11, 1101, 110101, 0, 1460560140, 1460560140),
(17, '201604132316398559', 2, 3, 1, 1, '猴子', '18811367132', '', 1, 2, 6, '猴子也有二维码', '18811367132', 1, 0.04, 0.04, 2, 0, '北京通州通州区河里', '0', 0, 0, '4006252001201604144820661986', '', 0, 11, 1112, 111212, 0, 1460599125, 1460560599),
(18, '201604132325428075', 2, 3, 1, 1, '猴子', '18811367132', '', 1, 2, 6, '猴子也有二维码', '18811367132', 1, 0.01, 0.01, 2, 0, '北京通州通州区河里', '0', 0, 0, '4007212001201604134813328495', '', 0, 11, 1112, 111212, 0, 1460561299, 1460561142),
(19, '201604140953082739', 1, 3, 1, 1, '姓名', '13901234567', '', 1, 2, 5, '我有二维码', '13901234567', 0, 964.40, 0.00, 1, 0, '北京东城东城区地址', '15', 0, 0, '0', '', 0, 11, 1101, 110101, 0, 1460598788, 1460598788),
(20, '201604140953131289', 1, 3, 1, 1, '姓名', '13901234567', '', 1, 2, 5, '我有二维码', '13901234567', 0, 964.40, 0.00, 1, 0, '北京东城东城区地址', '15', 0, 0, '0', '', 0, 11, 1101, 110101, 0, 1460598793, 1460598793),
(21, '201604140959331960', 2, 2, 1, 1, '猴子', '18811367132', '', 1, 2, 6, '猴子也有二维码', '18811367132', 1, 56.00, 56.00, 2, 1460599196, '北京通州通州区河里', '0', 0, 0, '4006252001201604144819951630', '', 0, 11, 1112, 111212, 0, 1460599186, 1460599173),
(22, '201604141010456950', 2, 3, 1, 1, '猴子', '18811367132', '', 1, 2, 6, '猴子也有二维码', '18811367132', 1, 0.03, 0.03, 2, 0, '北京通州通州区河里', '0', 0, 0, '4006252001201604144820835959', '', 0, 11, 1112, 111212, 0, 1460599855, 1460599845),
(23, '201604141013027046', 2, 3, 1, 1, '猴子', '18811367132', '', 1, 2, 6, '猴子也有二维码', '18811367132', 1, 42.00, 42.00, 2, 0, '北京通州通州区河里', '0', 0, 0, '4006252001201604144820252469', '', 0, 11, 1112, 111212, 0, 1460600561, 1460599982),
(24, '201604141017252789', 2, 3, 1, 1, '猴子', '18811367132', '', 1, 2, 6, '猴子也有二维码', '18811367132', 1, 520.43, 520.43, 2, 0, '北京通州通州区河里', '0', 0, 0, '4006252001201604144820956049', '', 0, 11, 1112, 111212, 0, 1460600354, 1460600245),
(25, '201604141036477038', 2, 3, 1, 1, '猴子', '18811367132', '', 1, 2, 6, '猴子也有二维码', '18811367132', 0, 180.00, 0.00, 2, 1460602463, '北京通州通州区河里', '16', 0, 0, '0', '', 0, 11, 1112, 111212, 0, 1460601407, 1460601407),
(26, '201604141037047023', 2, 3, 1, 1, '猴子', '18811367132', '', 1, 2, 6, '猴子也有二维码', '18811367132', 0, 180.00, 0.00, 2, 0, '北京通州通州区河里', '16', 0, 0, '0', '', 0, 11, 1112, 111212, 0, 1460601424, 1460601424),
(27, '201604141050445898', 2, 3, 1, 1, '猴子', '18811367132', '', 1, 2, 6, '猴子也有二维码', '18811367132', 1, 0.05, 0.05, 2, 1460602261, '北京通州通州区河里', '0', 0, 0, '4000922001201604144822644832', '', 0, 11, 1112, 111212, 0, 1460602257, 1460602244),
(28, '201604141122512601', 2, 3, 1, 1, '猴子', '18811367132', '', 1, 2, 6, '猴子也有二维码', '18811367132', 0, 0.00, 0.00, 2, 0, '北京通州通州区河里', '0', 0, 0, '0', '', 0, 11, 1112, 111212, 0, 1460604171, 1460604171),
(29, '201604141122556653', 2, 3, 1, 1, '猴子', '18811367132', '', 1, 2, 6, '猴子也有二维码', '18811367132', 0, 0.00, 0.00, 2, 0, '北京通州通州区河里', '0', 0, 0, '0', '', 0, 11, 1112, 111212, 0, 1460604175, 1460604175),
(30, '201604141122565815', 2, 3, 1, 1, '猴子', '18811367132', '', 1, 2, 6, '猴子也有二维码', '18811367132', 0, 0.00, 0.00, 2, 0, '北京通州通州区河里', '0', 0, 0, '0', '', 0, 11, 1112, 111212, 0, 1460604176, 1460604176),
(31, '201604141122572977', 2, 3, 1, 1, '猴子', '18811367132', '', 1, 2, 6, '猴子也有二维码', '18811367132', 0, 0.00, 0.00, 2, 0, '北京通州通州区河里', '0', 0, 0, '0', '', 0, 11, 1112, 111212, 0, 1460604177, 1460604177),
(32, '201604141122583729', 2, 3, 1, 1, '猴子', '18811367132', '', 1, 2, 6, '猴子也有二维码', '18811367132', 0, 0.00, 0.00, 2, 0, '北京通州通州区河里', '0', 0, 0, '0', '', 0, 11, 1112, 111212, 0, 1460604178, 1460604178),
(33, '201604141122587551', 2, 3, 1, 1, '猴子', '18811367132', '', 1, 2, 6, '猴子也有二维码', '18811367132', 0, 0.00, 0.00, 2, 0, '北京通州通州区河里', '0', 0, 0, '0', '', 0, 11, 1112, 111212, 0, 1460604178, 1460604178),
(34, '201604141122598145', 2, 3, 1, 1, '猴子', '18811367132', '', 1, 2, 6, '猴子也有二维码', '18811367132', 0, 0.00, 0.00, 2, 0, '北京通州通州区河里', '0', 0, 0, '0', '', 0, 11, 1112, 111212, 0, 1460604179, 1460604179),
(35, '201604141123004474', 2, 3, 1, 1, '猴子', '18811367132', '', 1, 2, 6, '猴子也有二维码', '18811367132', 0, 0.00, 0.00, 2, 0, '北京通州通州区河里', '0', 0, 0, '0', '', 0, 11, 1112, 111212, 0, 1460604180, 1460604180),
(36, '201604141123001797', 2, 3, 1, 1, '猴子', '18811367132', '', 1, 2, 6, '猴子也有二维码', '18811367132', 0, 0.00, 0.00, 2, 0, '北京通州通州区河里', '0', 0, 0, '0', '', 0, 11, 1112, 111212, 0, 1460604180, 1460604180),
(37, '201604141123007863', 2, 3, 1, 1, '猴子', '18811367132', '', 1, 2, 6, '猴子也有二维码', '18811367132', 0, 0.00, 0.00, 2, 0, '北京通州通州区河里', '0', 0, 0, '0', '', 0, 11, 1112, 111212, 0, 1460604180, 1460604180),
(38, '201604141123503185', 2, 3, 1, 1, '猴子', '18811367132', '', 1, 2, 6, '猴子也有二维码', '18811367132', 0, 0.00, 0.00, 2, 0, '北京通州通州区河里', '0', 0, 0, '0', '', 0, 11, 1112, 111212, 0, 1460604230, 1460604230),
(39, '201604141123527014', 2, 3, 1, 1, '猴子', '18811367132', '', 1, 2, 6, '猴子也有二维码', '18811367132', 0, 0.00, 0.00, 2, 0, '北京通州通州区河里', '0', 0, 0, '0', '', 0, 11, 1112, 111212, 0, 1460604232, 1460604232),
(40, '201604141124466079', 2, 3, 1, 1, '猴子', '18811367132', '', 1, 2, 6, '猴子也有二维码', '18811367132', 2, 105.00, 105.00, 2, 0, '北京通州通州区河里', '0', 0, 0, '2016041421001004320220535802', '', 0, 11, 1112, 111212, 0, 1460692127, 1460604286),
(42, '201604141125298368', 2, 3, 1, 1, '猴子', '18811367132', '', 1, 2, 6, '猴子也有二维码', '18811367132', 0, 0.00, 0.00, 2, 0, '北京通州通州区河里', '0', 0, 0, '0', '', 0, 11, 1112, 111212, 0, 1460604329, 1460604329),
(43, '201604141126232463', 2, 3, 1, 1, '猴子', '18811367132', '', 1, 2, 6, '猴子也有二维码', '18811367132', 0, 0.00, 0.00, 2, 1460607530, '北京通州通州区河里', '0', 0, 0, '0', '', 0, 11, 1112, 111212, 0, 1460604383, 1460604383),
(44, '201604141139407121', 2, 2, 2, 1, '猴子', '18811367132', '', 1, 2, 6, '猴子也有二维码', '18811367132', 0, 90.00, 0.00, 2, 0, '北京通州通州区河里', '20', 0, 0, '0', '', 0, 11, 1112, 111212, 1460606373, 1460605180, 1460605180),
(45, '201604141141241213', 4, 3, 1, 1, '王鑫柳', '15122969059', '', 1, 2, 6, '猴子也有二维码', '18811367132', 2, 0.05, 0.05, 3, 1460606343, '北京通州通州区北京市通州区玉带河东街运河明珠小区2号院2号楼', '0', 0, 0, '2016041421001004950202302810', '', 0, 11, 1112, 111212, 0, 1460693143, 1460605284),
(47, '201604141159406743', 1, 3, 1, 1, '姓名', '13901234567', '', 1, 2, 5, '我有二维码', '13901234567', 0, 432.00, 0.00, 1, 0, '北京东城东城区地址', '22', 0, 0, '0', '', 0, 11, 1101, 110101, 0, 1460606380, 1460606380),
(48, '201604141159437342', 1, 3, 1, 1, '姓名', '13901234567', '', 1, 2, 5, '我有二维码', '13901234567', 0, 432.00, 0.00, 1, 0, '北京东城东城区地址', '22', 0, 0, '0', '', 0, 11, 1101, 110101, 0, 1460606383, 1460606383),
(51, '201604141434444172', 2, 3, 1, 1, '猴子', '18811367132', '', 1, 2, 6, '猴子也有二维码', '18811367132', 2, 0.01, 0.01, 2, 1460615720, '北京通州通州区河里', '0', 0, 0, '2016041421001004510283143563', '', 0, 11, 1112, 111212, 0, 1460703506, 1460615684),
(52, '201604141436346810', 2, 3, 1, 1, '猴子', '18811367132', '', 1, 2, 6, '猴子也有二维码', '18811367132', 2, 20.00, 10.00, 2, 0, '北京通州通州区河里', '0', 32, 0, '2016041421001004510283082808', '', 0, 11, 1112, 111212, 0, 1460703769, 1460615794),
(54, '201604141449037866', 2, 3, 1, 1, '猴子', '18811367132', '', 1, 2, 6, '猴子也有二维码', '18811367132', 2, 160.80, 150.80, 2, 0, '北京通州通州区河里', '0', 38, 0, '2016041421001004510273731291', '', 0, 11, 1112, 111212, 0, 1460704470, 1460616543),
(57, '201604141521064279', 2, 3, 1, 1, '猴子', '18811367132', '', 1, 2, 6, '猴子也有二维码', '18811367132', 0, 199.00, 0.00, 2, 0, '北京通州通州区河里', '47', 0, 0, '0', '', 0, 11, 1112, 111212, 0, 1460618466, 1460618466),
(58, '201604141521356720', 2, 3, 1, 1, '猴子', '18811367132', '', 1, 2, 6, '猴子也有二维码', '18811367132', 0, 199.00, 0.00, 2, 0, '北京通州通州区河里', '47', 0, 0, '0', '', 0, 11, 1112, 111212, 0, 1460618495, 1460618495),
(59, '201604141522028012', 2, 3, 1, 1, '猴子', '18811367132', '', 1, 2, 6, '猴子也有二维码', '18811367132', 0, 199.00, 0.00, 2, 0, '北京通州通州区河里', '47', 0, 0, '0', '', 0, 11, 1112, 111212, 0, 1460618522, 1460618522),
(60, '201604141522085537', 2, 3, 1, 1, '猴子', '18811367132', '', 1, 2, 6, '猴子也有二维码', '18811367132', 0, 199.00, 0.00, 2, 0, '北京通州通州区河里', '47', 0, 0, '0', '', 0, 11, 1112, 111212, 0, 1460618528, 1460618528),
(61, '201604141523127115', 2, 3, 1, 1, '猴子', '18811367132', '', 1, 2, 6, '猴子也有二维码', '18811367132', 0, 199.00, 0.00, 2, 0, '北京通州通州区河里', '47', 0, 0, '0', '', 0, 11, 1112, 111212, 0, 1460618592, 1460618592),
(74, '201604141836154612', 2, 3, 1, 1, '猴子', '18811367132', '', 1, 2, 6, '猴子也有通州二维码', '18811367132', 1, 20.00, 20.00, 2, 0, '北京通州通州区河里', '0', 0, 0, '4006252001201604144836870625', '', 0, 11, 1112, 111212, 0, 1460630235, 1460630175),
(76, '201604150710201067', 1, 1, 1, 1, '姓名', '13901234567', '', 1, 1, 5, '我有通州二维码', '13901234567', 1, 90.00, 90.00, 1, 0, '北京东城东城区地址', '46', 0, 0, '0', '', 0, 11, 1101, 110101, 0, 0, 1460675420),
(77, '201604150712191947', 1, 3, 1, 1, '姓名', '13901234567', '', 1, 2, 5, '我有通州二维码', '13901234567', 2, 42.00, 42.00, 1, 0, '北京东城东城区地址', '49', 0, 0, '2016041521001004140272532284', '', 0, 11, 1101, 110101, 0, 1460763373, 1460675539),
(78, '201604150728493001', 1, 3, 1, 1, '姓名', '13901234567', '', 1, 2, 5, '我有通州二维码', '13901234567', 2, 72.00, 72.00, 1, 0, '北京东城东城区地址', '0', 0, 0, '2016041521001004140281063261', '', 0, 11, 1101, 110101, 0, 1460800490, 1460676529),
(79, '201604151004515717', 2, 3, 1, 1, '猴子', '18811367132', '', 1, 2, 6, '猴子也有通州二维码', '18811367132', 2, 190.00, 190.00, 2, 0, '北京通州通州区河里', '0', 0, 0, '2016041521001004320216314033', '', 0, 11, 1112, 111212, 0, 1460773778, 1460685891),
(80, '201604151018398777', 2, 2, 1, 1, '猴子', '18811367132', '', 1, 2, 6, '猴子也有通州二维码', '18811367132', 1, 72.00, 72.00, 2, 0, '北京通州通州区河里', '0', 0, 0, '4000922001201604154854205469', '', 0, 11, 1112, 111212, 0, 1460686729, 1460686719),
(81, '201604151019335800', 2, 3, 1, 1, '猴子', '18811367132', '', 1, 2, 6, '猴子也有通州二维码', '18811367132', 2, 72.00, 72.00, 2, 0, '北京通州通州区河里', '0', 0, 0, '2016041521001004320227647501', '', 0, 11, 1112, 111212, 0, 1460774622, 1460686773),
(82, '201604151025104985', 2, 3, 1, 1, '猴子', '18811367132', '', 1, 2, 6, '猴子也有通州二维码', '18811367132', 0, 0.00, 0.00, 2, 0, '北京通州通州区河里', '0', 0, 0, '0', '', 0, 11, 1112, 111212, 0, 1460687110, 1460687110),
(83, '201604151025562826', 2, 3, 1, 1, '猴子', '18811367132', '', 1, 2, 6, '猴子也有通州二维码', '18811367132', 0, 0.00, 0.00, 2, 0, '北京通州通州区河里', '0', 0, 0, '0', '', 0, 11, 1112, 111212, 0, 1460687156, 1460687156),
(84, '201604151026408294', 2, 3, 1, 1, '猴子', '18811367132', '', 1, 2, 6, '猴子也有通州二维码', '18811367132', 0, 0.00, 0.00, 2, 0, '北京通州通州区河里', '0', 0, 0, '0', '', 0, 11, 1112, 111212, 0, 1460687200, 1460687200),
(85, '201604151026595580', 2, 3, 1, 1, '猴子', '18811367132', '', 1, 2, 6, '猴子也有通州二维码', '18811367132', 0, 0.00, 0.00, 2, 0, '北京通州通州区河里', '0', 0, 0, '0', '', 0, 11, 1112, 111212, 0, 1460687219, 1460687219),
(86, '201604151027252139', 2, 3, 1, 1, '猴子', '18811367132', '', 1, 2, 6, '猴子也有通州二维码', '18811367132', 0, 0.00, 0.00, 2, 0, '北京通州通州区河里', '0', 0, 0, '0', '', 0, 11, 1112, 111212, 0, 1460687245, 1460687245),
(88, '201604151103017303', 1, 3, 1, 1, '姓名', '13901234567', '', 1, 2, 5, '我有通州二维码', '13901234567', 0, 0.00, 0.00, 1, 0, '北京东城东城区地址', '0', 0, 0, '0', '', 0, 11, 1101, 110101, 0, 1460689381, 1460689381),
(89, '201604151104444768', 1, 3, 1, 1, '姓名', '13901234567', '', 1, 2, 5, '我有通州二维码', '13901234567', 0, 0.00, 0.00, 1, 0, '北京东城东城区地址', '0', 0, 0, '0', '', 0, 11, 1101, 110101, 0, 1460689484, 1460689484),
(90, '201604151105088878', 2, 3, 1, 1, '猴子', '18811367132', '', 1, 2, 6, '猴子也有通州二维码', '18811367132', 0, 0.00, 0.00, 2, 0, '北京通州通州区河里', '0', 0, 0, '0', '', 0, 11, 1112, 111212, 0, 1460689508, 1460689508),
(92, '201604151106298529', 1, 3, 1, 1, '姓名', '13901234567', '', 1, 2, 5, '我有通州二维码', '13901234567', 0, 0.00, 0.00, 1, 0, '北京东城东城区地址', '0', 0, 0, '0', '', 0, 11, 1101, 110101, 0, 1460689589, 1460689589),
(94, '201604151108588865', 2, 3, 1, 1, '猴子', '18811367132', '', 1, 2, 6, '猴子也有通州二维码', '18811367132', 0, 0.00, 0.00, 2, 0, '北京通州通州区河里', '0', 0, 0, '0', '', 0, 11, 1112, 111212, 0, 1460689738, 1460689738),
(95, '201604151109079625', 2, 3, 1, 1, '猴子', '18811367132', '', 1, 2, 6, '猴子也有通州二维码', '18811367132', 0, 0.00, 0.00, 2, 0, '北京通州通州区河里', '0', 0, 0, '0', '', 0, 11, 1112, 111212, 0, 1460689747, 1460689747),
(96, '201604151109135009', 2, 3, 1, 1, '猴子', '18811367132', '', 1, 2, 6, '猴子也有通州二维码', '18811367132', 0, 0.00, 0.00, 2, 0, '北京通州通州区河里', '0', 0, 0, '0', '', 0, 11, 1112, 111212, 0, 1460689753, 1460689753),
(97, '201604151109157860', 2, 3, 1, 1, '猴子', '18811367132', '', 1, 2, 6, '猴子也有通州二维码', '18811367132', 0, 0.00, 0.00, 2, 0, '北京通州通州区河里', '0', 0, 0, '0', '', 0, 11, 1112, 111212, 0, 1460689755, 1460689755),
(100, '201604151134108290', 1, 1, 1, 1, '姓名', '13901234567', '', 1, 1, 5, '我有通州二维码', '13901234567', 1, 90.00, 81.00, 1, 0, '北京东城东城区地址', '60', 0, 0, '0', '', 0, 11, 1101, 110101, 0, 0, 1460691250),
(101, '201604151143099036', 2, 3, 1, 1, '猴子', '18811367132', '', 1, 2, 6, '猴子也有通州二维码', '18811367132', 0, 0.00, 0.00, 2, 0, '北京通州通州区河里', '0', 0, 0, '0', '', 0, 11, 1112, 111212, 0, 1460691789, 1460691789),
(102, '201604151143165712', 2, 3, 1, 1, '猴子', '18811367132', '', 1, 2, 6, '猴子也有通州二维码', '18811367132', 0, 0.00, 0.00, 2, 0, '北京通州通州区河里', '0', 0, 0, '0', '', 0, 11, 1112, 111212, 0, 1460691796, 1460691796),
(103, '201604151144156281', 1, 1, 1, 1, '姓名', '13901234567', '', 1, 1, 5, '我有通州二维码', '13901234567', 2, 144.00, 129.60, 1, 0, '北京东城东城区地址', '64', 0, 0, '0', '', 0, 11, 1101, 110101, 0, 0, 1460691855),
(104, '201604151146561243', 1, 1, 1, 1, '姓名', '13901234567', '', 1, 1, 5, '我有通州二维码', '13901234567', 1, 50.00, 40.00, 1, 0, '北京东城东城区地址', '0', 34, 0, '0', '', 0, 11, 1101, 110101, 0, 0, 1460692016),
(109, '201604151206413801', 2, 3, 1, 1, '猴子', '18811367132', '', 1, 2, 6, '猴子也有通州二维码', '18811367132', 0, 0.00, 0.00, 2, 0, '北京通州通州区河里', '0', 0, 0, '0', '', 0, 11, 1112, 111212, 0, 1460693201, 1460693201),
(110, '201604151212196298', 2, 3, 1, 1, '猴子', '18811367132', '', 1, 2, 6, '猴子也有通州二维码', '18811367132', 0, 0.00, 0.00, 2, 0, '北京通州通州区河里', '0', 0, 0, '0', '', 0, 11, 1112, 111212, 0, 1460693539, 1460693539),
(111, '201604151212264607', 2, 3, 1, 1, '猴子', '18811367132', '', 1, 2, 6, '猴子也有通州二维码', '18811367132', 0, 0.00, 0.00, 2, 0, '北京通州通州区河里', '0', 0, 0, '0', '', 0, 11, 1112, 111212, 0, 1460693546, 1460693546),
(112, '201604151218274757', 2, 3, 1, 1, '猴子', '18811367132', '', 1, 2, 6, '猴子也有通州二维码', '18811367132', 0, 0.00, 0.00, 2, 0, '北京通州通州区河里', '0', 0, 0, '0', '', 0, 11, 1112, 111212, 0, 1460693907, 1460693907),
(118, '201604151415078233', 2, 3, 1, 1, '猴子', '18811367132', '', 1, 2, 6, '猴子也有通州二维码', '18811367132', 1, 72.00, 72.00, 2, 0, '北京通州通州区河里', '0', 0, 0, '4006252001201604154865251056', '', 0, 11, 1112, 111212, 0, 1460700968, 1460700907),
(120, '201604151538051318', 2, 3, 1, 1, '猴子', '18811367132', '', 1, 2, 6, '猴子也有通州二维码', '18811367132', 1, 72.00, 72.00, 2, 0, '北京通州通州区河里', '0', 0, 0, '4006252001201604154868346713', '', 0, 11, 1112, 111212, 0, 1460705902, 1460705885),
(121, '201604151547485800', 2, 3, 1, 1, '猴子', '18811367132', '', 1, 2, 6, '猴子也有通州二维码', '18811367132', 2, 78.00, 78.00, 2, 0, '北京通州通州区河里', '0', 0, 0, '2016041521001004510277331284', '', 0, 11, 1112, 111212, 0, 1460794289, 1460706468),
(122, '201604151548243448', 2, 3, 1, 1, '猴子', '18811367132', '', 1, 2, 6, '猴子也有通州二维码', '18811367132', 2, 78.00, 77.70, 2, 0, '北京通州通州区河里', '0', 8, 0, '2016041521001004510278112343', '', 0, 11, 1112, 111212, 0, 1460794505, 1460706504),
(126, '201604151603365982', 2, 3, 1, 1, '猴子', '18811367132', '', 1, 2, 6, '猴子也有通州二维码', '18811367132', 2, 459.28, 412.88, 2, 0, '北京通州通州区河里', '53', 0, 0, '2016041521001004510276320125', '', 0, 11, 1112, 111212, 0, 1460795506, 1460707416),
(130, '201604151615542811', 2, 3, 1, 1, '猴子', '18811367132', '', 1, 2, 6, '猴子也有通州二维码', '18811367132', 1, 432.00, 388.80, 2, 0, '北京通州通州区河里', '65', 0, 0, '4006252001201604154868052598', '', 0, 11, 1112, 111212, 0, 1460708207, 1460708154),
(131, '201604151622183519', 2, 2, 1, 1, '猴子', '18811367132', '', 1, 2, 6, '猴子也有通州二维码', '18811367132', 1, 315.00, 315.00, 2, 0, '北京通州通州区河里', '0', 0, 0, '4001292001201604154868956266', '', 0, 11, 1112, 111212, 0, 1460709460, 1460708538),
(132, '201604151625422915', 1, 1, 1, 1, '姓名', '13901234567', '', 1, 1, 5, '我有通州二维码', '13901234567', 1, 105.00, 105.00, 1, 0, '北京东城东城区地址', '0', 0, 0, '0', '', 0, 11, 1101, 110101, 0, 0, 1460708742),
(133, '201604151630147483', 2, 3, 1, 1, '猴子', '18811367132', '', 1, 2, 6, '猴子也有通州二维码', '18811367132', 2, 1575.00, 1575.00, 2, 0, '北京通州通州区河里', '0', 0, 0, '2016041521001004320216323605', '', 0, 11, 1112, 111212, 0, 1460797005, 1460709014),
(135, '201604151658263452', 1, 3, 2, 2, '姓名', '13901234567', '', 1, 2, 5, '我有通州二维码', '13901234567', 2, 42.00, 42.00, 1, 0, '北京东城东城区地址', '0', 0, 0, '2016041521001004140280609401', '', 0, 11, 1101, 110101, 1460710760, 1460798627, 1460710706),
(136, '201604151747478906', 2, 2, 2, 1, '猴子', '18811367132', '', 1, 2, 6, '猴子也有通州二维码', '18811367132', 1, 160.00, 150.00, 2, 1460713691, '北京通州通州区河里', '0', 81, 0, '4001292001201604154871472281', '', 0, 11, 1112, 111212, 1460713731, 1460713677, 1460713667),
(137, '201604151748146607', 1, 2, 1, 1, '姓名', '13901234567', '', 1, 2, 5, '我有通州二维码', '13901234567', 1, 605.00, 605.00, 1, 0, '北京东城东城区地址', '0', 0, 0, '4000052001201604154870293567', '', 0, 11, 1101, 110101, 0, 1460713707, 1460713694),
(138, '201604151752114266', 1, 3, 1, 1, '姓名', '13901234567', '', 1, 2, 5, '我有通州二维码', '13901234567', 2, 380.00, 380.00, 1, 0, '北京东城东城区地址', '0', 0, 0, '2016041521001004140279540874', '', 0, 11, 1101, 110101, 0, 1460801844, 1460713931),
(139, '201604151804383376', 2, 3, 1, 1, '猴子', '18811367132', '', 1, 2, 6, '猴子也有通州二维码', '18811367132', 1, 30.00, 27.00, 2, 0, '北京通州通州区河里', '61', 0, 0, '4001292001201604154872575454', '', 0, 11, 1112, 111212, 0, 1460714686, 1460714678),
(140, '201604151807148908', 2, 3, 1, 1, '猴子', '18811367132', '', 1, 2, 6, '猴子也有通州二维码', '18811367132', 1, 30.00, 27.00, 2, 0, '北京通州通州区河里', '89', 0, 0, '4001292001201604154871806459', '', 0, 11, 1112, 111212, 0, 1460714842, 1460714834),
(141, '201604161152255630', 2, 3, 1, 1, '猴子', '18811367132', '', 1, 2, 6, '猴子也有通州二维码', '18811367132', 1, 40.00, 40.00, 2, 0, '北京通州通州区河里', '0', 0, 0, '4001292001201604164892215780', '', 0, 11, 1112, 111212, 0, 1460778759, 1460778745),
(142, '201604161153349318', 2, 3, 1, 1, '猴子', '18811367132', '', 1, 2, 6, '猴子也有通州二维码', '18811367132', 1, 80.00, 80.00, 2, 0, '北京通州通州区河里', '0', 0, 0, '4001292001201604164893045196', '', 0, 11, 1112, 111212, 0, 1460778823, 1460778814),
(143, '201604161155201409', 2, 3, 1, 1, '猴子', '18811367132', '', 1, 2, 6, '猴子也有通州二维码', '18811367132', 1, 80.00, 80.00, 2, 0, '北京通州通州区河里', '0', 0, 0, '4001292001201604164893079768', '', 0, 11, 1112, 111212, 0, 1460778929, 1460778920),
(145, '201604161441555296', 1, 3, 1, 1, '姓名', '13901234567', '', 1, 2, 5, '我有通州二维码', '13901234567', 1, 80.00, 80.00, 1, 0, '北京东城东城区地址', '0', 0, 0, '4007212001201604164899038865', '', 0, 11, 1101, 110101, 0, 1460788928, 1460788915),
(146, '201604161443226725', 1, 3, 1, 1, '姓名', '13901234567', '', 1, 2, 5, '我有通州二维码', '13901234567', 1, 80.00, 80.00, 1, 0, '北京东城东城区地址', '0', 0, 0, '4007212001201604164897869670', '', 0, 11, 1101, 110101, 0, 1460789026, 1460789002),
(147, '201604161447292835', 1, 3, 1, 1, '姓名', '13901234567', '', 1, 2, 5, '我有通州二维码', '13901234567', 1, 804.00, 804.00, 1, 0, '北京东城东城区地址', '0', 0, 0, '4007212001201604164899118605', '', 0, 11, 1101, 110101, 0, 1460789259, 1460789249),
(148, '201604161448144885', 1, 3, 1, 1, '姓名', '13901234567', '', 1, 2, 5, '我有通州二维码', '13901234567', 1, 160.80, 160.80, 1, 0, '北京东城东城区地址', '0', 0, 0, '4007212001201604164897943864', '', 0, 11, 1101, 110101, 0, 1460789306, 1460789294),
(149, '201604161449336433', 1, 3, 1, 1, '姓名', '13901234567', '', 1, 2, 5, '我有通州二维码', '13901234567', 1, 103.20, 103.20, 1, 0, '北京东城东城区地址', '0', 0, 0, '4007212001201604164899145812', '', 0, 11, 1101, 110101, 0, 1460789383, 1460789373),
(150, '201604161501332640', 1, 3, 1, 1, '姓名', '13901234567', '', 1, 2, 5, '我有通州二维码', '13901234567', 1, 80.00, 80.00, 1, 0, '北京东城东城区地址', '0', 0, 0, '4007212001201604164899316124', '', 0, 11, 1101, 110101, 0, 1460790260, 1460790093),
(151, '201604161504369719', 1, 3, 1, 1, '姓名', '13901234567', '', 1, 2, 5, '我有通州二维码', '13901234567', 1, 80.00, 80.00, 1, 0, '北京东城东城区地址', '0', 0, 0, '4007212001201604164898176283', '', 0, 11, 1101, 110101, 0, 1460790287, 1460790276),
(152, '201604161512507591', 1, 3, 1, 1, '姓名', '13901234567', '', 1, 2, 5, '我有通州二维码', '13901234567', 1, 80.00, 80.00, 1, 0, '北京东城东城区地址', '0', 0, 0, '4007212001201604164899486638', '', 0, 11, 1101, 110101, 0, 1460790828, 1460790770),
(153, '201604161513357171', 1, 3, 1, 1, '姓名', '13901234567', '', 1, 2, 5, '我有通州二维码', '13901234567', 0, 0.00, 0.00, 1, 0, '北京东城东城区地址', '0', 0, 0, '0', '', 0, 11, 1101, 110101, 0, 1460790815, 1460790815),
(154, '201604161538146948', 1, 3, 1, 1, '姓名', '13901234567', '', 1, 2, 5, '我有通州二维码', '13901234567', 1, 80.00, 80.00, 1, 0, '北京东城东城区地址', '0', 0, 0, '4007212001201604164899837767', '', 0, 11, 1101, 110101, 0, 1460792327, 1460792294),
(155, '201604161544329233', 1, 3, 1, 1, '姓名', '13901234567', '', 1, 2, 5, '我有通州二维码', '13901234567', 1, 80.00, 80.00, 1, 0, '北京东城东城区地址', '0', 0, 0, '4007212001201604164900745134', '', 0, 11, 1101, 110101, 0, 1460792698, 1460792672),
(156, '201604161545161742', 1, 3, 1, 1, '姓名', '13901234567', '', 1, 2, 5, '我有通州二维码', '13901234567', 1, 80.00, 80.00, 1, 0, '北京东城东城区地址', '0', 0, 0, '4007212001201604164900761431', '', 0, 11, 1101, 110101, 0, 1460792731, 1460792716),
(157, '201604161622037357', 2, 3, 1, 1, '猴子', '18811367132', '', 1, 2, 6, '猴子也有通州二维码', '18811367132', 1, 80.00, 80.00, 2, 0, '北京通州通州区河里', '0', 0, 0, '4001292001201604164901290314', '', 0, 11, 1112, 111212, 0, 1460794934, 1460794923),
(158, '201604161626294324', 1, 3, 1, 1, '姓名', '13901234567', '', 1, 2, 5, '我有通州二维码', '13901234567', 1, 80.00, 80.00, 1, 0, '北京东城东城区地址', '0', 0, 0, '4000052001201604164902548747', '', 0, 11, 1101, 110101, 0, 1460795200, 1460795189),
(159, '201604161805505893', 1, 2, 1, 1, '姓名', '13901234567', '', 1, 2, 5, '我有通州二维码', '13901234567', 1, 42.00, 42.00, 1, 0, '北京东城东城区地址', '0', 0, 0, '4000052001201604164904143181', '', 0, 11, 1101, 110101, 0, 1460801164, 1460801150),
(160, '201604161807514577', 1, 2, 1, 1, '姓名', '13901234567', '', 1, 2, 5, '我有通州二维码', '13901234567', 1, 195.20, 195.20, 1, 0, '北京东城东城区地址', '0', 0, 0, '4000052001201604164905015423', '', 0, 11, 1101, 110101, 0, 1460801282, 1460801271),
(161, '201604161808544603', 1, 2, 1, 1, '姓名', '13901234567', '', 1, 2, 5, '我有通州二维码', '13901234567', 1, 619.20, 619.20, 1, 0, '北京东城东城区地址', '0', 0, 0, '4000052001201604164904200418', '', 0, 11, 1101, 110101, 0, 1460801343, 1460801334),
(162, '201604161817452250', 2, 3, 1, 1, '猴子', '18811367132', '', 1, 2, 6, '猴子也有通州二维码', '18811367132', 1, 80.00, 80.00, 2, 0, '北京通州通州区河里', '0', 0, 0, '4001292001201604164906355466', '', 0, 11, 1112, 111212, 0, 1460801873, 1460801865),
(163, '201604161831424011', 5, 1, 1, 1, 'xjdj', '13241695211', '', 1, 1, 8, '云飞扬-西城', '18310985370', 2, 5.00, 5.00, 4, 0, '北京东城东城区76676764', '0', 0, 0, '0', '', 0, 11, 1101, 110101, 0, 0, 1460802702),
(164, '201604161832046815', 5, 1, 1, 1, 'xjdj', '13241695211', '', 1, 1, 8, '云飞扬-西城', '18310985370', 1, 5.00, 5.00, 4, 0, '北京东城东城区76676764', '0', 0, 0, '0', '', 0, 11, 1101, 110101, 0, 0, 1460802724),
(165, '201604161834016953', 5, 1, 1, 1, 'xjdj', '13241695211', '', 1, 1, 8, '云飞扬-西城', '18310985370', 1, 5.00, 5.00, 4, 0, '北京东城东城区76676764', '0', 0, 0, '0', '', 0, 11, 1101, 110101, 0, 0, 1460802841),
(166, '201604161842455433', 5, 1, 1, 1, 'xjdj', '13241695211', '', 1, 1, 8, '云飞扬-西城', '18310985370', 1, 5.00, 5.00, 4, 0, '北京东城东城区76676764', '0', 0, 0, '0', '', 0, 11, 1101, 110101, 0, 0, 1460803365),
(168, '201604161847006138', 5, 1, 1, 1, 'xjdj', '13241695211', '', 1, 1, 8, '云飞扬-西城', '18310985370', 1, 5.00, 5.00, 4, 0, '北京东城东城区76676764', '0', 0, 0, '0', '', 0, 11, 1101, 110101, 0, 0, 1460803620),
(169, '201604161859086645', 5, 1, 1, 1, 'xjdj', '13241695211', '', 1, 1, 8, '云飞扬-西城', '18310985370', 1, 5.00, 5.00, 4, 0, '北京东城东城区76676764', '0', 0, 0, '0', '', 0, 11, 1101, 110101, 0, 0, 1460804348),
(170, '201604161901466251', 5, 1, 1, 1, 'xjdj', '13241695211', '', 1, 1, 8, '云飞扬-西城', '18310985370', 1, 5.00, 5.00, 4, 0, '北京东城东城区76676764', '0', 0, 0, '0', '', 0, 11, 1101, 110101, 0, 0, 1460804506),
(171, '201604161914506753', 5, 1, 1, 1, 'xjdj', '13241695211', '', 1, 1, 8, '云飞扬-西城', '18310985370', 1, 10.00, 10.00, 4, 0, '北京东城东城区76676764', '0', 0, 0, '0', '', 0, 11, 1101, 110101, 0, 0, 1460805290),
(172, '201604161917581186', 5, 2, 1, 1, 'xjdj', '13241695211', '', 1, 2, 8, '云飞扬-西城', '18310985370', 1, 5.00, 5.00, 4, 0, '北京东城东城区76676764', '0', 0, 0, '4007212001201604164906240532', '', 0, 11, 1101, 110101, 0, 1460805491, 1460805478),
(173, '201604161930223405', 1, 2, 1, 1, '姓名', '13901234567', '', 1, 2, 5, '我有通州二维码', '13901234567', 1, 1917.60, 1917.60, 1, 0, '北京东城东城区地址', '0', 0, 0, '4000052001201604164908460987', '', 0, 11, 1101, 110101, 0, 1460806233, 1460806222),
(174, '201604162042019211', 2, 3, 1, 1, '猴子', '18811367132', '', 1, 2, 6, '猴子也有通州二维码', '18811367132', 2, 80.00, 80.00, 2, 0, '北京通州通州区河里', '0', 0, 0, '2016041621001004440251895518', '', 0, 11, 1112, 111212, 0, 1460898399, 1460810521),
(175, '201604170733244652', 1, 3, 1, 1, '姓名', '13901234567', '', 1, 2, 5, '我有通州二维码', '13901234567', 1, 125.00, 125.00, 1, 0, '北京东城东城区地址', '0', 0, 0, '4000052001201604174918044423', '', 0, 11, 1101, 110101, 0, 1460849617, 1460849604),
(176, '201604170733573879', 1, 3, 1, 1, '姓名', '13901234567', '', 1, 2, 5, '我有通州二维码', '13901234567', 1, 25.00, 25.00, 1, 0, '北京东城东城区地址', '0', 0, 0, '4000052001201604174918048452', '', 0, 11, 1101, 110101, 0, 1460849648, 1460849637),
(177, '201604170734517762', 1, 3, 1, 1, '姓名', '13901234567', '', 1, 2, 5, '我有通州二维码', '13901234567', 1, 300.00, 300.00, 1, 0, '北京东城东城区地址', '0', 0, 0, '4000052001201604174919100621', '', 0, 11, 1101, 110101, 0, 1460849710, 1460849691),
(178, '201604171058039882', 1, 3, 1, 1, '姓名', '13901234567', '', 1, 2, 5, '我有通州二维码', '13901234567', 1, 420.00, 420.00, 1, 0, '北京东城东城区地址', '0', 0, 0, '4000052001201604174923169547', '', 0, 11, 1101, 110101, 0, 1460861900, 1460861883),
(180, '201604180958429324', 1, 3, 1, 1, '姓名', '13901234567', '', 1, 2, 5, '我有通州二维码', '13901234567', 1, 67.00, 67.00, 1, 0, '北京东城东城区地址', '0', 0, 0, '4000052001201604184952614342', '', 0, 11, 1101, 110101, 0, 1460944737, 1460944722),
(181, '201604181002172747', 1, 3, 1, 1, '姓名', '13901234567', '', 1, 2, 5, '我有通州二维码', '13901234567', 1, 67.00, 67.00, 1, 0, '北京东城东城区地址', '0', 0, 0, '4000052001201604184951645309', '', 0, 11, 1101, 110101, 0, 1460944978, 1460944937),
(182, '201604181010005830', 1, 3, 1, 1, '姓名', '13901234567', '', 1, 2, 5, '我有通州二维码', '13901234567', 2, 67.00, 67.00, 1, 0, '北京东城东城区地址', '0', 0, 0, '2016041821001004140290754600', '', 0, 11, 1101, 110101, 0, 1461033347, 1460945400),
(183, '201604181010231569', 1, 3, 1, 1, '姓名', '13901234567', '', 1, 2, 5, '我有通州二维码', '13901234567', 2, 67.00, 67.00, 1, 0, '北京东城东城区地址', '0', 0, 0, '2016041821001004140290012243', '', 0, 11, 1101, 110101, 0, 1461033342, 1460945423),
(185, '201604181059447557', 2, 3, 1, 1, '猴子', '18811367132', '', 1, 2, 6, '猴子也有通州二维码', '18811367132', 2, 80.00, 80.00, 2, 1460948574, '北京通州通州区河里', '0', 0, 0, '2016041821001004510297883804', '', 0, 11, 1112, 111212, 0, 1461036345, 1460948384),
(186, '201604181110019119', 2, 2, 2, 1, '猴子', '18811367132', '', 1, 2, 6, '猴子也有通州二维码', '18811367132', 1, 80.00, 80.00, 2, 1460949027, '北京通州通州区河里', '0', 0, 0, '4001292001201604184954629002', '', 0, 11, 1112, 111212, 1460949092, 1460949009, 1460949001),
(187, '201604181110128960', 1, 3, 1, 1, '姓名', '13901234567', '', 1, 2, 5, '我有通州二维码', '13901234567', 2, 67.00, 67.00, 1, 0, '北京东城东城区地址', '0', 0, 0, '2016041821001004140289667916', '', 0, 11, 1101, 110101, 0, 1461049701, 1460949012),
(189, '201604181119359352', 2, 3, 1, 1, '猴子', '18811367132', '', 1, 2, 6, '猴子也有通州二维码', '18811367132', 1, 67.00, 67.00, 2, 1460949628, '北京通州通州区河里', '0', 0, 0, '4001292001201604184953774479', '', 0, 11, 1112, 111212, 0, 1460949583, 1460949575),
(190, '201604181121394815', 2, 2, 1, 1, '猴子', '18811367132', '', 1, 2, 6, '猴子也有通州二维码', '18811367132', 1, 67.00, 57.00, 2, 0, '北京通州通州区河里', '0', 85, 0, '4001292001201604184953804251', '', 0, 11, 1112, 111212, 0, 1460949738, 1460949699),
(192, '201604181132273323', 2, 3, 1, 1, '猴子', '18811367132', '', 1, 2, 6, '猴子也有通州二维码', '18811367132', 2, 80.00, 80.00, 2, 1460950832, '北京通州通州区河里', '0', 0, 0, '2016041821001004320242560542', '', 0, 11, 1112, 111212, 0, 1461038302, 1460950347),
(193, '201604181403538408', 2, 3, 1, 1, '猴子', '18811367132', '', 1, 2, 6, '猴子也有通州二维码', '18811367132', 2, 42.00, 42.00, 2, 1460959516, '北京通州通州区河里', '0', 0, 0, '2016041821001004510296907590', '', 0, 11, 1112, 111212, 0, 1461047291, 1460959433),
(194, '201604181430022279', 1, 3, 1, 1, '姓名', '13901234567', '', 1, 2, 5, '我有通州二维码', '13901234567', 2, 80.00, 80.00, 1, 0, '北京东城东城区地址', '0', 0, 0, '2016041821001004140289960881', '', 0, 11, 1101, 110101, 0, 1461049502, 1460961002),
(198, '201604182112284637', 2, 2, 2, 1, '猴子', '18811367132', '', 1, 2, 6, '猴子也有通州二维码', '18811367132', 0, 5.00, 0.00, 2, 0, '北京通州通州区河里', '0', 103, 0, '0', '', 0, 11, 1112, 111212, 1460985175, 1460985148, 1460985148),
(199, '201604182117326856', 1, 1, 1, 1, '姓名', '13901234567', '', 1, 1, 5, '我有通州二维码', '13901234567', 1, 90.00, 22.50, 1, 0, '北京东城东城区地址', '19', 0, 0, '0', '', 0, 11, 1101, 110101, 0, 0, 1460985452),
(200, '201604182215536662', 1, 3, 1, 1, '姓名', '13901234567', '', 1, 2, 5, '我有通州二维码', '13901234567', 1, 35.00, 35.00, 1, 0, '北京东城东城区地址', '0', 0, 0, '4000052001201604184975189834', '', 0, 11, 1101, 110101, 0, 1460988965, 1460988953),
(201, '201604191001565336', 2, 3, 1, 1, '猴子', '18811367132', '', 1, 2, 6, '猴子也有通州二维码', '18811367132', 2, 80.00, 80.00, 2, 0, '北京通州通州区河里', '0', 0, 0, '2016041921001004320242414878', '', 0, 11, 1112, 111212, 0, 1461043908, 1461031316),
(202, '201604191054022330', 1, 3, 1, 1, '姓名', '13901234567', '', 1, 2, 5, '我有通州二维码', '13901234567', 1, 888.00, 888.00, 1, 0, '北京东城东城区地址', '0', 0, 0, '4000052001201604194985012028', '', 0, 11, 1101, 110101, 0, 1461034452, 1461034442),
(203, '201604191412312839', 2, 3, 1, 1, '猴子', '18811367132', '', 1, 2, 6, '猴子也有通州二维码', '18811367132', 2, 20.00, 20.00, 2, 0, '北京通州通州区河里', '0', 0, 0, '2016041921001004510298198014', '', 0, 11, 1112, 111212, 0, 1461058580, 1461046351),
(204, '201604191537479822', 2, 2, 1, 1, '猴子', '18811367132', '', 1, 2, 6, '猴子也有通州二维码', '18811367132', 1, 999.00, 999.00, 2, 0, '北京通州通州区河里', '0', 0, 0, '4001292001201604194994468226', '', 0, 11, 1112, 111212, 0, 1461051490, 1461051467),
(205, '201604191609187916', 2, 2, 1, 1, '猴子', '18811367132', '', 1, 2, 6, '猴子也有通州二维码', '18811367132', 1, 999.00, 999.00, 2, 0, '北京通州通州区河里', '0', 0, 0, '4001292001201604194993894819', '', 0, 11, 1112, 111212, 0, 1461053366, 1461053358),
(206, '201604191610108757', 2, 2, 1, 1, '猴子', '18811367132', '', 1, 2, 6, '猴子也有通州二维码', '18811367132', 1, 999.00, 999.00, 2, 0, '北京通州通州区河里', '0', 0, 0, '4001292001201604194993902916', '', 0, 11, 1112, 111212, 0, 1461053417, 1461053410),
(207, '201604191630523443', 2, 3, 2, 1, '猴子', '18811367132', '', 1, 2, 6, '猴子也有通州二维码', '18811367132', 2, 20.00, 20.00, 2, 0, '北京通州通州区河里', '0', 0, 0, '2016041921001004510201557082', '', 0, 11, 1112, 111212, 1461055068, 1461063130, 1461054652),
(208, '201604191748472099', 2, 3, 2, 2, '猴子', '18811367132', '', 1, 2, 6, '猴子也有通州二维码', '18811367132', 2, 72.00, 54.00, 2, 0, '北京通州通州区河里', '113', 0, 0, '2016041921001004510201308894', '', 0, 11, 1112, 111212, 1461059637, 1461060813, 1461059327),
(209, '201604191808021573', 2, 3, 1, 1, '猴子', '18811367132', '', 1, 2, 6, '猴子也有通州二维码', '18811367132', 0, 999.00, 0.00, 2, 0, '北京通州通州区河里', '0', 0, 0, '0', '', 0, 11, 1112, 111212, 0, 1461060482, 1461060482);

-- --------------------------------------------------------

--
-- 表的结构 `order_record`
--

CREATE TABLE IF NOT EXISTS `order_record` (
  `id` int(10) unsigned NOT NULL AUTO_INCREMENT COMMENT '订单记录表ID',
  `order_id` int(10) NOT NULL COMMENT '订单ID',
  `communication_type` tinyint(1) NOT NULL COMMENT '沟通方式 1.已沟通 2.未沟通',
  `content` varchar(255) NOT NULL COMMENT '原因',
  `type` tinyint(1) NOT NULL COMMENT '1.取消 2.退货 3.关闭 4.退款',
  `user_id` int(8) NOT NULL COMMENT '操作人',
  `why_type` tinyint(1) NOT NULL COMMENT '1.不要\\缺货 2.自提\\配送人员问题 3.配送范围问题 4.质量问题 5.无法自提货品 6.未配送',
  `add_time` int(10) NOT NULL COMMENT '创建时间',
  `refund_num` varchar(64) NOT NULL COMMENT '退款记录号',
  PRIMARY KEY (`id`)
) ENGINE=InnoDB DEFAULT CHARSET=utf8 COMMENT='记录订单退货与取消订单' AUTO_INCREMENT=1 ;

-- --------------------------------------------------------

--
-- 表的结构 `role`
--

CREATE TABLE IF NOT EXISTS `role` (
  `id` int(11) NOT NULL AUTO_INCREMENT COMMENT '角色ID',
  `name` varchar(32) NOT NULL COMMENT '角色名',
  `permission` text NOT NULL COMMENT '权限组',
  `sort` int(11) NOT NULL COMMENT '排序',
  `create_time` int(11) NOT NULL COMMENT '创建时间',
  PRIMARY KEY (`id`)
) ENGINE=InnoDB  DEFAULT CHARSET=utf8 COMMENT='角色表' AUTO_INCREMENT=24 ;

--
-- 转存表中的数据 `role`
--

INSERT INTO `role` (`id`, `name`, `permission`, `sort`, `create_time`) VALUES
(18, '超级管理员', '2,3,4,5,6,7,8,9,10,11,12,13,14,15,16,17,18,19,20,21,22,23,24,25,26,27,28,29,30,31,32,33,34,35,36,37,38,39,40,41,42,43,44,45,46,47,48,49,50,51,52,53,54,55,56,57,58,59,60,61,62,63,64,65,66,67,68,69,70,71,72,73,74,75,76,77,78,79,80,81,82,83,84,85,86,87,88,89,90,91,92,93,94,95,96', 0, 1456280469),
(22, '经销商', '30,81,34,35,36,93,42,88,24,25,2,5,9,10,57,59,63,65,66,70,72', 0, 1458805809),
(23, '商品编辑', '42,43,44,45,46,52,53,54,55,56,47,48,49,50,51,76,77,78,79,80,57,58,59,60,61,62,63,64,65,66,67,68,69,70,71,72,73,74,75', 0, 1458815566);

-- --------------------------------------------------------

--
-- 表的结构 `users`
--

CREATE TABLE IF NOT EXISTS `users` (
  `id` int(10) unsigned NOT NULL AUTO_INCREMENT,
  `userName` varchar(150) NOT NULL DEFAULT '' COMMENT '用户名',
  `account` char(11) NOT NULL COMMENT '电话',
  `password` varchar(150) NOT NULL COMMENT '密码',
  `email` varchar(150) NOT NULL COMMENT '邮箱',
  `comName` varchar(150) NOT NULL COMMENT '单位名称',
  `province` int(10) unsigned NOT NULL DEFAULT '0' COMMENT '省份',
  `city` int(10) unsigned NOT NULL COMMENT '市',
  `area` int(10) unsigned NOT NULL COMMENT '区',
  `address` varchar(255) NOT NULL COMMENT '详细地址',
  `avatar` varchar(150) NOT NULL COMMENT '头像',
  `telphone` char(11) NOT NULL DEFAULT '' COMMENT '联系电话',
  `updateTime` timestamp NOT NULL DEFAULT CURRENT_TIMESTAMP ON UPDATE CURRENT_TIMESTAMP COMMENT '更新时间',
  `createTime` int(11) NOT NULL DEFAULT '0' COMMENT '创建时间',
  `cid` int(10) unsigned NOT NULL COMMENT '经销商id',
  `user_type` tinyint(1) DEFAULT '0' COMMENT '1:普通用户 2:月结用户',
  `refundTime` tinyint(1) DEFAULT '0' COMMENT '还款日 1:1号 2:10号 3:20号',
  `refundRules` tinyint(1) DEFAULT '0' COMMENT '还款日 1:1号 2:10号 3:20号',
  `refundMoney` decimal(10,2) DEFAULT '0.00' COMMENT '订单上限金额',
  `auditTime` int(11) NOT NULL COMMENT '审核时间',
  `auditType` tinyint(1) NOT NULL DEFAULT '0' COMMENT '0审核中 1不通过 2通过 3拉黑',
  `auditContent` varchar(160) NOT NULL COMMENT '审核不过原因',
  `device_token` varchar(160) DEFAULT NULL COMMENT '设备号',
  PRIMARY KEY (`id`)
) ENGINE=InnoDB  DEFAULT CHARSET=utf8 AUTO_INCREMENT=8 ;

--
-- 转存表中的数据 `users`
--

INSERT INTO `users` (`id`, `userName`, `account`, `password`, `email`, `comName`, `province`, `city`, `area`, `address`, `avatar`, `telphone`, `updateTime`, `createTime`, `cid`, `user_type`, `refundTime`, `refundRules`, `refundMoney`, `auditTime`, `auditType`, `auditContent`, `device_token`) VALUES
(1, '姓名', '13811734626', 'e10adc3949ba59abbe56e057f20f883e', '', '名称', 11, 1102, 110202, '地址', '', '13901234567', '2016-04-18 12:56:39', 1460533549, 5, 1, 0, 0, 0.00, 1460534025, 2, '', 'AoC5qbkpqt_nXx-xAwZlJkiS3USpGy8pdrqcxaiaZxpl'),
(2, '侯懿', '18811367132', '4df8f8e26c2b951a6544236ee620f1b4', '', '阿凡达卖冰棍', 11, 1112, 111212, '河里', '', '18811367111', '2016-04-19 03:10:06', 1460533854, 6, 1, 0, 0, 0.00, 1460535909, 2, '', 'An8W7YyYCBjqYlKyVLz4Cn7zykPEyXzRR9Oo07DS75uB'),
(3, '岩小妞', '15101027601', '670b14728ad9902aecba32e22fa4f6bd', '291923352@qq.com', '岩小妞', 11, 1112, 111212, '玉带河东街运河明珠家园', '', '15101027601', '2016-04-13 09:28:06', 1460539571, 4, 0, 0, 0, 0.00, 0, 0, '', 'AgpLjyTxdCy2sLyGveA4oo1yHnXfIoUg4CPJptmIuP6D'),
(4, '王鑫柳', '15122969059', '9cbf8a4dcb8e30682b927f352d6559a0', '', '', 11, 1112, 111212, '北京市通州区玉带河东街运河明珠小区', '', '15122969059', '2016-04-14 03:36:13', 1460604829, 6, 1, 0, 0, 0.00, 1460604930, 2, '', 'AtbBtAIiV8_7ymEYS9NFL-Atk1qXov42InR5fIGqPQP_'),
(5, '', '18310985370', 'e10adc3949ba59abbe56e057f20f883e', '', '', 0, 0, 0, '', '', '', '2016-04-19 02:46:42', 1460623174, 8, 1, 0, 0, 0.00, 1460623934, 2, '', 'AiqxlWmMtuc02iSVaNmLW8y_6zghT7kqPgOBgFHyv-zM'),
(6, '王晏', '18611689150', '9aed8c49d530018cd7d297e8e6f33bc3', '', '王晏测试', 11, 1101, 110101, '报房胡同60', '', '18611689150', '2016-04-16 02:14:27', 1460772820, 6, 0, 0, 0, 0.00, 0, 0, '', NULL),
(7, '', '15025309652', 'e10adc3949ba59abbe56e057f20f883e', '', '', 0, 0, 0, '', '', '', '2016-04-19 09:50:16', 1461059416, 0, 0, 0, 0, 0.00, 0, 0, '', NULL);

-- --------------------------------------------------------

--
-- 表的结构 `user_account`
--

CREATE TABLE IF NOT EXISTS `user_account` (
  `id` int(10) unsigned NOT NULL AUTO_INCREMENT COMMENT 'id',
  `user_id` int(10) NOT NULL COMMENT '用户ID',
  `refund_time` int(11) NOT NULL COMMENT '付款日',
  `status` tinyint(1) NOT NULL DEFAULT '0' COMMENT '账单状态 0未结 1已结',
  `money` char(32) NOT NULL COMMENT '金额',
  `orderAll` varchar(255) NOT NULL COMMENT '关联的订单',
  `create_time` int(11) NOT NULL COMMENT '创建时间',
  `end_time` int(11) DEFAULT NULL COMMENT '结束时间',
  PRIMARY KEY (`id`)
) ENGINE=InnoDB DEFAULT CHARSET=utf8 COMMENT='账单表' AUTO_INCREMENT=1 ;

-- --------------------------------------------------------

--
-- 表的结构 `user_address`
--

CREATE TABLE IF NOT EXISTS `user_address` (
  `id` int(10) unsigned NOT NULL AUTO_INCREMENT COMMENT '地址表ID',
  `user_id` int(10) NOT NULL COMMENT '用户ID',
  `user_name` varchar(60) NOT NULL COMMENT '用户名',
  `phone` char(11) NOT NULL COMMENT '手机号',
  `state` int(1) NOT NULL DEFAULT '0' COMMENT '默认 0:否 1:是',
  `province_id` int(6) NOT NULL COMMENT '省ID',
  `city_id` int(6) NOT NULL COMMENT '市ID',
  `area_id` int(6) NOT NULL COMMENT '区ID',
  `street` varchar(120) NOT NULL COMMENT '街道',
  `address` varchar(255) NOT NULL COMMENT '详细地址',
  `longitude` double(10,6) NOT NULL COMMENT '经度',
  `latitude` double(10,6) NOT NULL COMMENT '纬度',
  `create_time` int(11) NOT NULL COMMENT '创建时间',
  `updateTime` timestamp NOT NULL DEFAULT CURRENT_TIMESTAMP COMMENT '修改时间',
  PRIMARY KEY (`id`)
) ENGINE=MyISAM  DEFAULT CHARSET=utf8 COMMENT='地址列表' AUTO_INCREMENT=5 ;

--
-- 转存表中的数据 `user_address`
--

INSERT INTO `user_address` (`id`, `user_id`, `user_name`, `phone`, `state`, `province_id`, `city_id`, `area_id`, `street`, `address`, `longitude`, `latitude`, `create_time`, `updateTime`) VALUES
(1, 1, '姓名', '13901234567', 1, 11, 1101, 110101, '', '地址', 0.000000, 0.000000, 1460536553, '2016-04-13 08:35:53'),
(2, 2, '猴子', '18811367132', 1, 11, 1112, 111212, '', '河里', 0.000000, 0.000000, 1460536733, '2016-04-13 08:38:53'),
(3, 4, '王鑫柳', '15122969059', 1, 11, 1112, 111212, '', '北京市通州区玉带河东街运河明珠小区2号院2号楼', 0.000000, 0.000000, 1460605263, '2016-04-14 03:41:03'),
(4, 5, 'xjdj', '13241695211', 1, 11, 1101, 110101, '', '76676764', 0.000000, 0.000000, 1460802696, '2016-04-16 10:31:36');

-- --------------------------------------------------------

--
-- 表的结构 `warehouse`
--

CREATE TABLE IF NOT EXISTS `warehouse` (
  `id` int(10) unsigned NOT NULL AUTO_INCREMENT COMMENT 'id',
  `warehousename` varchar(120) NOT NULL COMMENT '经销商名称',
  `contact` varchar(20) NOT NULL COMMENT '联系人',
  `mobile` varchar(40) NOT NULL COMMENT '电话',
  `email` varchar(120) DEFAULT NULL COMMENT '邮箱',
  `status` tinyint(1) NOT NULL DEFAULT '1' COMMENT '状态 1正常 0不正常',
  `describe` varchar(255) NOT NULL COMMENT '经销商描述',
  `codeImg` char(32) NOT NULL COMMENT '二维码',
  `province_id` int(10) NOT NULL COMMENT '省',
  `city_id` int(10) NOT NULL COMMENT '市',
  `area_id` int(10) NOT NULL COMMENT '区',
  `address` varchar(160) NOT NULL COMMENT '详细地址',
  `company_id` int(7) NOT NULL COMMENT '分公司',
  `create_time` int(11) NOT NULL COMMENT '创建时间',
  PRIMARY KEY (`id`)
) ENGINE=InnoDB  DEFAULT CHARSET=utf8 COMMENT='经销商' AUTO_INCREMENT=9 ;

--
-- 转存表中的数据 `warehouse`
--

INSERT INTO `warehouse` (`id`, `warehousename`, `contact`, `mobile`, `email`, `status`, `describe`, `codeImg`, `province_id`, `city_id`, `area_id`, `address`, `company_id`, `create_time`) VALUES
(2, '总公司直营经销商', '李志', '18500331195', 'jason@suxin8.com', 0, '1', '05eb6329d1856b5c2701b24918a2d87b', 0, 0, 0, '', 1, 1460621979),
(3, '通州经销商', '上帝', '13901234567', '1', 0, '1', 'e7f7b1d26bea8aeacea15981602cafbe', 0, 0, 0, '', 65, 1460621936),
(4, '北京市半塔董振堂物流有限公司', '崔慧娟', '13901234567', '139@bingtuanwang.com', 1, '北京市通州区九棵树11号肉联厂院内\r\n', 'f362b36b0ddc80ad4562c8854e258041', 0, 0, 0, '', 65, 1460532350),
(5, '我有通州二维码', '无', '13901234567', '1@2.com', 1, '1', 'a7f378f3e44167e1cd5d2bce7deb2413', 0, 0, 0, '', 65, 1460622014),
(6, '猴子也有通州二维码', '知春路', '18811367132', 'fred53748500', 1, '侯懿也有二维码  通州分公司的', '1abb0e7a09b78b565c2ab52a6cba7e92', 0, 0, 0, '', 65, 1460622023),
(7, '猴子西城经销商', '猴子', '18811367132', '1', 1, '1', 'a0e6017f0cd417d545a7af0436a8d0fa', 0, 0, 0, '', 66, 1460622041),
(8, '云飞扬-西城', '丁伟', '18310985370', '1157366822@qq.com', 1, '西城分公司总经销商', '92ad220d15282fd003f52bc53027cfb0', 0, 0, 0, '', 66, 1460622055);

-- --------------------------------------------------------

--
-- 表的结构 `warehouse_account`
--

CREATE TABLE IF NOT EXISTS `warehouse_account` (
  `id` int(10) unsigned NOT NULL AUTO_INCREMENT COMMENT 'id',
  `wid` int(10) NOT NULL COMMENT '经销商ID',
  `refund_day` int(11) NOT NULL COMMENT '付款日',
  `status` tinyint(1) NOT NULL DEFAULT '0' COMMENT '账单状态 0未结 1已结',
  `money` char(32) NOT NULL COMMENT '金额',
  `orderAll` text NOT NULL COMMENT '关联的订单',
  `create_time` int(11) NOT NULL COMMENT '创建时间',
  `end_time` int(11) NOT NULL COMMENT '结束时间',
  `refund_time` int(11) NOT NULL COMMENT '付款时间',
  PRIMARY KEY (`id`)
) ENGINE=InnoDB  DEFAULT CHARSET=utf8 COMMENT='经销商账单表' AUTO_INCREMENT=15 ;

--
-- 转存表中的数据 `warehouse_account`
--

INSERT INTO `warehouse_account` (`id`, `wid`, `refund_day`, `status`, `money`, `orderAll`, `create_time`, `end_time`, `refund_time`) VALUES
(1, 3, 0, 0, '3.00', '1', 1459440000, 1459526399, 0),
(2, 3, 0, 0, '0.00', '9', 1459699200, 1459785599, 0),
(3, 6, 0, 0, '0.01', '38', 1459785600, 1459871999, 0),
(4, 3, 0, 0, '0.00', '60', 1459872000, 1459958399, 0),
(5, 8, 0, 0, '9.00', '122', 1460044800, 1460131199, 0),
(6, 6, 0, 0, '0.00', '184', 1460131200, 1460217599, 0),
(7, 2, 0, 0, '0.01', '191', 1460390400, 1460476799, 0),
(8, 5, 0, 0, '0.00', '4', 1460476800, 1460563199, 0),
(9, 5, 0, 0, '0.00', '19', 1460563200, 1460649599, 0),
(10, 5, 0, 0, '42.00', '77', 1460649600, 1460735999, 0),
(11, 6, 0, 0, '40.00', '141', 1460736000, 1460822399, 0),
(12, 5, 0, 0, '125.00', '175', 1460822400, 1460908799, 0),
(13, 5, 0, 0, '67.00', '180', 1460908800, 1460995199, 0),
(14, 6, 0, 0, '80.00', '201', 1460995200, 1461081599, 0);

/*!40101 SET CHARACTER_SET_CLIENT=@OLD_CHARACTER_SET_CLIENT */;
/*!40101 SET CHARACTER_SET_RESULTS=@OLD_CHARACTER_SET_RESULTS */;
/*!40101 SET COLLATION_CONNECTION=@OLD_COLLATION_CONNECTION */;
